تعداد	انگریزی لیبل	موجودہ اردو	شک کی وجہ
219	chill, during	سردی (کپکپی) کے دوران	قوسین
196	on agg.	پر بگاڑ	حرفِ اضافت سے شروع
64	from agg.	سے بگاڑ	حرفِ اضافت سے شروع
46	in agg.	میں بگاڑ	حرفِ اضافت سے شروع
36	wine, after	شراب (انگوری) کے بعد	قوسین
21	tension	کھنچاؤ (تناؤ)	قوسین
20	noise agg.	آواز (شور) سے بگاڑ	قوسین
18	air, open, in	کھلی ہوے میں	ٹوٹا لفظ
17	thin	پتلا (باریک)	قوسین
15	open air amel.	کھلی ہوے سے آرام	ٹوٹا لفظ
14	open air, in	کھلی ہوے میں	ٹوٹا لفظ
14	cold air agg.	ٹھنڈی ہوے سے بگاڑ	ٹوٹا لفظ
13	wine agg.	شراب (انگوری) سے بگاڑ	قوسین
12	cold air, in	ٹھنڈی ہوے میں	ٹوٹا لفظ
12	air, open, agg.	کھلی ہوے سے بگاڑ	ٹوٹا لفظ
11	on, amel.	پر آرام	حرفِ اضافت سے شروع
11	after dinner	بڑا کھانا (پیٹ بھر) کے بعد	قوسین
10	on back agg.	پیٹھ پر سے بگاڑ	دو حرفِ اضافت ساتھ: پر سے
9	chill, before	سردی (کپکپی) سے پہلے	قوسین
9	speaking, while	بولنا (گفتگو) کے دوران	قوسین
9	bending backward	موڑنا پیچھے کو	فعل پہلے، اسم بعد · آخر میں کو
9	cold air amel.	ٹھنڈی ہوے سے آرام	ٹوٹا لفظ
9	bending forward	موڑنا آگے کو	فعل پہلے، اسم بعد · آخر میں کو
9	on back amel.	پیٹھ پر سے آرام	دو حرفِ اضافت ساتھ: پر سے
8	in, amel.	میں آرام	حرفِ اضافت سے شروع
8	in open air, while	کھلی ہوا میں کے دوران	دو حرفِ اضافت ساتھ: میں کے
8	open air agg.	کھلی ہوے سے بگاڑ	ٹوٹا لفظ
8	erection, during	تناؤ (عضو کا) کے دوران	قوسین
7	of head	سر کا	آخر میں کا
7	on back, amel.	پیٹھ پر سے آرام	دو حرفِ اضافت ساتھ: پر سے
7	air, cold	ہوا سردی	صفت اسم کے بعد؟
7	bending, forward	موڑنا آگے کو	فعل پہلے، اسم بعد · آخر میں کو
7	inspiration, deep	سانس اندر لینا گہرا	صفت اسم کے بعد؟
7	colic, with	مروڑ (پیٹ کا) کے ساتھ	قوسین
7	continued, amel.	مسلسل رہنے والے سے آرام	دو حرفِ اضافت ساتھ: والے سے
6	continued amel.	مسلسل رہنے والے سے آرام	دو حرفِ اضافت ساتھ: والے سے
6	respiration, deep	سانس گہرا	صفت اسم کے بعد؟
6	colic, during	مروڑ (پیٹ کا) کے دوران	قوسین
6	backward, amel.	پیچھے کو سے آرام	دو حرفِ اضافت ساتھ: کو سے
5	cold air, from	ٹھنڈی ہوے سے	ٹوٹا لفظ
5	bed, in, agg.	بستر میں سے بگاڑ	دو حرفِ اضافت ساتھ: میں سے
5	rest amel.	آرام (سکون) سے آرام	قوسین
5	eructation amel.	ڈکار (ایک) سے آرام	قوسین
5	on side agg.	پہلو پر سے بگاڑ	دو حرفِ اضافت ساتھ: پر سے
5	bent agg.	جھکا ہوے سے بگاڑ	ٹوٹا لفظ
5	bent, amel.	جھکا ہوے سے آرام	ٹوٹا لفظ
5	backward agg.	پیچھے کو سے بگاڑ	دو حرفِ اضافت ساتھ: کو سے
5	bending knee	موڑنا گھٹنا	دو مصدر
5	in open air, after	کھلی ہوا میں کے بعد	دو حرفِ اضافت ساتھ: میں کے
5	rest agg.	آرام (سکون) سے بگاڑ	قوسین
5	reading aloud	پڑھنا بلند آواز	فعل پہلے، اسم بعد
4	room, in, agg.	کمرے میں سے بگاڑ	دو حرفِ اضافت ساتھ: میں سے
4	air, in open, amel.	کھلی ہوا میں سے آرام	دو حرفِ اضافت ساتھ: میں سے
4	bed, while in	بستر میں کے دوران	دو حرفِ اضافت ساتھ: میں کے
4	contradiction, after	اختلاف (مخالفت) کے بعد	قوسین
4	lying while	لیٹنا کرتے ہوئے	فعل پہلے، اسم بعد
4	cold air, amel.	ٹھنڈی ہوے سے آرام	ٹوٹا لفظ
4	forward amel.	آگے کو سے آرام	دو حرفِ اضافت ساتھ: کو سے
4	moving head agg.	ہلنا سر سے بگاڑ	فعل پہلے، اسم بعد
4	walking, open air, in	چلنا کھلی ہوے میں	ٹوٹا لفظ
4	candlelight, by	موم بتی کی روشنی سے (ذریعے)	قوسین
4	on left side amel.	بایاں پہلو پر سے آرام	دو حرفِ اضافت ساتھ: پر سے
4	dinner, before	بڑا کھانا (پیٹ بھر) سے پہلے	قوسین
4	food agg.	کھانا (غذا) سے بگاڑ	فعل پہلے، اسم بعد · قوسین
4	on abdomen, amel.	پیٹ پر سے آرام	دو حرفِ اضافت ساتھ: پر سے
4	on abdomen amel.	پیٹ پر سے آرام	دو حرفِ اضافت ساتھ: پر سے
4	forward agg.	آگے کو سے بگاڑ	دو حرفِ اضافت ساتھ: کو سے
4	forward, amel.	آگے کو سے آرام	دو حرفِ اضافت ساتھ: کو سے
4	on painful side agg.	دردناک پہلو پر سے بگاڑ	دو حرفِ اضافت ساتھ: پر سے
4	around about	کے بارے میں کے گرد	دو حرفِ اضافت ساتھ: میں کے
3	from bed, on	بستر سے پر	دو حرفِ اضافت ساتھ: سے پر
3	sitting bent	بیٹھنا جھکا ہوا	فعل پہلے، اسم بعد
3	of sun	دھوپ کا	آخر میں کا
3	of arms	بازو کا	آخر میں کا
3	rest, amel.	آرام (سکون) سے آرام	قوسین
3	root of nose, to	ناک تک کا جڑ	دو حرفِ اضافت ساتھ: تک کا
3	walking, in open air amel.	چلنا کھلی ہوا میں سے آرام	فعل پہلے، اسم بعد · دو حرفِ اضافت ساتھ: میں سے
3	from, amel.	سے آرام	حرفِ اضافت سے شروع
3	walking about amel.	چلنا کے بارے میں سے آرام	فعل پہلے، اسم بعد · دو حرفِ اضافت ساتھ: میں سے
3	room, in, amel.	کمرے میں سے آرام	دو حرفِ اضافت ساتھ: میں سے
3	wine, amel.	شراب (انگوری) سے آرام	قوسین
3	looking up	دیکھنا اوپر کی جانب	فعل پہلے، اسم بعد
3	inspiration, deep, on	سانس اندر لینا گہرے پر	صفت اسم کے بعد؟
3	before, agg.	سے پہلے بگاڑ	حرفِ اضافت سے شروع
3	warm food agg.	گرم کھانا (غذا) سے بگاڑ	قوسین
3	open air, amel.	کھلی ہوے سے آرام	ٹوٹا لفظ
3	on painful side amel.	دردناک پہلو پر سے آرام	دو حرفِ اضافت ساتھ: پر سے
3	wind agg.	ہوا (تیز) سے بگاڑ	قوسین
3	in cold agg.	سردی میں سے بگاڑ	دو حرفِ اضافت ساتھ: میں سے
3	in cold, amel.	سردی میں سے آرام	دو حرفِ اضافت ساتھ: میں سے
3	rising, on, amel.	اٹھنے پر سے آرام	دو حرفِ اضافت ساتھ: پر سے
3	swallowing, when not	نگلنا جب نہ ہو	فعل پہلے، اسم بعد
3	bending forward, amel.	موڑنا آگے کو سے آرام	فعل پہلے، اسم بعد · دو حرفِ اضافت ساتھ: کو سے
3	sour food, after	کھٹا کھانا (غذا) کے بعد	قوسین
3	cold food, after	سردی کھانا (غذا) کے بعد	قوسین
3	breathing, deep	سانس لینا گہرا	صفت اسم کے بعد؟
3	throat-pit, in, from	گلے کا گڑھے میں سے	دو حرفِ اضافت ساتھ: میں سے
3	in trachea, from	ہوئے کی نالی میں سے	دو حرفِ اضافت ساتھ: میں سے
3	wine amel.	شراب (انگوری) سے آرام	قوسین
3	while sitting bent	بیٹھنا جھکا ہوے کے دوران	ٹوٹا لفظ
3	moving arm agg.	ہلنا بازو سے بگاڑ	فعل پہلے، اسم بعد
3	wind, as from	ہوئے (تیز) جیسے کسی سے	قوسین
3	bent amel.	جھکا ہوے سے آرام	ٹوٹا لفظ
3	hanging down, while	لٹکانے پر کے دوران	دو حرفِ اضافت ساتھ: پر کے
3	of feet	پاؤں کا	آخر میں کا
3	on painful side, amel.	دردناک پہلو پر سے آرام	دو حرفِ اضافت ساتھ: پر سے
2	alternating with colic	باری باری مروڑ (پیٹ کا) کے ساتھ	قوسین
2	alternating with melancholy	باری باری سودا (اداسی) کے ساتھ	قوسین
2	bed, in, amel.	بستر میں سے آرام	دو حرفِ اضافت ساتھ: میں سے
2	company, while in	صحبت میں کے دوران	دو حرفِ اضافت ساتھ: میں کے
2	while at work	کام پر کے دوران	دو حرفِ اضافت ساتھ: پر کے
2	on right side, amel.	دایاں پہلو پر سے آرام	دو حرفِ اضافت ساتھ: پر سے
2	ice, as from	برف (ٹکڑا) جیسے کسی سے	قوسین
2	side, on, amel.	پہلو پر سے آرام	دو حرفِ اضافت ساتھ: پر سے
2	air, cold, amel.	ہوا سردی سے آرام	صفت اسم کے بعد؟
2	extending to nape	گدی (گردن) کی طرف پھیلتا	قوسین
2	talking loud	بولنا اونچی آواز	فعل پہلے، اسم بعد
2	air, open agg.	کھلی ہوے سے بگاڑ	ٹوٹا لفظ
2	of eyes	آنکھیوں کا	آخر میں کا
2	thinking of it amel.	اس کا خیال آنے پر سے آرام	دو حرفِ اضافت ساتھ: پر سے · ضمیر لفظی
2	fall, after a	گرنا (گرنے کا خدشہ) کے بعد	قوسین
2	flatus, emission of, amel.	ریاح احتلام سے آرام کا	آخر میں کا
2	in cold wind	سردی ہوئے (تیز) میں	قوسین
2	foreign body, as if	باہر کی چیز (کا احساس) گویا	قوسین
2	uncovering body amel.	کھولنا جسم سے آرام	فعل پہلے، اسم بعد
2	air, open amel.	کھلی ہوے سے آرام	ٹوٹا لفظ
2	bending backwards agg.	موڑنا پیچھے کی طرف سے بگاڑ	فعل پہلے، اسم بعد
2	damp, cold	نم سردی	صفت اسم کے بعد؟
2	back, on, amel.	پیٹھ پر سے آرام	دو حرفِ اضافت ساتھ: پر سے
2	moving eyes agg.	ہلنا آنکھیوں سے بگاڑ	فعل پہلے، اسم بعد
2	dry, cold	خشک سردی	صفت اسم کے بعد؟
2	house, in, amel.	گھر میں سے آرام	دو حرفِ اضافت ساتھ: میں سے
2	walking rapidly, while	چلنا تیزی سے کے دوران	دو حرفِ اضافت ساتھ: سے کے
2	in cold water amel.	ٹھنڈا پانی میں سے آرام	دو حرفِ اضافت ساتھ: میں سے
2	foreign body, as from	باہر کی چیز (کا احساس) جیسے کسی سے	قوسین
2	of conjunctiva	آشوبی جھلی کا	آخر میں کا
2	looking downward	دیکھنا نیچے کی طرف	فعل پہلے، اسم بعد
2	eruption, suppressed, after	دانے (اخراج) دبی ہوئی کے بعد	قوسین
2	sitting, up in bed amel.	بیٹھنا بستر میں اٹھ کر سے آرام	فعل پہلے، اسم بعد
2	rising, stooping	اٹھنا جھکنا	دو مصدر
2	extending to nape of neck	گردن کا گدی (گردن) کی طرف پھیلتا	قوسین
2	labor pains, during	دردِ زہ درد (جمع) کے دوران	قوسین
2	from a draft of	ایک ہوا کا جھونکے سے کا	دو حرفِ اضافت ساتھ: سے کا
2	of tip	سرے کا	آخر میں کا
2	quiet amel.	خاموش (پرسکون) سے آرام	قوسین
2	on face amel.	چہرے پر سے آرام	دو حرفِ اضافت ساتھ: پر سے
2	menses, at beginning of	حیض شروع میں کا	دو حرفِ اضافت ساتھ: میں کا
2	in bed agg.	بستر میں سے بگاڑ	دو حرفِ اضافت ساتھ: میں سے
2	lying, on back amel.	لیٹنا پیٹھ پر سے آرام	فعل پہلے، اسم بعد · دو حرفِ اضافت ساتھ: پر سے
2	swallowing, saliva	نگلنا لعابِ دہن	فعل پہلے، اسم بعد
2	thinking about it, on	اس کے بارے میں سوچنے پر	ضمیر لفظی
2	during pain in	درد میں کے دوران	دو حرفِ اضافت ساتھ: میں کے
2	odor of, agg.	بو سے بگاڑ کا	آخر میں کا
2	on left side, amel.	بایاں پہلو پر سے آرام	دو حرفِ اضافت ساتھ: پر سے
2	on side, amel.	پہلو پر سے آرام	دو حرفِ اضافت ساتھ: پر سے
2	bending, double amel.	موڑنا دوہرے سے آرام	فعل پہلے، اسم بعد
2	sitting bent agg.	بیٹھنا جھکا ہوے سے بگاڑ	ٹوٹا لفظ · فعل پہلے، اسم بعد
2	inspiration, deep, agg.	سانس اندر لینا گہرے سے بگاڑ	صفت اسم کے بعد؟
2	boiled, after	ابلا ہوے کے بعد	ٹوٹا لفظ
2	to, sternum	تک چھاتی کی ہڈی	حرفِ اضافت سے شروع
2	warm food amel.	گرم کھانا (غذا) سے آرام	قوسین
2	sour wine, after	کھٹا شراب (انگوری) کے بعد	قوسین
2	speaking loud	بولنا (گفتگو) اونچی آواز	فعل پہلے، اسم بعد · قوسین
2	urging to, with	حاجت (زور) تک کے ساتھ	دو حرفِ اضافت ساتھ: تک کے · قوسین
2	speaking, after	بولنا (گفتگو) کے بعد	قوسین
2	urging, during	حاجت (زور) کے دوران	قوسین
2	after getting	ہونا (پہنچنا) کے بعد	قوسین
2	retention, with	رکاوٹ (پیشاب کی) کے ساتھ	قوسین
2	erections, with	تناؤ (عضو کا) کے ساتھ	قوسین
2	thinking of it, when	جب اس کا خیال آنے پر	ضمیر لفظی
2	erections, during	تناؤ (عضو کا) کے دوران	قوسین
2	urging, with	حاجت (زور) کے ساتھ	قوسین
2	eruption, after	دانے (اخراج) کے بعد	قوسین
2	suppressed eruption, after	دبی ہوئی دانے (اخراج) کے بعد	قوسین
2	erections, after	تناؤ (عضو کا) کے بعد	قوسین
2	joy, excessive	خوشی حد سے زیادہ	صفت اسم کے بعد؟
2	acrid, excoriating	تیز (جلانے والا) جلد چھیلنے والا	قوسین
2	girls, little	لڑکیاں تھوڑا	صفت اسم کے بعد؟
2	moving feet amel.	ہلنا پاؤں سے آرام	فعل پہلے، اسم بعد
2	on right side amel.	دایاں پہلو پر سے آرام	دو حرفِ اضافت ساتھ: پر سے
2	6 p.m., expectoration of mucus, amel.	لعاب (بلغمی مادہ) کا سہ پہر ۶ بجے بلغم سے آرام	قوسین
2	sitting upright amel.	بیٹھنا سیدھے سے آرام	فعل پہلے، اسم بعد
2	lying, on side amel.	لیٹنا پہلو پر سے آرام	فعل پہلے، اسم بعد · دو حرفِ اضافت ساتھ: پر سے
2	sensation of, in trachea, from	احساس ہوئے کی نالی میں سے	دو حرفِ اضافت ساتھ: میں سے
2	larynx, in, from	حنجرے میں سے	دو حرفِ اضافت ساتھ: میں سے
2	drinking water amel.	پینا پانی سے آرام	فعل پہلے، اسم بعد
2	in larynx, from	حنجرے میں سے	دو حرفِ اضافت ساتھ: میں سے
2	heart, in region of	دل میں کا حصہ کا	دو حرفِ اضافت ساتھ: میں کا
2	walking slowly amel.	چلنا آہستے سے آرام	فعل پہلے، اسم بعد
2	sideways agg.	ایک طرف کو سے بگاڑ	دو حرفِ اضافت ساتھ: کو سے
2	breath, at every	سانس (دم) ہر پر	قوسین
2	on right side agg.	دایاں پہلو پر سے بگاڑ	دو حرفِ اضافت ساتھ: پر سے
2	in the open air, after	کھلی ہوا میں کے بعد	دو حرفِ اضافت ساتھ: میں کے
2	of, head	سر کا	آخر میں کا
2	from, seat	سے نشست	حرفِ اضافت سے شروع
2	while at rest	آرام (سکون) پر کے دوران	دو حرفِ اضافت ساتھ: پر کے · قوسین
2	bending backwards	موڑنا پیچھے کی طرف	فعل پہلے، اسم بعد
2	bending, to left	موڑنا بائیں طرف	فعل پہلے، اسم بعد
2	moving about amel.	ہلنا کے بارے میں سے آرام	فعل پہلے، اسم بعد · دو حرفِ اضافت ساتھ: میں سے
2	heat of, face, with	گرمی چہرے کے ساتھ کا	دو حرفِ اضافت ساتھ: ساتھ کا · آخر میں کا
2	extending leg	پھیلتا ہوا ٹانگ (گھٹنے سے نیچے)	قوسین
2	during rest	آرام (سکون) کے دوران	قوسین
2	using it	یے استعمال کرنا	ٹوٹا لفظ
2	bath, warm, after	غسل گرم کے بعد	صفت اسم کے بعد؟
2	to, wrist	تک کلائی	حرفِ اضافت سے شروع
2	from a seat, on	کرسی سے پر	دو حرفِ اضافت ساتھ: سے پر
2	flexing leg amel.	موڑنا ٹانگ (گھٹنے سے نیچے) سے آرام	فعل پہلے، اسم بعد · قوسین
2	wind, before a heavy	ہوئے (تیز) ایک بھاری سے پہلے	قوسین
2	moving arm, amel.	ہلنا بازو سے آرام	فعل پہلے، اسم بعد
2	on it	یے پر	ٹوٹا لفظ
2	room, in a, amel.	کمرے میں سے آرام	دو حرفِ اضافت ساتھ: میں سے
2	hanging down amel.	لٹکانے پر سے آرام	دو حرفِ اضافت ساتھ: پر سے
2	touching anything	چھونا کوئی بھی چیز	فعل پہلے، اسم بعد
2	in the open agg.	کھلی ہوا میں سے بگاڑ	دو حرفِ اضافت ساتھ: میں سے
2	drawing, painful	کھنچاؤ دردناک	صفت اسم کے بعد؟
2	at beginning of, agg.	کے شروع میں سے بگاڑ	دو حرفِ اضافت ساتھ: میں سے
2	burning in muscles	جلن میں کے پٹھے	دو حرفِ اضافت ساتھ: میں کے
2	daytime agg.	دن میں کو بگاڑ	دو حرفِ اضافت ساتھ: میں کو
2	light, caused by	روشنی پیدا ہوا سے (ذریعے)	قوسین
2	pain, with every attack of	درد ہر دورے کے ساتھ کا	دو حرفِ اضافت ساتھ: ساتھ کا
2	lie down	لیٹنا نیچے کی جانب	فعل پہلے، اسم بعد
2	sit up	بیٹھنا اوپر کی جانب	فعل پہلے، اسم بعد
2	going to, on	جانا تک پر	دو حرفِ اضافت ساتھ: تک پر
2	carrying anything, when	جب اٹھانا (لے جانا) کوئی بھی چیز	قوسین
2	holding anything	تھامنا کوئی بھی چیز	فعل پہلے، اسم بعد
2	breath, with each	سانس (دم) ہر ایک کے ساتھ	قوسین
2	hang down, letting arm, amel.	لٹکانا نیچے کی جانب چھوڑ دینا بازو سے آرام	فعل پہلے، اسم بعد · دو مصدر
2	loss of, from	ضیاع سے کا	دو حرفِ اضافت ساتھ: سے کا · آخر میں کا
1	apparition, from horrible, while awake	سایہ (بھوت) ہولناک سے جاگتے کے دوران	قوسین
1	while, warm food	کرتے ہوئے گرم کھانا (غذا)	قوسین
1	emission of, amel.	احتلام سے آرام کا	آخر میں کا
1	flushes of heat, during	گرمی کا لہریں (گرمی کی) کے دوران	قوسین
1	on starting from	چونک اٹھنا سے پر	دو حرفِ اضافت ساتھ: سے پر
1	thinking about it, from	اس کے بارے میں سوچنے پر سے	دو حرفِ اضافت ساتھ: پر سے · ضمیر لفظی
1	passion, with burst of	جنون (شدت) پھٹ جانے کے ساتھ کا	دو حرفِ اضافت ساتھ: ساتھ کا · قوسین
1	room, in the, amel.	کمرہ میں سے آرام	دو حرفِ اضافت ساتھ: میں سے
1	friend, of a	دوست ایک کا	آخر میں کا
1	while in agg.	میں کے دوران سے بگاڑ	دو حرفِ اضافت ساتھ: میں کے · حرفِ اضافت سے شروع
1	while in, amel.	میں کے دوران سے آرام	دو حرفِ اضافت ساتھ: میں کے · حرفِ اضافت سے شروع
1	of everything	ہر چیز کا	آخر میں کا
1	spasm, during	جھٹکا (تشنج) کے دوران	قوسین
1	alternating with laughing, singing, whistling, crying, etc.	باری باری ہنسنا گانا سیٹی جیسی رونا وغیرے کے ساتھ	دو مصدر
1	blind, that he is	نابینا کہ وہ ہے	فعل پہلے، اسم بعد · ضمیر لفظی
1	of husband	شوہر کا	آخر میں کا
1	dying, that he is	مرتا ہوئے کہ وہ ہے	ضمیر لفظی
1	tall, very, is	لمبا (قد) نہایت ہے	قوسین
1	elongated, it	لمبا ہوا یہ	ضمیر لفظی
1	friendless, that he is	بے دوست کہ وہ ہے	ضمیر لفظی
1	neglected, that he is	نظرانداز شدہ کہ وہ ہے	ضمیر لفظی
1	open, air, in	کھلا ہوے میں	ٹوٹا لفظ
1	persecuted, that he is	ستایا جا رہا ہے کہ وہ ہے	ضمیر لفظی
1	murderers, robbers, by	قاتل ڈاکو سے (ذریعے)	قوسین
1	seasick, that he is	سمندری متلی کہ وہ ہے	ضمیر لفظی
1	pursued by, is	تعاقب کیا جا رہا ہے سے (ذریعے) ہے	قوسین
1	control of, under	قابو نیچے کا	آخر میں کا
1	touching everything	چھونا ہر چیز	فعل پہلے، اسم بعد
1	unfortunate, that he is	بدنصیب کہ وہ ہے	ضمیر لفظی
1	of clothes	کپڑوں کا	آخر میں کا
1	damp air, from	نم ہوے سے	ٹوٹا لفظ
1	wine, as from	شراب (انگوری) جیسے کسی سے	قوسین
1	alone, of being	تنہائی ہونے کا	آخر میں کا
1	of others	دوسروں کا	آخر میں کا
1	of vehicles	سواریوں کا	آخر میں کا
1	bitten, of being	کاٹا گیا ہونے کا	آخر میں کا
1	burden, of becoming a	بوجھ ہونا ایک کا	آخر میں کا
1	censured, of being	تنقید کی گئی ہونے کا	آخر میں کا
1	danger, impending, of	خطرہ آنے والی کا	دو حرفِ اضافت ساتھ: والی کا
1	disease, of impending	مرض آنے والی کا	دو حرفِ اضافت ساتھ: والی کا · آخر میں کا
1	drawn upward, of being	کھنچا ہوا اوپر کی طرف ہونے کا	آخر میں کا
1	drowned, of being	ڈوب گیا ہونے کا	آخر میں کا
1	while chilly	سردی محسوس کرنے والے کے دوران	دو حرفِ اضافت ساتھ: والے کے
1	food, after	کھانا (غذا) کے بعد	قوسین
1	happen, something, will	ہونا کوئی چیز ارادہ	فعل پہلے، اسم بعد
1	injured, of being	زخمی ہونے کا	آخر میں کا
1	near, of those standing	قریب وہ کھڑا ہونے کا	آخر میں کا
1	sold, of being	بیچ دیا ہونے کا	آخر میں کا
1	throat, from sensation of swelling of	سوجن کا گلا احساس سے کا	دو حرفِ اضافت ساتھ: سے کا
1	watch, to wind	گھڑی (جیبی) ہوا (تیز) کی طرف	قوسین
1	words, of, while speaking	الفاظ کا بولنا (گفتگو) کے دوران	قوسین
1	suppression of discharges, after	رطوبتیوں دب جانے سے کے بعد	دو حرفِ اضافت ساتھ: سے کے
1	when in agg.	جب میں سے بگاڑ	دو حرفِ اضافت ساتھ: میں سے
1	when in, amel.	جب میں سے آرام	دو حرفِ اضافت ساتھ: میں سے
1	perspiration, with, following	پسینے کے ساتھ کے بعد آنے والا	دو حرفِ اضافت ساتھ: ساتھ کے
1	sleep, during, by noise	نیند کے دوران آواز (شور) سے	قوسین
1	eruption, before	دانے (اخراج) سے پہلے	قوسین
1	time, for	وقت (زمانہ) کے لیے	قوسین
1	waking, on from a dream of murder	قتل کا جاگنا خواب سے پر	دو حرفِ اضافت ساتھ: سے پر
1	heat of, from	گرمی سے کا	دو حرفِ اضافت ساتھ: سے کا · آخر میں کا
1	from congestion in	خون کا بھراؤ میں سے	دو حرفِ اضافت ساتھ: میں سے
1	on back agg., on side amel.	پیٹھ سے بگاڑ پہلو پر سے آرام	دو حرفِ اضافت ساتھ: پر سے
1	at work, while	کام پر کے دوران	دو حرفِ اضافت ساتھ: پر کے
1	stretching backward amel.	انگڑائی پیچھے کو سے آرام	دو حرفِ اضافت ساتھ: کو سے
1	respiration, with impeded	سانس رکا ہوے کے ساتھ	ٹوٹا لفظ
1	in amel.	میں آرام	حرفِ اضافت سے شروع
1	foreign tongue, in a	اجنبی (غیر) زبان ایک میں	قوسین
1	shooting, by	لپکتا درد سے (ذریعے)	قوسین
1	rapid, quick, etc.	تیز رفتار تیز وغیرہ	صفت اسم کے بعد؟
1	looking, upwards	دیکھنا اوپر کو	فعل پہلے، اسم بعد · آخر میں کو
1	suppression of eruptions, after	دانوں دب جانے سے کے بعد	دو حرفِ اضافت ساتھ: سے کے
1	alternating with sorrow	باری باری غم (رنج) کے ساتھ	قوسین
1	walking rapidly, after	چلنا تیزی سے کے بعد	دو حرفِ اضافت ساتھ: سے کے
1	on rising from	اٹھنا سے پر	دو حرفِ اضافت ساتھ: سے پر
1	looking upward	دیکھنا اوپر کی طرف	فعل پہلے، اسم بعد
1	from, a seat	سے ایک نشست (جگہ)	حرفِ اضافت سے شروع · قوسین
1	congestion of, with	خون کا بھراؤ کے ساتھ کا	دو حرفِ اضافت ساتھ: ساتھ کا · آخر میں کا
1	bending head, forward	موڑنا سر آگے کو	فعل پہلے، اسم بعد · آخر میں کو
1	chest, during shocks in	سینہ جھٹکے (صدمے) میں کے دوران	دو حرفِ اضافت ساتھ: میں کے · قوسین
1	pressure of, agg.	دباؤ سے بگاڑ کا	آخر میں کا
1	looking, sideways	دیکھنا ایک طرف کو	فعل پہلے، اسم بعد · آخر میں کو
1	lying, back, on, while	لیٹنا پیٹھ پر کے دوران	دو حرفِ اضافت ساتھ: پر کے
1	into nape of neck	گردن کا گدی (گردن) کے اندر	قوسین
1	lying on, side	لیٹنا پر پہلو	فعل پہلے، اسم بعد
1	reading while	پڑھنا کرتے ہوئے	فعل پہلے، اسم بعد
1	bent forward agg.	جھکا ہوا آگے کو سے بگاڑ	دو حرفِ اضافت ساتھ: کو سے
1	uncovering head amel.	کھولنا سر سے آرام	فعل پہلے، اسم بعد
1	falling backward	گرنا پیچھے کو	فعل پہلے، اسم بعد · آخر میں کو
1	sideways of head	سر کا ایک طرف کو	آخر میں کو
1	air, in open amel.	کھلی ہوا میں سے آرام	دو حرفِ اضافت ساتھ: میں سے
1	sitting up agg.	بیٹھنا اوپر کی جانب سے بگاڑ	فعل پہلے، اسم بعد
1	abdomen, from pain in	پیٹ درد میں سے	دو حرفِ اضافت ساتھ: میں سے
1	back, with coldness of	پیٹھ ٹھنڈک کے ساتھ کا	دو حرفِ اضافت ساتھ: ساتھ کا
1	hot food	تپتا ہوا کھانا (غذا)	قوسین
1	with palpitation of	دل کی دھڑکن کے ساتھ کا	دو حرفِ اضافت ساتھ: ساتھ کا
1	rising on agg.	اٹھنا پر سے بگاڑ	فعل پہلے، اسم بعد · دو حرفِ اضافت ساتھ: پر سے
1	during urging to	حاجت (زور) تک کے دوران	دو حرفِ اضافت ساتھ: تک کے · قوسین
1	with pain in	درد میں کے ساتھ	دو حرفِ اضافت ساتھ: میں کے
1	bed, while lying in	بستر لیٹنا میں کے دوران	دو حرفِ اضافت ساتھ: میں کے
1	bending head, forward, on	موڑنا سر آگے کو پر	دو حرفِ اضافت ساتھ: کو پر
1	looking, sideways, while	دیکھنا ایک طرف کو کے دوران	دو حرفِ اضافت ساتھ: کو کے
1	nape, into	گدی (گردن) کے اندر	قوسین
1	back, on while, agg.	پیٹھ کرتے ہوئوں پر سے بگاڑ	دو حرفِ اضافت ساتھ: پر سے
1	behind forward, from	آگے کو کے پیچھوں سے	دو حرفِ اضافت ساتھ: کو کے
1	sense of, occiput, in	احساس گدی میں کا	دو حرفِ اضافت ساتھ: میں کا · آخر میں کا
1	by agg.	سے (ذریعے) سے بگاڑ	حرفِ اضافت سے شروع · قوسین
1	by, amel.	سے (ذریعے) سے آرام	حرفِ اضافت سے شروع · قوسین
1	while in	میں کے دوران	دو حرفِ اضافت ساتھ: میں کے · حرفِ اضافت سے شروع
1	thinking about it amel.	اس کے بارے میں سوچنے پر سے آرام	دو حرفِ اضافت ساتھ: پر سے · ضمیر لفظی
1	turning backward, of	کروٹ لینا پیچھے کو کا	دو حرفِ اضافت ساتھ: کو کا
1	walking in, while	چلنا میں کے دوران	دو حرفِ اضافت ساتھ: میں کے
1	draft of, from	ہوا کا جھونکے سے کا	دو حرفِ اضافت ساتھ: سے کا · آخر میں کا
1	air, open in, amel.	ہوا کھلا میں سے آرام	دو حرفِ اضافت ساتھ: میں سے
1	on rising amel.	اٹھنے پر سے آرام	دو حرفِ اضافت ساتھ: پر سے
1	lying, in bed agg.	لیٹنا بستر میں سے بگاڑ	فعل پہلے، اسم بعد · دو حرفِ اضافت ساتھ: میں سے
1	covering head agg.	ڈھکنا سر سے بگاڑ	فعل پہلے، اسم بعد
1	open in agg.	کھلا میں سے بگاڑ	دو حرفِ اضافت ساتھ: میں سے
1	open in, amel.	کھلا میں سے آرام	دو حرفِ اضافت ساتھ: میں سے
1	weather, wet, agg.	موسم گیلے سے بگاڑ	صفت اسم کے بعد؟
1	rubbing forehead amel.	ملنا پیشانی سے آرام	فعل پہلے، اسم بعد
1	motion, of head	حرکت سر کا	آخر میں کا
1	draft of cold air	ٹھنڈی ہوے کا ہوا کا جھونکا	ٹوٹا لفظ
1	sneezing, frequent, amel.	چھینکنا بار بار ہونے والے سے آرام	فعل پہلے، اسم بعد · دو حرفِ اضافت ساتھ: والے سے · صفت اسم کے بعد؟
1	from temple to temple	ایک کنپٹی سے دوسری تک سے	دو حرفِ اضافت ساتھ: تک سے
1	base of brain	دماغ کا بنیاد (نچلا سرا)	قوسین
1	limbs, through	اعضا (ہاتھ پاؤں) کے آر پار	قوسین
1	air, draft of, in	ہوا کا جھونکے میں کا	دو حرفِ اضافت ساتھ: میں کا · آخر میں کا
1	head low, with amel.	سر دھیمی کے ساتھ سے آرام	دو حرفِ اضافت ساتھ: ساتھ سے
1	on side amel.	پہلو پر سے آرام	دو حرفِ اضافت ساتھ: پر سے
1	odors, strong	بُوئیں مضبوط	صفت اسم کے بعد؟
1	in a agg.	ایک میں سے بگاڑ	دو حرفِ اضافت ساتھ: میں سے
1	in a, amel.	ایک میں سے آرام	دو حرفِ اضافت ساتھ: میں سے
1	wind, cold	ہوا سردی	صفت اسم کے بعد؟
1	hat, from pressure of	ٹوپی دباؤ سے کا	دو حرفِ اضافت ساتھ: سے کا
1	of hand	ہاتھ کا	آخر میں کا
1	intermittent pains	رک رک کر درد (جمع)	قوسین
1	bending forwards	موڑنا آگے کی طرف	فعل پہلے، اسم بعد
1	brain, base of	دماغ بنیاد (نچلا سرا) کا	قوسین
1	in general, from agg.	عمومی میں سے بگاڑ	دو حرفِ اضافت ساتھ: میں سے
1	maddening pains	دیوانہ کر دینے والا درد (جمع)	قوسین
1	on beginning to agg.	شروع کرنے پر سے بگاڑ	دو حرفِ اضافت ساتھ: پر سے
1	on beginning to, amel.	شروع کرنے پر سے آرام	دو حرفِ اضافت ساتھ: پر سے
1	falling water, of	گرنا پانی کا	فعل پہلے، اسم بعد
1	heat, of stove	گرمی انگیٹھی کا	آخر میں کا
1	side of head, on amel.	سر کا پہلو پر سے آرام	دو حرفِ اضافت ساتھ: پر سے
1	in small of	چھوٹے میں کا	دو حرفِ اضافت ساتھ: میں کا
1	paroxysmal pains	دورے کی صورت میں درد (جمع)	قوسین
1	ball, as from	گدی (ابھار) جیسے کسی سے	قوسین
1	house, in, agg.	گھر میں سے بگاڑ	دو حرفِ اضافت ساتھ: میں سے
1	of eye	آنکھ کا	آخر میں کا
1	open air, in, amel.	کھلی ہوے میں سے آرام	ٹوٹا لفظ · دو حرفِ اضافت ساتھ: میں سے
1	lying on, while	لیٹنا پر کے دوران	دو حرفِ اضافت ساتھ: پر کے
1	dark, in, while	گہرا رنگ میں کے دوران	دو حرفِ اضافت ساتھ: میں کے
1	sun, while standing in	دھوپ کھڑا ہونا میں کے دوران	دو حرفِ اضافت ساتھ: میں کے
1	thinking about it agg.	اس کے بارے میں سوچنے پر سے بگاڑ	دو حرفِ اضافت ساتھ: پر سے · ضمیر لفظی
1	on hand, while	ہاتھ پر کے دوران	دو حرفِ اضافت ساتھ: پر کے
1	from cold air	ٹھنڈی ہوے سے	ٹوٹا لفظ
1	open, in, amel.	کھلے میں سے آرام	دو حرفِ اضافت ساتھ: میں سے
1	from behind forward	آگے کو کے پیچھوں سے	دو حرفِ اضافت ساتھ: کو کے
1	lying, with head low	لیٹنا سر نیچا رکھ کر	فعل پہلے، اسم بعد
1	moving head amel.	ہلنا سر سے آرام	فعل پہلے، اسم بعد
1	sitting up, while agg.	بیٹھنا اوپر کی جانب کے دوران سے بگاڑ	فعل پہلے، اسم بعد
1	extending forward, to	پھیلتا ہوا آگے کو تک	دو حرفِ اضافت ساتھ: کو تک
1	extending side to side, from, through temples	پہلو سے پہلو سے کے آر پار کنپٹیوں تک پھیلتا	دو حرفِ اضافت ساتھ: سے کے
1	foreign body, as of a	باہر کی چیز (کا احساس) — ایک جیسا	قوسین
1	spot, small	دھبہ چھوٹا	صفت اسم کے بعد؟
1	warm room, on entering, from open air	گرم کمرے میں داخل ہونے پر کھلی ہوے سے	ٹوٹا لفظ
1	from, of hat	سے ٹوپی کا	آخر میں کا · حرفِ اضافت سے شروع
1	lying, painless side amel.	لیٹنا بے درد پہلو سے آرام	فعل پہلے، اسم بعد
1	boring, stitching	برما جیسا چبھن	صفت اسم کے بعد؟
1	cold hand, touch of, amel.	سردی ہاتھ چھونے سے آرام کا	آخر میں کا
1	on well side amel.	ٹھیک پہلو پر سے آرام	دو حرفِ اضافت ساتھ: پر سے
1	needles like, burning	سوئیاں جیسا جلن	صفت اسم کے بعد؟
1	about, amel.	کے بارے میں سے آرام	دو حرفِ اضافت ساتھ: میں سے
1	washing face, on agg.	دھونا چہرے پر سے بگاڑ	فعل پہلے، اسم بعد · دو حرفِ اضافت ساتھ: پر سے
1	motion, and rest, during	حرکت اور آرام (سکون) کے دوران	قوسین
1	aching, tearing, jerking	ہلکا مسلسل درد پھاڑنے جیسے جھٹکے	صفت اسم کے بعد؟
1	forward, burning, tearing in, on	آگے کو جلن پھاڑنے جیسا میں پر	دو حرفِ اضافت ساتھ: میں پر · صفت اسم کے بعد؟
1	bruised, tearing	کچلے جانے جیسا پھاڑنے جیسا	صفت اسم کے بعد؟
1	boring, drawing, tearing	برما جیسا کھنچاؤ پھاڑنے جیسا	صفت اسم کے بعد؟
1	flying pain	اڑتا ہوا (ایک جگہ سے دوسری) درد	قوسین
1	and forward	اور آگے کو	آخر میں کو
1	sitting erect agg.	بیٹھنا کھڑے سے بگاڑ	فعل پہلے، اسم بعد
1	in open, air	کھلا ہوے میں	ٹوٹا لفظ
1	lying while, amel.	لیٹنا کرتے ہوئوں سے آرام	فعل پہلے، اسم بعد
1	in air, amel.	ہوا میں سے آرام	دو حرفِ اضافت ساتھ: میں سے
1	water, cold, agg.	پانی سردی سے بگاڑ	صفت اسم کے بعد؟
1	to centre of head	سر کا بیچ میں کی طرف	دو حرفِ اضافت ساتھ: میں کی
1	on vertex, from	چندیا پر سے	دو حرفِ اضافت ساتھ: پر سے
1	head erect, with, amel.	سر کھڑے کے ساتھ سے آرام	دو حرفِ اضافت ساتھ: ساتھ سے
1	wandering pains	جگہ بدلتا ہوا درد (جمع)	قوسین
1	warm food, agg.	گرم کھانا (غذا) سے بگاڑ	قوسین
1	in cold air	ٹھنڈی ہوے میں	ٹوٹا لفظ
1	with hands amel.	ہاتھ کے ساتھ سے آرام	دو حرفِ اضافت ساتھ: ساتھ سے
1	tea, warm, amel.	چائے گرم سے آرام	صفت اسم کے بعد؟
1	rapidly, while	تیزی سے کے دوران	دو حرفِ اضافت ساتھ: سے کے
1	becoming erect amel.	ہونا کھڑے سے آرام	فعل پہلے، اسم بعد
1	speaking aloud, on	بولنا (گفتگو) بلند آواز پر	قوسین
1	uncovering head agg.	کھولنا سر سے بگاڑ	فعل پہلے، اسم بعد
1	washing head agg.	دھونا سر سے بگاڑ	فعل پہلے، اسم بعد
1	stomach, during weakness in	معدہ کمزوری میں کے دوران	دو حرفِ اضافت ساتھ: میں کے
1	evening, while at work	شام کام پر کے دوران	دو حرفِ اضافت ساتھ: پر کے
1	looking into, agg.	دیکھنا کے اندر سے بگاڑ	فعل پہلے، اسم بعد
1	eyebrows, white	ابرو سفید	صفت اسم کے بعد؟
1	air, cold, agg.	ہوا سردی سے بگاڑ	صفت اسم کے بعد؟
1	wind, dry cold	ہوا (تیز) خشک سردی	قوسین
1	in the, throat	میں گلا	حرفِ اضافت سے شروع
1	bathing eye agg.	نہانا آنکھ سے بگاڑ	فعل پہلے، اسم بعد
1	walking, in a amel.	چلنا ایک میں سے آرام	فعل پہلے، اسم بعد · دو حرفِ اضافت ساتھ: میں سے
1	stooping, on, agg.	جھکنے پر سے بگاڑ	دو حرفِ اضافت ساتھ: پر سے
1	gaslight, by	گیس کی روشنی سے (ذریعے)	قوسین
1	bruised, tender	کچلے جانے جیسا نازک (دکھتا)	قوسین
1	covering, with hand amel.	ڈھکنا ہاتھ کے ساتھ سے آرام	فعل پہلے، اسم بعد · دو حرفِ اضافت ساتھ: ساتھ سے
1	wine, after a glass	شراب (انگوری) ایک شیشے کے بعد	قوسین
1	watery, white	پتلا سفید	صفت اسم کے بعد؟
1	air, open, in agg.	کھلی ہوے میں سے بگاڑ	ٹوٹا لفظ · دو حرفِ اضافت ساتھ: میں سے
1	of lower part	نچلا حصے کا	آخر میں کا
1	at night, in hysterical persons	رات ہسٹیریائی افراد میں پر	دو حرفِ اضافت ساتھ: میں پر
1	of color	رنگ کا	آخر میں کا
1	heat, in, agg.	گرمی میں سے بگاڑ	دو حرفِ اضافت ساتھ: میں سے
1	looking, steadily amel.	دیکھنا برابر سے آرام	فعل پہلے، اسم بعد
1	occiput, with pain in, extending to eye	گدی درد میں کے ساتھ آنکھ کی طرف پھیلتا	دو حرفِ اضافت ساتھ: میں کے
1	bright objects, by	چمکیلا چیزیں سے (ذریعے)	قوسین
1	emotion, sudden, from	جذبہ اچانک سے	صفت اسم کے بعد؟
1	objects become, after looking long	چیزیں ہو جانا دیکھنا لمبے کے بعد	دو مصدر
1	sensation of in	میں کا احساس	دو حرفِ اضافت ساتھ: میں کا · حرفِ اضافت سے شروع
1	on red base	سرخ بنیاد (نچلا سرا) پر	قوسین
1	boring in, amel.	برما جیسا میں سے آرام	دو حرفِ اضافت ساتھ: میں سے
1	stitching pains, after	چبھن درد (جمع) کے بعد	قوسین
1	fungus excrescences	پھپھوندی نما ابھار (زائد گوشت)	قوسین
1	eructation, with	ڈکار (ایک) کے ساتھ	قوسین
1	headache, with, agg.	سر درد کے ساتھ سے بگاڑ	دو حرفِ اضافت ساتھ: ساتھ سے
1	in opening air	کھول دینا ہوے میں	ٹوٹا لفظ
1	eructation, after every	ڈکار (ایک) ہر کے بعد	قوسین
1	while in bed amel.	بستر میں کے دوران سے آرام	دو حرفِ اضافت ساتھ: میں کے
1	warm room, on entering, amel.	گرم کمرے میں داخل ہونے پر سے آرام	دو حرفِ اضافت ساتھ: پر سے
1	waking, on, agg.	جاگنے پر سے بگاڑ	دو حرفِ اضافت ساتھ: پر سے
1	on ear agg.	کان پر سے بگاڑ	دو حرفِ اضافت ساتھ: پر سے
1	on ear, amel.	کان پر سے آرام	دو حرفِ اضافت ساتھ: پر سے
1	of lower jaw	نچلا جبڑے کا	آخر میں کا
1	sounds, sharp	آوازیں تیز دھار	صفت اسم کے بعد؟
1	from draft of	ہوا کا جھونکے سے کا	دو حرفِ اضافت ساتھ: سے کا
1	lying on, left side	لیٹنا پر بایاں پہلو	فعل پہلے، اسم بعد
1	warmth, dry	گرماہٹ خشک	صفت اسم کے بعد؟
1	on it, after	یے پر کے بعد	ٹوٹا لفظ · دو حرفِ اضافت ساتھ: پر کے
1	of glands	غدود کا	آخر میں کا
1	behind ears, small	کان چھوٹے کے پیچھے	صفت اسم کے بعد؟
1	swallowing, painful	نگلنا دردناک	صفت اسم کے بعد؟
1	noise amel.	آواز (شور) سے آرام	قوسین
1	on becoming agg.	ہونے پر سے بگاڑ	دو حرفِ اضافت ساتھ: پر سے
1	on becoming, amel.	ہونے پر سے آرام	دو حرفِ اضافت ساتھ: پر سے
1	evening, 9 p.m., on lying down agg.	شام رات ۹ بجے لیٹ جانے پر سے بگاڑ	دو حرفِ اضافت ساتھ: پر سے
1	becoming, when walking, amel.	ہونا جب چلنے سے آرام	فعل پہلے، اسم بعد
1	light, strong	روشنی مضبوط	صفت اسم کے بعد؟
1	in changeable	بدلتا رہنے والے میں	دو حرفِ اضافت ساتھ: والے میں
1	of septum	ناک کا پردے کا	آخر میں کا
1	hard, dry	سخت خشک	صفت اسم کے بعد؟
1	morning, early, on blowing the nose	صبح جلد (وقت سے پہلے) ناک صاف کرنے پر	صفت اسم کے بعد؟ · قوسین
1	purple, in cold air	جامنی ٹھنڈی ہوے میں	ٹوٹا لفظ
1	cool air amel.	ٹھنڈا سا ہوے سے آرام	ٹوٹا لفظ
1	in place of	جگے میں کا	دو حرفِ اضافت ساتھ: میں کا
1	watery discharge, after	پتلا (پانی جیسا) رطوبت کے بعد	قوسین
1	of wings	ناک کے پَر کا	آخر میں کا
1	root, painless	جڑ بے درد	صفت اسم کے بعد؟
1	of bones	ہڈیوں کا	آخر میں کا
1	air, in the open, amel.	کھلی ہوا میں سے آرام	دو حرفِ اضافت ساتھ: میں سے
1	with watery discharge	پتلا (پانی جیسا) رطوبت کے ساتھ	قوسین
1	almonds, bitter	بادام کڑوا	صفت اسم کے بعد؟
1	beer, sour	بیئر کھٹا	صفت اسم کے بعد؟
1	morning, early	صبح جلد (وقت سے پہلے)	صفت اسم کے بعد؟ · قوسین
1	body, as from a foreign	جسم — اجنبی (غیر) جیسا	قوسین
1	extending downward from above	سے میں نیچے تک پھیلتا سے اوپر	دو حرفِ اضافت ساتھ: سے میں · حرفِ اضافت سے شروع
1	dorsum, right side	پشت (اوپری سطح) دایاں پہلو	قوسین
1	air, after walking in	ہوا چلنا میں کے بعد	دو حرفِ اضافت ساتھ: میں کے
1	burning, with sensation of	جلن احساس کے ساتھ کا	دو حرفِ اضافت ساتھ: ساتھ کا
1	cold wind, as from	سردی ہوئے (تیز) جیسے کسی سے	قوسین
1	extending to limbs	اعضا (ہاتھ پاؤں) کی طرف پھیلتا	قوسین
1	flushes easily	آسانی سے لہریں (گرمی کی)	قوسین
1	alternating with paleness	باری باری زردی (پیلاہٹ) کے ساتھ	قوسین
1	becoming heated agg.	ہونا گرم ہونے سے بگاڑ	فعل پہلے، اسم بعد
1	blood boils, small	خون پھوڑے چھوٹا	صفت اسم کے بعد؟
1	of nostrils, bloody on	نتھنے خونی پر کا	دو حرفِ اضافت ساتھ: پر کا · آخر میں کا
1	dorsum, on, with inflamed base	پشت (اوپری سطح) پر سوجا ہوا بنیاد (نچلا سرا) کے ساتھ	قوسین
1	stinging, painful	ڈنک جیسا دردناک	صفت اسم کے بعد؟
1	centre, on	بیچ میں پر	دو حرفِ اضافت ساتھ: میں پر
1	lips, from acrid saliva	ہونٹ تیز (جلانے والا) لعابِ دہن سے	قوسین
1	cold, distant	سردی دور کا	آخر میں کا
1	entering room, from open air, on	داخل ہونا کمرہ کھلی ہوے سے پر	ٹوٹا لفظ · دو حرفِ اضافت ساتھ: سے پر
1	of chin	ٹھوڑی کا	آخر میں کا
1	alternating with pain, in shoulder	باری باری درد کندھے میں کے ساتھ	دو حرفِ اضافت ساتھ: میں کے
1	eruption, after suppressed	دانے (اخراج) دبی ہوئی کے بعد	قوسین
1	urination, profuse, amel.	پیشاب کرنا کثیر سے آرام	صفت اسم کے بعد؟
1	glands, hard, painful	غدود سخت دردناک	صفت اسم کے بعد؟
1	cold, air, in	سردی ہوے میں	ٹوٹا لفظ
1	splinter, with sensation of	پھانس احساس کے ساتھ کا	دو حرفِ اضافت ساتھ: ساتھ کا
1	yellowish base	زردی مائل بنیاد (نچلا سرا)	قوسین
1	near fraenum	لگام (جھلی) کے قریب	قوسین
1	sensation of cold air	ٹھنڈی ہوے کا احساس	ٹوٹا لفظ
1	gums, black	مسوڑھے سیاہ	صفت اسم کے بعد؟
1	sides, white	اطراف سفید	صفت اسم کے بعد؟
1	with shining edges	چمکدار کنارے (سرے) کے ساتھ	قوسین
1	edges, centre, gray	کنارے (سرے) بیچ میں سرمئی	قوسین
1	dark red, bloody	گہرا رنگ سرخ خونی	صفت اسم کے بعد؟
1	in lead colic	سیسہ مروڑ (پیٹ کا) میں	قوسین
1	chewing food	چبانا کھانا	دو مصدر
1	cold air, agg.	ٹھنڈی ہوے سے بگاڑ	ٹوٹا لفظ
1	expectoration, frequent	بلغم بار بار ہونے والا	صفت اسم کے بعد؟
1	spasm, tongue, from	جھٹکا (تشنج) زبان سے	قوسین
1	of chest	سینے کا	آخر میں کا
1	of throat	گلے کا	آخر میں کا
1	like, bitter	جیسا کڑوا	صفت اسم کے بعد؟
1	base of tongue	زبان کا بنیاد (نچلا سرا)	قوسین
1	wine tastes	شراب (انگوری) کا ذائقہ	قوسین
1	after dry food	خشک کھانا (غذا) کے بعد	قوسین
1	fatty, greasy	چکنائی والا چکنا (تیل جیسا)	قوسین
1	gums, painful	مسوڑھے دردناک	صفت اسم کے بعد؟
1	palate, hard	تالو سخت	صفت اسم کے بعد؟
1	edges elevated	کنارے (سرے) ابھرا ہوا	قوسین
1	base lardaceous	بنیاد (نچلا سرا) چربی جیسا	قوسین
1	in the agg.	میں سے بگاڑ	دو حرفِ اضافت ساتھ: میں سے · حرفِ اضافت سے شروع
1	backward, from	پیچھے کو سے	دو حرفِ اضافت ساتھ: کو سے
1	damp places, from working in	نم جگہیں کام کرنا میں سے	دو حرفِ اضافت ساتھ: میں سے
1	biting, only when	کاٹنا صرف جب	فعل پہلے، اسم بعد
1	finger, amel. by	انگلی آرام سے (ذریعے)	قوسین
1	before dinner	بڑا کھانا (پیٹ بھر) سے پہلے	قوسین
1	in bed, amel.	بستر میں سے آرام	دو حرفِ اضافت ساتھ: میں سے
1	with violent tearing, in right ear	شدید پھاڑنے جیسا دایاں کان میں کے ساتھ	دو حرفِ اضافت ساتھ: میں کے
1	hot food, from	تپتا ہوئے کھانا (غذا) سے	قوسین
1	low, with, agg.	دھیمی کے ساتھ سے بگاڑ	دو حرفِ اضافت ساتھ: ساتھ سے
1	excited by agg.	برانگیختہ سے (ذریعے) سے بگاڑ	قوسین
1	rubbing cheek amel.	ملنا گال سے آرام	فعل پہلے، اسم بعد
1	air, from drawing in	ہوئے کھنچاؤ میں سے	دو حرفِ اضافت ساتھ: میں سے
1	from warmth of	گرماہٹ سے کا	دو حرفِ اضافت ساتھ: سے کا
1	after getting wet	ہونا (پہنچنا) گیلے کے بعد	قوسین
1	rising from bed, on, amel.	بستر سے اٹھنے پر سے آرام	دو حرفِ اضافت ساتھ: پر سے
1	of food, from	کھانا (غذا) کے سے	قوسین
1	of tongue	زبان کا	آخر میں کا
1	wet, from getting	گیلا ہونا (پہنچنا) سے	قوسین
1	in dry, cold	خشک سردی میں	صفت اسم کے بعد؟
1	below upwards	نیچے کی طرف اوپر کو	آخر میں کو
1	left, sensation of cold wind	سردی ہوا (تیز) کا بایاں احساس	قوسین
1	cold air, drawing	ٹھنڈی ہوا کھنچاؤ	صفت اسم کے بعد؟
1	opening mouth, difficult, with	منہ کھولنا مشکل کے ساتھ	صفت اسم کے بعد؟
1	extending to ear, on turning head	کان سر گھمانے پر کی طرف پھیلتا	دو حرفِ اضافت ساتھ: پر کی
1	fullness, in throat, from	بھرا پن گلے میں سے	دو حرفِ اضافت ساتھ: میں سے
1	mucus, from thick	لعاب (بلغمی مادہ) گاڑھے سے	قوسین
1	in, sensation of	میں احساس کا	حرفِ اضافت سے شروع
1	in region of thyroid gland	تھائیرائیڈ غدود کا میں کا حصہ	دو حرفِ اضافت ساتھ: میں کا
1	limbs, into	اعضا (ہاتھ پاؤں) کے اندر	قوسین
1	hawking of mucus	لعاب (بلغمی مادہ) کا گلا کھنکارنا	قوسین
1	speaking loud, when	جب بولنا (گفتگو) اونچی آواز	قوسین
1	uncovering throat agg.	کھولنا گلے سے بگاڑ	فعل پہلے، اسم بعد
1	after thinking of food	کھانا (غذا) کا سوچنے کے بعد	قوسین
1	thinking of it, while	اس کا خیال آنے پر کے دوران	دو حرفِ اضافت ساتھ: پر کے · ضمیر لفظی
1	liquid food	پتلا مادہ کھانا (غذا)	قوسین
1	thinking of food, when	کھانا (غذا) کا سوچنے پر	قوسین
1	drinking water agg.	پینا پانی سے بگاڑ	فعل پہلے، اسم بعد
1	after a spasm	ایک جھٹکا (تشنج) کے بعد	قوسین
1	after rich food	امیر کھانا (غذا) کے بعد	قوسین
1	strong food, after	مضبوط کھانا (غذا) کے بعد	قوسین
1	eggs, boiled, after	انڈے ابلا ہوے کے بعد	ٹوٹا لفظ
1	eructation, after	ڈکار (ایک) کے بعد	قوسین
1	water, cold	پانی سردی	صفت اسم کے بعد؟
1	spasm, before	جھٹکا (تشنج) سے پہلے	قوسین
1	warm, food, after	گرم کھانا (غذا) کے بعد	قوسین
1	from pain in	درد میں سے	دو حرفِ اضافت ساتھ: میں سے
1	lying down, on agg.	لیٹنے پر سے بگاڑ	دو حرفِ اضافت ساتھ: پر سے
1	on left side agg.	بایاں پہلو پر سے بگاڑ	دو حرفِ اضافت ساتھ: پر سے
1	salt, on thinking of	نمک سوچنے پر کا	دو حرفِ اضافت ساتھ: پر کا
1	apples, sour, after	سیب کھٹے کے بعد	صفت اسم کے بعد؟
1	bending, backward amel.	موڑنا پیچھے کو سے آرام	فعل پہلے، اسم بعد · دو حرفِ اضافت ساتھ: کو سے
1	on abdomen agg.	پیٹ پر سے بگاڑ	دو حرفِ اضافت ساتھ: پر سے
1	bending, forward agg.	موڑنا آگے کو سے بگاڑ	فعل پہلے، اسم بعد · دو حرفِ اضافت ساتھ: کو سے
1	on, side	پر پہلو	حرفِ اضافت سے شروع
1	bending body, amel.	موڑنا جسم سے آرام	فعل پہلے، اسم بعد
1	while, sudden	کرتے ہوئے اچانک	صفت اسم کے بعد؟
1	hot food, after	تپتا ہوا کھانا (غذا) کے بعد	قوسین
1	larynx, from irritation	حنجرہ خارش/جلن (اشتعال) سے	قوسین
1	odor of food	کھانا (غذا) کا بو	فعل پہلے، اسم بعد · قوسین
1	ineffectual, after	بے اثر (بے سود) کے بعد	قوسین
1	uncovering abdomen amel.	کھولنا پیٹ سے آرام	فعل پہلے، اسم بعد
1	cold, wind, in	سردی ہوئے (تیز) میں	قوسین
1	in open air must	کھلی ہوے پڑتا ہوں میں	ٹوٹا لفظ
1	sour food, from	کھٹا کھانا (غذا) سے	قوسین
1	scratching, does not amel.	کھجانا کرتا ہے نہیوں سے آرام	فعل پہلے، اسم بعد
1	after dinner, after stool	بڑا کھانا (پیٹ بھر) پاخانے کے بعد کے بعد	قوسین
1	up and down, of something	اوپر نیچے کوئی چیز کا	آخر میں کا
1	pain in joints	درد میں کے جوڑ	دو حرفِ اضافت ساتھ: میں کے
1	pain in, limbs	درد میں اعضا (ہاتھ پاؤں)	قوسین
1	extending down, leg	پھیلتا ہوا نیچے کی جانب ٹانگ (گھٹنے سے نیچے)	قوسین
1	back, on, from	پیٹھ پر سے	دو حرفِ اضافت ساتھ: پر سے
1	right side, on, amel.	دایاں پہلو پر سے آرام	دو حرفِ اضافت ساتھ: پر سے
1	bending, forward amel.	موڑنا آگے کو سے آرام	فعل پہلے، اسم بعد · دو حرفِ اضافت ساتھ: کو سے
1	wet, getting feet	گیلا ہونا (پہنچنا) پاؤں	قوسین
1	bending, backward	موڑنا پیچھے کو	فعل پہلے، اسم بعد · آخر میں کو
1	sitting still agg.	بیٹھنا ساکن سے بگاڑ	فعل پہلے، اسم بعد
1	lying bent amel.	لیٹنا جھکا ہوے سے آرام	ٹوٹا لفظ · فعل پہلے، اسم بعد
1	difficult, scanty, amel., after flatus	مشکل تھوڑے سے آرام ریاح کے بعد	صفت اسم کے بعد؟
1	leg, to	ٹانگ (گھٹنے سے نیچے) تک	قوسین
1	flexing limbs amel.	موڑ کر رکھنا اعضا (ہاتھ پاؤں) سے آرام	قوسین
1	on painless side amel.	بے درد پہلو پر سے آرام	دو حرفِ اضافت ساتھ: پر سے
1	down leg	نیچے کی جانب ٹانگ (گھٹنے سے نیچے)	قوسین
1	lying, on painless side amel.	لیٹنا بے درد پہلو پر سے آرام	فعل پہلے، اسم بعد · دو حرفِ اضافت ساتھ: پر سے
1	painless side, on, amel.	بے درد پہلو پر سے آرام	دو حرفِ اضافت ساتھ: پر سے
1	rubbing back amel.	ملنا پیٹھ سے آرام	فعل پہلے، اسم بعد
1	bending body, to left	موڑنا جسم بائیں طرف	فعل پہلے، اسم بعد
1	to, spleen	تک تلی	حرفِ اضافت سے شروع
1	open air, in, while	کھلی ہوے میں کے دوران	ٹوٹا لفظ · دو حرفِ اضافت ساتھ: میں کے
1	extending down leg	ٹانگ (گھٹنے سے نیچے) میں نیچے تک پھیلتا	قوسین
1	open air, on agg.	کھلی ہوے پر سے بگاڑ	ٹوٹا لفظ · دو حرفِ اضافت ساتھ: پر سے
1	lying, on it amel.	لیٹنا یے پر سے آرام	ٹوٹا لفظ · فعل پہلے، اسم بعد · دو حرفِ اضافت ساتھ: پر سے
1	left side, on, amel.	بایاں پہلو پر سے آرام	دو حرفِ اضافت ساتھ: پر سے
1	bending back amel.	موڑنا پیٹھ سے آرام	فعل پہلے، اسم بعد
1	left side, on, while	بایاں پہلو پر کے دوران	دو حرفِ اضافت ساتھ: پر کے
1	right side, on, while	دایاں پہلو پر کے دوران	دو حرفِ اضافت ساتھ: پر کے
1	respiration, deep, on	سانس گہرے پر	صفت اسم کے بعد؟
1	with general amel.	عمومی کے ساتھ سے آرام	دو حرفِ اضافت ساتھ: ساتھ سے
1	urging to, during	حاجت (زور) تک کے دوران	دو حرفِ اضافت ساتھ: تک کے · قوسین
1	with milk, after	دودھ کے ساتھ کے بعد	دو حرفِ اضافت ساتھ: ساتھ کے
1	joy, sudden, from	خوشی اچانک سے	صفت اسم کے بعد؟
1	abdomen, on the, amel.	پیٹ پر سے آرام	دو حرفِ اضافت ساتھ: پر سے
1	on the, agg.	پر سے بگاڑ	دو حرفِ اضافت ساتھ: پر سے · حرفِ اضافت سے شروع
1	hot, amel.	تپتا ہوے سے آرام	ٹوٹا لفظ
1	rising, from bed amel.	اٹھنا بستر سے آرام	فعل پہلے، اسم بعد
1	after getting feet	ہونا (پہنچنا) پاؤں کے بعد	قوسین
1	acrid moisture, from	تیز (جلانے والا) نمی سے	قوسین
1	on passing agg.	گزرنے پر سے بگاڑ	دو حرفِ اضافت ساتھ: پر سے
1	on passing, amel.	گزرنے پر سے آرام	دو حرفِ اضافت ساتھ: پر سے
1	clothing, on tightening	کپڑے کستا ہوے پر	ٹوٹا لفظ
1	lumpy mucus	گٹھلیوں والا لعاب (بلغمی مادہ)	قوسین
1	of meat, like	گوشت جیسے کا	آخر میں کا
1	sensation as if, rest agg.	احساس گویا آرام (سکون) سے بگاڑ	قوسین
1	open air, in, amel., rest agg.	کھلی ہوے میں سے آرام (سکون) سے بگاڑ	ٹوٹا لفظ · دو حرفِ اضافت ساتھ: میں سے · قوسین
1	suppression of urine, with	پیشاب دب جانے سے کے ساتھ	دو حرفِ اضافت ساتھ: سے کے
1	ineffectual urging	بے اثر (بے سود) حاجت (زور)	قوسین
1	urging, with, while lying on the back	حاجت (زور) کے ساتھ پیٹھ کے بل لیٹنے کے دوران	قوسین
1	wet, after getting feet	گیلا ہونا (پہنچنا) پاؤں کے بعد	قوسین
1	stool, with urging to	پاخانہ حاجت (زور) تک کے ساتھ	دو حرفِ اضافت ساتھ: تک کے · قوسین
1	on, right side	پر دایاں پہلو	حرفِ اضافت سے شروع
1	spasm of the bladder, from	مثانے کا جھٹکا (تشنج) سے	قوسین
1	and spasm of urethra	پیشاب کی نالی کا اور جھٹکا (تشنج)	قوسین
1	retention, from long	رکاوٹ (پیشاب کی) لمبے سے	قوسین
1	dinner after	بڑا کھانا (پیٹ بھر) کے بعد	قوسین
1	painful erections, with	دردناک تناؤ (عضو کا) کے ساتھ	قوسین
1	noise, sudden	آواز اچانک	صفت اسم کے بعد؟
1	bent, forward	جھکا ہوا آگے کو	آخر میں کو
1	left, with cramp, extending into thighs	بایاں مروڑ (پٹھے کا) کے ساتھ رانیوں کے اندر پھیلتا	قوسین
1	region of, pressure agg.	حصہ دباؤ سے بگاڑ کا	آخر میں کا
1	extending to thighs, with stiffness	رانیں اکڑن کے ساتھ کی طرف پھیلتا	دو حرفِ اضافت ساتھ: ساتھ کی
1	jerking in region of	جھٹکے میں کا حصہ کا	دو حرفِ اضافت ساتھ: میں کا
1	erection, at beginning of	تناؤ (عضو کا) شروع میں کا	دو حرفِ اضافت ساتھ: میں کا · قوسین
1	moving about, on	ہلنا کے بارے میں پر	دو حرفِ اضافت ساتھ: میں پر
1	pains in, stomach, and vomiting	درد (جمع) میں معدہ اور قے	قوسین
1	acute, urination, during	تیز (حاد) پیشاب کرنے کے دوران	قوسین
1	rest agg., walking amel.	آرام (سکون) سے بگاڑ چلنے سے آرام	قوسین
1	evening, burning	شام جلن	صفت اسم کے بعد؟
1	morning, erections after	صبح تناؤ (عضو کا) کے بعد	قوسین
1	ineffectual urging, with	بے اثر (بے سود) حاجت (زور) کے ساتھ	قوسین
1	in open air, on	کھلی ہوا میں پر	دو حرفِ اضافت ساتھ: میں پر
1	shooting, on quiet emission of flatus	ریاح کا لپکتا درد خاموش (پرسکون) احتلام پر	قوسین
1	night, erections, during	رات تناؤ (عضو کا) کے دوران	قوسین
1	penis, erection, during	عضو تناسل تناؤ (عضو کا) کے دوران	قوسین
1	nodules, hard, painful, suppurating	گٹھلیاں سخت دردناک پیپ بھرا	صفت اسم کے بعد؟
1	sense of, spermatic cords	احساس منی کی نالیاں کا	آخر میں کا
1	falling of, offensive sweat, from	گرنا بدبودار پسینے سے کا	فعل پہلے، اسم بعد · دو حرفِ اضافت ساتھ: سے کا · آخر میں کا
1	morning erections, with violent	صبح تناؤ (عضو کا) شدید کے ساتھ	قوسین
1	erections, after, without coition	تناؤ (عضو کا) کے بعد کے بغیر مجامعت	قوسین
1	at root of	جڑ پر کا	دو حرفِ اضافت ساتھ: پر کا
1	erection, after	تناؤ (عضو کا) کے بعد	قوسین
1	back, while lying on	پیٹھ لیٹنا پر کے دوران	دو حرفِ اضافت ساتھ: پر کے
1	erections, without	تناؤ (عضو کا) کے بغیر	قوسین
1	erection, without	تناؤ (عضو کا) کے بغیر	قوسین
1	excitement of, easy	اشتعال آسان کا	صفت اسم کے بعد؟ · آخر میں کا
1	hard, painless	سخت بے درد	صفت اسم کے بعد؟
1	cheesy base	پنیر جیسا بنیاد (نچلا سرا)	قوسین
1	lardaceous base	چربی جیسا بنیاد (نچلا سرا)	قوسین
1	ovaries, sensation of, left	بیضہ دانیاں احساس بایاں کا	آخر میں کا
1	early, too	جلد (وقت سے پہلے) بہت	قوسین
1	frequent, too early, too soon	بار بار ہونے والا بہت جلد (وقت سے پہلے) بہت جلدی ہی	قوسین
1	feet wet, from getting	پاؤں گیلا ہونا (پہنچنا) سے	قوسین
1	bent, agg.	جھکا ہوے سے بگاڑ	ٹوٹا لفظ
1	bending up amel.	موڑنا اوپر کی جانب سے آرام	فعل پہلے، اسم بعد
1	to, thighs	تک رانیں	حرفِ اضافت سے شروع
1	sitting bent, from	بیٹھنا جھکا ہوے سے	ٹوٹا لفظ
1	grasping, ovaries	پکڑنا بیضہ دانیاں	فعل پہلے، اسم بعد
1	labor pains	دردِ زہ درد (جمع)	قوسین
1	extending limbs amel.	پھیلتا ہوا اعضا (ہاتھ پاؤں) سے آرام	قوسین
1	limbs, down	اعضا (ہاتھ پاؤں) نیچے کی جانب	قوسین
1	lying on, back amel.	لیٹنا پر پیٹھ سے آرام	فعل پہلے، اسم بعد
1	open air, in the, while	کھلی ہوا میں کے دوران	دو حرفِ اضافت ساتھ: میں کے
1	stool, with urging to, after menses	پاخانہ حاجت (زور) تک کے ساتھ حیض کے بعد	دو حرفِ اضافت ساتھ: تک کے · قوسین
1	extending down the limbs	اعضا (ہاتھ پاؤں) میں نیچے تک پھیلتا	قوسین
1	urging to, constant	حاجت (زور) تک مستقل	صفت اسم کے بعد؟ · قوسین
1	vagina, cysts	اندام نہانی آبلے (کیسے)	قوسین
1	inspiration cold, expiration hot	سانس اندر لینا سردی سانس باہر نکالنا تپتا ہوا	دو مصدر
1	in, bed	میں بستر	حرفِ اضافت سے شروع
1	in trachea, sensation of	ہوا کی نالی احساس میں کا	دو حرفِ اضافت ساتھ: میں کا
1	heated, from getting	گرم ہونا (پہنچنا) سے	قوسین
1	exertion, slightest, on	محنت ذرا سے پر	دو حرفِ اضافت ساتھ: سے پر
1	blood, taste of, with	خون ذائقے کے ساتھ کا	دو حرفِ اضافت ساتھ: ساتھ کا · آخر میں کا
1	falling, asleep, before	گرنا سویا ہوے سے پہلے	ٹوٹا لفظ
1	warm air amel.	گرم ہوے سے آرام	ٹوٹا لفظ
1	draft of, agg.	ہوا کا جھونکے سے بگاڑ کا	آخر میں کا
1	mental exertion, by	ذہنی محنت سے (ذریعے)	قوسین
1	rash, after suppression of acute	دانے (ریش) تیز (حاد) دب جانے سے کے بعد	دو حرفِ اضافت ساتھ: سے کے · قوسین
1	5 p.m., sudden	سہ پہر ۵ بجے اچانک	صفت اسم کے بعد؟
1	constriction of, trachea	تنگی ہوا کی نالی کا	آخر میں کا
1	heated, when overheated	گرم ہونا جب زیادہ گرم ہو جانا	دو مصدر
1	with shoulders elevated amel.	کندھے ابھرا ہوے کے ساتھ سے آرام	ٹوٹا لفظ · دو حرفِ اضافت ساتھ: ساتھ سے
1	chest, from anxiety in	سینہ بے چینی میں سے	دو حرفِ اضافت ساتھ: میں سے
1	speaking, rapidly, when	جب بولنا (گفتگو) تیزی سے	قوسین
1	from pressure on	دباؤ پر سے	دو حرفِ اضافت ساتھ: پر سے
1	slowly, about, amel.	آہستہ کے بارے میں سے آرام	دو حرفِ اضافت ساتھ: میں سے
1	hot breath	تپتا ہوا سانس (دم)	قوسین
1	cold limbs, with	سردی اعضا (ہاتھ پاؤں) کے ساتھ	قوسین
1	sitting quiet, while	بیٹھنا خاموش (پرسکون) کے دوران	قوسین
1	lying, on back agg.	لیٹنا پیٹھ پر سے بگاڑ	فعل پہلے، اسم بعد · دو حرفِ اضافت ساتھ: پر سے
1	evening, while lying quiet, agg.	شام لیٹنا خاموش (پرسکون) کے دوران سے بگاڑ	قوسین
1	deep breath, after	گہرا سانس (دم) کے بعد	قوسین
1	sleep, on falling to	نیند گرنا تک پر	دو حرفِ اضافت ساتھ: تک پر
1	stinging, in larynx, from	ڈنک جیسے حنجرے میں سے	دو حرفِ اضافت ساتھ: میں سے
1	sensation of, in throat-pit, from	احساس گلے کا گڑھے میں سے	دو حرفِ اضافت ساتھ: میں سے
1	with discharge of	رطوبت کے ساتھ کا	دو حرفِ اضافت ساتھ: ساتھ کا
1	exertion, violent, from	محنت شدید سے	صفت اسم کے بعد؟
1	room, heat of, agg.	کمرہ گرمی سے بگاڑ کا	آخر میں کا
1	sharp, cold air, from	تیز دھار ٹھنڈی ہوے سے	ٹوٹا لفظ
1	in, trachea	میں ہوا کی نالی	حرفِ اضافت سے شروع
1	escape of fetid, pungent air, with	سخت بدبودار تیکھا ہوے کا بھاگ جانے کے ساتھ	ٹوٹا لفظ
1	sensation as of, in throat, from	احساس گلے میں سے کا	دو حرفِ اضافت ساتھ: میں سے · آخر میں کا
1	at first amel., then agg.	پہلے سے آرام پھر پر سے بگاڑ	دو حرفِ اضافت ساتھ: پر سے
1	in side, from	پہلو میں سے	دو حرفِ اضافت ساتھ: میں سے
1	sudden, violent, in evening, while sitting	اچانک شدید شام میں بیٹھنے کے دوران	صفت اسم کے بعد؟
1	epigastrium, in, from	معدے کا اوپری حصے میں سے	دو حرفِ اضافت ساتھ: میں سے
1	larynx in, from	حنجرہ میں سے	دو حرفِ اضافت ساتھ: میں سے
1	in, from	میں سے	دو حرفِ اضافت ساتھ: میں سے · حرفِ اضافت سے شروع
1	thyroid gland, in region of	تھائیرائیڈ غدود میں کا حصہ کا	دو حرفِ اضافت ساتھ: میں کا
1	sitting up, amel.	بیٹھنا اوپر کی جانب سے آرام	فعل پہلے، اسم بعد
1	daytime amel.	دن میں کو آرام	دو حرفِ اضافت ساتھ: میں کو
1	raised, amel.	اٹھایا ہوے سے آرام	ٹوٹا لفظ
1	upper, in agg.	اوپری میں سے بگاڑ	دو حرفِ اضافت ساتھ: میں سے
1	sensation of, in, from	احساس میں سے	دو حرفِ اضافت ساتھ: میں سے
1	daytime, amel.	دن میں کو آرام	دو حرفِ اضافت ساتھ: میں کو
1	cool wind, in	ٹھنڈا سا ہوئے (تیز) میں	قوسین
1	swallowing mucus amel.	نگلنا لعاب (بلغمی مادہ) سے آرام	فعل پہلے، اسم بعد · قوسین
1	sensation of a, in larynx, from	ایک حنجرے میں کا احساس سے	دو حرفِ اضافت ساتھ: میں کا
1	on, trachea, from	پر ہوئے کی نالی سے	حرفِ اضافت سے شروع
1	reading aloud agg.	پڑھنا بلند آواز سے بگاڑ	فعل پہلے، اسم بعد
1	starting in, on	چونک اٹھنا میں پر	دو حرفِ اضافت ساتھ: میں پر
1	swallowing liquids agg.	نگلنا پتلی چیزیوں سے بگاڑ	فعل پہلے، اسم بعد
1	frequent, amel.	بار بار ہونے والے سے آرام	دو حرفِ اضافت ساتھ: والے سے
1	hot, agg.	تپتا ہوے سے بگاڑ	ٹوٹا لفظ
1	early, in bed	جلد (وقت سے پہلے) بستر میں	قوسین
1	food, amel.	کھانا (غذا) سے آرام	فعل پہلے، اسم بعد · قوسین
1	entering, from open air	داخل ہونا کھلی ہوے سے	ٹوٹا لفظ
1	warm, wet	گرم گیلا	صفت اسم کے بعد؟
1	little, bitter, green	تھوڑا کڑوا سبز	صفت اسم کے بعد؟
1	erection, after a violent	تناؤ (عضو کا) ایک شدید کے بعد	قوسین
1	sitting up	بیٹھنا اوپر کی جانب	فعل پہلے، اسم بعد
1	in bed, on	بستر میں پر	دو حرفِ اضافت ساتھ: میں پر
1	painful, small	دردناک چھوٹا	صفت اسم کے بعد؟
1	expectoration, copious, amel.	بلغم بہت زیادے سے آرام	صفت اسم کے بعد؟
1	moving about agg.	ہلنا کے بارے میں سے بگاڑ	فعل پہلے، اسم بعد · دو حرفِ اضافت ساتھ: میں سے
1	moving about, amel.	ہلنا کے بارے میں سے آرام	فعل پہلے، اسم بعد · دو حرفِ اضافت ساتھ: میں سے
1	on back, while	پیٹھ پر کے دوران	دو حرفِ اضافت ساتھ: پر کے
1	on left side, while	بایاں پہلو پر کے دوران	دو حرفِ اضافت ساتھ: پر کے
1	of nipples	نپل کا	آخر میں کا
1	mammae, sensation of, under left	پستان احساس بائیں کے نیچے کا	آخر میں کا
1	pain, at seat of	درد نشست (جگہ) پر کا	دو حرفِ اضافت ساتھ: پر کا · قوسین
1	bending backwards, amel.	موڑنا پیچھے کی طرف سے آرام	فعل پہلے، اسم بعد
1	spasmodic, during	مروڑ والے کے دوران	دو حرفِ اضافت ساتھ: والے کے
1	on right, agg.	دائیں پر سے بگاڑ	دو حرفِ اضافت ساتھ: پر سے
1	on, left	پر بایاں	حرفِ اضافت سے شروع
1	quiet agg.	خاموش (پرسکون) سے بگاڑ	قوسین
1	gangrene of lungs	پھیپھڑوں کا سڑاند (گینگرین)	قوسین
1	rising, to head	اٹھنا سر کی طرف	فعل پہلے، اسم بعد
1	on, right side agg.	پر دایاں پہلو سے بگاڑ	حرفِ اضافت سے شروع
1	arm backward	بازو پیچھے کو	آخر میں کو
1	head forward agg.	سر آگے کو سے بگاڑ	دو حرفِ اضافت ساتھ: کو سے
1	diaphragm, in region of	پردۂ شکم میں کا حصہ کا	دو حرفِ اضافت ساتھ: میں کا
1	erect, after rising, on sitting bent	کھڑا اٹھنے کے بعد بیٹھنا جھکا ہوے پر	ٹوٹا لفظ
1	drawn downwards	کھنچا ہوا نیچے کو	آخر میں کو
1	continued, from	مسلسل رہنے والے سے	دو حرفِ اضافت ساتھ: والے سے
1	in cool air	ٹھنڈا سا ہوے میں	ٹوٹا لفظ
1	of arms, anterior part of chest	سینے کا بازو اگلا حصے کا	آخر میں کا
1	on, left side	پر بایاں پہلو	حرفِ اضافت سے شروع
1	air, open air amel.	ہوا کھلی ہوے سے آرام	ٹوٹا لفظ
1	sitting, bent	بیٹھنا جھکا ہوا	فعل پہلے، اسم بعد
1	walking, in open air, after	چلنا کھلی ہوا میں کے بعد	دو حرفِ اضافت ساتھ: میں کے
1	bladder, after pain in	مثانہ درد میں کے بعد	دو حرفِ اضافت ساتھ: میں کے
1	right leg	دایاں ٹانگ (گھٹنے سے نیچے)	قوسین
1	extending to base of	بنیاد (نچلا سرا) کی طرف پھیلتا کا	قوسین
1	centre of	بیچ میں کا	دو حرفِ اضافت ساتھ: میں کا
1	abdomen on, amel.	پیٹ پر سے آرام	دو حرفِ اضافت ساتھ: پر سے
1	wandering pains, while	جگہ بدلتا ہوا درد (جمع) کے دوران	قوسین
1	afternoon, speaking, after	سہ پہر بولنا (گفتگو) کے بعد	قوسین
1	pressing on agg.	دبانے جیسا پر سے بگاڑ	دو حرفِ اضافت ساتھ: پر سے
1	sitting erect amel.	بیٹھنا کھڑے سے آرام	فعل پہلے، اسم بعد
1	to, shoulders	تک کندھے	حرفِ اضافت سے شروع
1	face, on the, amel.	چہرہ پر سے آرام	دو حرفِ اضافت ساتھ: پر سے
1	lying, on left side agg.	لیٹنا بایاں پہلو پر سے بگاڑ	فعل پہلے، اسم بعد · دو حرفِ اضافت ساتھ: پر سے
1	to right, on inspiration	دایاں سانس اندر لینے پر کی طرف	دو حرفِ اضافت ساتھ: پر کی
1	to base	بنیاد (نچلا سرا) کی طرف	قوسین
1	turning, by	کروٹ لینا سے (ذریعے)	قوسین
1	inspiration, deep, during	سانس اندر لینا گہرے کے دوران	صفت اسم کے بعد؟
1	noise, from every strange	آواز (شور) ہر اجنبی سے	قوسین
1	pains, during	درد (جمع) کے دوران	قوسین
1	respiration, deep, amel.	سانس گہرے سے آرام	صفت اسم کے بعد؟
1	noise in region of heart	دل کا آواز (شور) میں کا حصہ	دو حرفِ اضافت ساتھ: میں کا · قوسین
1	feeling of, in region of mammae	پستان کا احساس میں کا حصہ	دو حرفِ اضافت ساتھ: میں کا
1	to cold air	ٹھنڈی ہوے کی طرف	ٹوٹا لفظ
1	of mammae	پستان کا	آخر میں کا
1	hot, in	تپتا ہوے میں	ٹوٹا لفظ
1	reading, aloud	پڑھنا بلند آواز	فعل پہلے، اسم بعد
1	sitting long agg.	بیٹھنا لمبے سے بگاڑ	فعل پہلے، اسم بعد
1	scabs, bloody	کھرنڈ خونی	صفت اسم کے بعد؟
1	cervical region, white	گردن کا حصہ سفید	صفت اسم کے بعد؟
1	extending, to limbs	اعضا (ہاتھ پاؤں) کی طرف پھیلتا	قوسین
1	walking, on continued	چلنا مسلسل رہنے والے پر	دو حرفِ اضافت ساتھ: والے پر
1	breath, deep, on	سانس (دم) گہرے پر	صفت اسم کے بعد؟ · قوسین
1	scratching, burning, after	کھجانا جلن کے بعد	صفت اسم کے بعد؟
1	erections, violent, after	تناؤ (عضو کا) شدید کے بعد	صفت اسم کے بعد؟ · قوسین
1	on turning in	کروٹ لینا میں پر	دو حرفِ اضافت ساتھ: میں پر
1	of shoulders	کندھوں کا	آخر میں کا
1	writing, after continued	لکھنا مسلسل رہنے والے کے بعد	دو حرفِ اضافت ساتھ: والے کے
1	draft of, every	ہوا کا جھونکا ہر کا	آخر میں کا
1	air, from a draft of	ہوا ایک ہوا کا جھونکے سے کا	دو حرفِ اضافت ساتھ: سے کا
1	bending back agg.	موڑنا پیٹھ سے بگاڑ	فعل پہلے، اسم بعد
1	extending, to nape	گدی (گردن) کی طرف پھیلتا	قوسین
1	forward, on	آگے کو پر	دو حرفِ اضافت ساتھ: کو پر
1	cervical region, nape	گردن کا حصہ گدی (گردن)	قوسین
1	pressure, deep, amel.	دباؤ گہرے سے آرام	صفت اسم کے بعد؟
1	bending backward, when	جب موڑنا پیچھے کو	آخر میں کو
1	of right	دائیں کا	آخر میں کا
1	moving, arms agg.	ہلنا بازو سے بگاڑ	فعل پہلے، اسم بعد
1	continued, after	مسلسل رہنے والے کے بعد	دو حرفِ اضافت ساتھ: والے کے
1	fall, as from a	گرنا (گرنے کا خدشہ) — ایک جیسا	فعل پہلے، اسم بعد · قوسین
1	urination, preventing	پیشاب کرنا روکنا	دو مصدر
1	walking rapidly agg.	چلنا تیزی سے بگاڑ	فعل پہلے، اسم بعد
1	walking, slowly amel.	چلنا آہستے سے آرام	فعل پہلے، اسم بعد
1	bending forward, while sitting, amel.	موڑنا آگے کو بیٹھنے کے دوران سے آرام	فعل پہلے، اسم بعد
1	bent backward amel.	جھکا ہوا پیچھے کو سے آرام	دو حرفِ اضافت ساتھ: کو سے
1	and upwards	اور اوپر کو	آخر میں کو
1	on something hard amel.	کوئی چیز سخت پر سے آرام	دو حرفِ اضافت ساتھ: پر سے
1	bending forward, on	موڑنا آگے کو پر	دو حرفِ اضافت ساتھ: کو پر
1	leaning, sideways	ٹیک لگانا ایک طرف کو	آخر میں کو
1	urging at, when	جب حاجت (زور) وقت	قوسین
1	coughing, on, agg.	کھانسنے پر سے بگاڑ	دو حرفِ اضافت ساتھ: پر سے
1	hard, on something, amel.	سخت کوئی چیز پر سے آرام	دو حرفِ اضافت ساتھ: پر سے
1	on rising agg.	اٹھنے پر سے بگاڑ	دو حرفِ اضافت ساتھ: پر سے
1	on rising, amel.	اٹھنے پر سے آرام	دو حرفِ اضافت ساتھ: پر سے
1	noise, running water	آواز (شور) دوڑنا پانی	قوسین
1	bending head, forward, compelling	موڑنا سر آگے کو مجبور کرنے والا	فعل پہلے، اسم بعد
1	to, occiput	تک گدی	حرفِ اضافت سے شروع
1	face, on, amel.	چہرے پر سے آرام	دو حرفِ اضافت ساتھ: پر سے
1	with urging to	حاجت (زور) تک کے ساتھ	دو حرفِ اضافت ساتھ: تک کے · قوسین
1	extending to nape of neck, evening after lying down	گردن شام لیٹنے کے بعد کا گدی (گردن) کی طرف پھیلتا	قوسین
1	pressure on agg.	دباؤ پر سے بگاڑ	دو حرفِ اضافت ساتھ: پر سے
1	touch of clothing, sensitive to	کپڑے حساس تک کا چھونا	دو حرفِ اضافت ساتھ: تک کا
1	spinal irritation	ریڑھ کا خارش/جلن (اشتعال)	قوسین
1	stool, when urging	پاخانہ جب حاجت (زور)	قوسین
1	leaning sideways, while	ٹیک لگانا ایک طرف کو کے دوران	دو حرفِ اضافت ساتھ: کو کے
1	talking while	بولنا کرتے ہوئے	فعل پہلے، اسم بعد
1	motion, on agg.	حرکت پر سے بگاڑ	دو حرفِ اضافت ساتھ: پر سے
1	on every breath	ہر سانس (دم) پر	قوسین
1	in bed, on bending forward	بستر موڑنا آگے کو پر میں	دو حرفِ اضافت ساتھ: کو پر
1	rising from, stooping	اٹھنا سے جھکنا	فعل پہلے، اسم بعد · دو مصدر
1	extending down small of back to region of bladder	مثانے کا پیٹھ تک کا حصے کا چھوٹے میں نیچے تک پھیلتا	دو حرفِ اضافت ساتھ: تک کا
1	to limbs	اعضا (ہاتھ پاؤں) کی طرف	قوسین
1	nape, while walking	گدی (گردن) چلنے کے دوران	قوسین
1	bending forward, when	جب موڑنا آگے کو	آخر میں کو
1	from, stooping	سے جھکنا	حرفِ اضافت سے شروع
1	daytime, while at rest	دن میں آرام (سکون) پر کے دوران	دو حرفِ اضافت ساتھ: پر کے · قوسین
1	passing flatus amel.	گزرنا ریاح سے آرام	فعل پہلے، اسم بعد
1	swelling of nape of neck	گردن کا گدی (گردن) کا سوجن	قوسین
1	glands of nape	گدی (گردن) کا غدود	قوسین
1	walking while agg.	چلنا کرتے ہوئوں سے بگاڑ	فعل پہلے، اسم بعد
1	abdomen, pain in, with	پیٹ درد میں کے ساتھ	دو حرفِ اضافت ساتھ: میں کے
1	of one side of body	جسم کا ایک طرف کا	آخر میں کا
1	sacrum, pain in, during	کولھے کی ہڈی درد میں کے دوران	دو حرفِ اضافت ساتھ: میں کے
1	wind, as from cold	ہوا (تیز) — سردی جیسا	قوسین
1	in, stripes, extending to umbilicus	میں دھاریاں ناف کی طرف پھیلتا	حرفِ اضافت سے شروع
1	becoming dark	ہونا گہرا رنگ	فعل پہلے، اسم بعد
1	on inflamed base	سوجا ہوا بنیاد (نچلا سرا) پر	قوسین
1	scales, white	چھلکے سفید	صفت اسم کے بعد؟
1	crusts, yellow	پپڑیاں زرد	صفت اسم کے بعد؟
1	excrescences, wart-like	ابھار (زائد گوشت) مسے جیسا	قوسین
1	discharge, thin watery	رطوبت پتلا (پانی جیسا)	قوسین
1	areola, red	نپل کا حلقہ سرخ	صفت اسم کے بعد؟
1	elevated base	ابھرا ہوا بنیاد (نچلا سرا)	قوسین
1	blisters, black	آبلے سیاہ	صفت اسم کے بعد؟
1	nodes, white	گانٹھیں سفید	صفت اسم کے بعد؟
1	elevated, white	ابھرا ہوا سفید	صفت اسم کے بعد؟
1	blood boils, large	خون پھوڑے بڑا	صفت اسم کے بعد؟
1	red, small	سرخ چھوٹا	صفت اسم کے بعد؟
1	knee, bend of	گھٹنا کا موڑ	فعل پہلے، اسم بعد
1	sense of, in joints	احساس میں کے جوڑ کا	دو حرفِ اضافت ساتھ: میں کے · آخر میں کا
1	chill, at beginning of	سردی لگنا شروع میں کا	دو حرفِ اضافت ساتھ: میں کا
1	sensation of on hands	ہاتھ پر کا احساس	دو حرفِ اضافت ساتھ: پر کا
1	motion, continued amel.	حرکت مسلسل رہنے والے سے آرام	دو حرفِ اضافت ساتھ: والے سے
1	knee, hollow of	گھٹنا کھوکھلی کا	فعل پہلے، اسم بعد
1	drawing, up leg	کھنچاؤ اوپر کی جانب ٹانگ (گھٹنے سے نیچے)	قوسین
1	flexing leg, on	موڑ کر رکھنا ٹانگ (گھٹنے سے نیچے) پر	قوسین
1	rising from, bed	اٹھنا سے بستر	فعل پہلے، اسم بعد
1	leg, when	جب ٹانگ (گھٹنے سے نیچے)	قوسین
1	turning, over in bed	کروٹ لینا بستر میں کے اوپر	دو حرفِ اضافت ساتھ: میں کے
1	colic, preceding	مروڑ (پیٹ کا) سے پہلے آنے والا	قوسین
1	back of, at night in bed	پچھلا حصہ رات بستر میں پر	دو حرفِ اضافت ساتھ: میں پر
1	extending agg.	پھیلتا ہوے سے بگاڑ	ٹوٹا لفظ
1	stretching leg	انگڑائی ٹانگ (گھٹنے سے نیچے)	قوسین
1	forenoon, while in bed	دوپہر سے پہلے بستر میں کے دوران	دو حرفِ اضافت ساتھ: میں کے
1	daytime, during	دن میں کے دوران	دو حرفِ اضافت ساتھ: میں کے
1	fingers, difficult	انگلیاں مشکل	صفت اسم کے بعد؟
1	with burning, tearing pains	جلن پھاڑنے جیسا درد (جمع) کے ساتھ	قوسین
1	nails, rapid	ناخن تیز رفتار	صفت اسم کے بعد؟
1	perspiration, cold, after	پسینہ سردی کے بعد	صفت اسم کے بعد؟
1	after, wine	کے بعد شراب (انگوری)	قوسین
1	perspiration, cold, during	پسینہ سردی کے دوران	صفت اسم کے بعد؟
1	horny excrescences	سینگ جیسا سخت ابھار (زائد گوشت)	قوسین
1	becoming cool agg.	ہونا ٹھنڈا سے بگاڑ	فعل پہلے، اسم بعد
1	electric shocks	بجلی جیسا جھٹکے (صدمے)	قوسین
1	upper arm, difficult	بازو کا اوپر مشکل	صفت اسم کے بعد؟
1	of one	ایک کا	آخر میں کا
1	running down	دوڑنا نیچے کی جانب	فعل پہلے، اسم بعد
1	walking, only while	چلنا صرف کرتے ہوئے	فعل پہلے، اسم بعد
1	lying, on left side, while	لیٹنا بایاں پہلو پر کے دوران	دو حرفِ اضافت ساتھ: پر کے
1	on it while	یہ کرتے ہوئوں پر	ضمیر لفظی
1	gouty limbs	گنٹھیا والا اعضا (ہاتھ پاؤں)	قوسین
1	pain in region of heart	دل کا درد میں کا حصہ	دو حرفِ اضافت ساتھ: میں کا
1	in cool air amel.	ٹھنڈا سا ہوے میں سے آرام	ٹوٹا لفظ · دو حرفِ اضافت ساتھ: میں سے
1	ball of right	دائیں کا گدی (ابھار)	قوسین
1	extending down back of leg	ٹانگ (گھٹنے سے نیچے) کا پیٹھ میں نیچے تک پھیلتا	قوسین
1	stretching leg agg.	انگڑائی ٹانگ (گھٹنے سے نیچے) سے بگاڑ	قوسین
1	to, hand	تک ہاتھ	حرفِ اضافت سے شروع
1	stepping, on, while	قدم رکھنے پر کے دوران	دو حرفِ اضافت ساتھ: پر کے
1	extending arm, on agg.	پھیلتا ہوا بازو پر سے بگاڑ	دو حرفِ اضافت ساتھ: پر سے
1	bending, leg back	موڑنا ٹانگ (گھٹنے سے نیچے) پیٹھ	فعل پہلے، اسم بعد · قوسین
1	to, soles	تک تلوے	حرفِ اضافت سے شروع
1	extending into leg	ٹانگ (گھٹنے سے نیچے) کے اندر پھیلتا	قوسین
1	lying, on sore side amel.	لیٹنا چھونے پر دکھن پہلو پر سے آرام	فعل پہلے، اسم بعد · دو حرفِ اضافت ساتھ: پر سے
1	wine, after, agg.	شراب (انگوری) کے بعد سے بگاڑ	قوسین
1	sitting, reading	بیٹھنا پڑھنا	دو مصدر
1	lower part of, when writing	نچلا حصہ جب لکھنا کا	آخر میں کا
1	foot, ball of	پاؤں گدی (ابھار) کا	قوسین
1	ulnar side of, extending to index finger	چھنگلی والی طرف شہادت کی انگلی کی طرف پھیلتا کا	آخر میں کا
1	middle of, evening, while sitting	درمیانی شام بیٹھنے کے دوران کا	آخر میں کا
1	ball, writing, while	گدی (ابھار) لکھتے ہوئے	قوسین
1	leg, in front of	ٹانگ (گھٹنے سے نیچے) سامنے کا	قوسین
1	of limbs	اعضا کا	آخر میں کا
1	pain, in limbs	درد اعضا (ہاتھ پاؤں) میں	قوسین
1	up leg	اوپر کی جانب ٹانگ (گھٹنے سے نیچے)	قوسین
1	spots, painful	دھبے دردناک	صفت اسم کے بعد؟
1	continued, agg.	مسلسل رہنے والے سے بگاڑ	دو حرفِ اضافت ساتھ: والے سے
1	warmth of, bed, amel.	گرماہٹ بستر سے آرام کا	آخر میں کا
1	eruptions, acute, after	دانے تیز (حاد) کے بعد	قوسین
1	to, knee	تک گھٹنا	حرفِ اضافت سے شروع
1	motion continued amel.	حرکت مسلسل رہنے والے سے آرام	دو حرفِ اضافت ساتھ: والے سے
1	move on, beginning to	ہلنا (حرکت کرنا) پر شروع کرنے پر	قوسین
1	lying quiet amel.	لیٹنا خاموش (پرسکون) سے آرام	فعل پہلے، اسم بعد · قوسین
1	of arm	بازو کا	آخر میں کا
1	swallowing food	نگلنا کھانا	دو مصدر
1	bending it	موڑنا یہ	ضمیر لفظی
1	moving it	ہلنا یہ	ضمیر لفظی
1	lying, on painful side amel.	لیٹنا دردناک پہلو پر سے آرام	فعل پہلے، اسم بعد · دو حرفِ اضافت ساتھ: پر سے
1	bending it, on	موڑنا یے پر	ٹوٹا لفظ
1	grasping it, on	پکڑنا یے پر	ٹوٹا لفظ
1	walking after, fast	چلنا کے بعد تیز	فعل پہلے، اسم بعد
1	extending it, on	پھیلتا ہوا یے پر	ٹوٹا لفظ
1	turning leg	کروٹ لینا ٹانگ (گھٹنے سے نیچے)	قوسین
1	extending, to ball of foot	پاؤں کا گدی (ابھار) کی طرف پھیلتا	قوسین
1	ball, evening, in bed	گدی (ابھار) شام بستر میں	قوسین
1	into leg	ٹانگ (گھٹنے سے نیچے) کے اندر	قوسین
1	rising, from a seat, on	اٹھنا کرسی سے پر	دو حرفِ اضافت ساتھ: سے پر
1	stepping, hard	قدم رکھنا سخت	صفت اسم کے بعد؟
1	lying, on it, while	لیٹنا یے پر کے دوران	ٹوٹا لفظ · دو حرفِ اضافت ساتھ: پر کے
1	up leg amel.	اوپر کی جانب ٹانگ (گھٹنے سے نیچے) سے آرام	قوسین
1	on beginning to walk agg.	چہل قدمی شروع کرنے پر سے بگاڑ	دو حرفِ اضافت ساتھ: پر سے
1	to, hip	تک کولھا	حرفِ اضافت سے شروع
1	twinging, drawing	ٹیس اٹھنا کھنچاؤ	صفت اسم کے بعد؟
1	extending it	پھیلتا ہوا یہ	ضمیر لفظی
1	of fingers	انگلیوں کا	آخر میں کا
1	to, shoulder	تک کندھا	حرفِ اضافت سے شروع
1	of foot	پاؤں کا	آخر میں کا
1	to, toes	تک پاؤں کی انگلیاں	حرفِ اضافت سے شروع
1	pressive agg.	دبانے والے سے بگاڑ	دو حرفِ اضافت ساتھ: والے سے
1	pressive amel.	دبانے والے سے آرام	دو حرفِ اضافت ساتھ: والے سے
1	pulsating pains	دھڑکن دار درد (جمع)	قوسین
1	lying, on painful side agg.	لیٹنا دردناک پہلو پر سے بگاڑ	فعل پہلے، اسم بعد · دو حرفِ اضافت ساتھ: پر سے
1	lying, on well side amel.	لیٹنا ٹھیک پہلو پر سے آرام	فعل پہلے، اسم بعد · دو حرفِ اضافت ساتھ: پر سے
1	moving arm amel.	ہلنا بازو سے آرام	فعل پہلے، اسم بعد
1	uncovering it	کھولنا یہ	ضمیر لفظی
1	in, open air amel.	میں کھلی ہوے سے آرام	ٹوٹا لفظ · حرفِ اضافت سے شروع
1	dorsum of hand	ہاتھ کا پشت (اوپری سطح)	قوسین
1	of wrist	کلائی کا	آخر میں کا
1	stretching leg amel.	انگڑائی ٹانگ (گھٹنے سے نیچے) سے آرام	قوسین
1	bending, arms backwards	موڑنا بازو پیچھے کی طرف	فعل پہلے، اسم بعد
1	leg, sensation of	ٹانگ (گھٹنے سے نیچے) احساس کا	قوسین
1	alternating with drawing, tearing	باری باری کھنچاؤ پھاڑنے جیسے کے ساتھ	صفت اسم کے بعد؟
1	shocks, with	جھٹکے (صدمے) کے ساتھ	قوسین
1	suppressed eruption, from	دبی ہوئی دانے (اخراج) سے	قوسین
1	on back, during	پیٹھ پر کے دوران	دو حرفِ اضافت ساتھ: پر کے
1	under, dinner amel.	نیچے بڑا کھانا (پیٹ بھر) سے آرام	قوسین
1	sleep, at beginning of	نیند شروع میں کا	دو حرفِ اضافت ساتھ: میں کا
1	walking slowly, amel.	چلنا آہستے سے آرام	فعل پہلے، اسم بعد
1	from open air	کھلی ہوے سے	ٹوٹا لفظ
1	rising after, amel.	اٹھنا کے بعد سے آرام	فعل پہلے، اسم بعد
1	daytime, during rest	دن میں آرام (سکون) کے دوران	قوسین
1	leg, to a draft of air	ہوا کا ٹانگ (گھٹنے سے نیچے) ایک ہوا کا جھونکے کی طرف	قوسین
1	sleeping, when, after dinner	سونے پر بڑا کھانا (پیٹ بھر) کے بعد	قوسین
1	leg, shivering	ٹانگ (گھٹنے سے نیچے) کپکپی	قوسین
1	sinking down	دھنسنا نیچے کی جانب	فعل پہلے، اسم بعد
1	tearing, in, after	پھاڑنے جیسے میں کے بعد	دو حرفِ اضافت ساتھ: میں کے
1	alternating, with tearing pains	باری باری پھاڑنے جیسا درد (جمع) کے ساتھ	قوسین
1	cramp, like a	مروڑ (پٹھے کا) جیسا ایک	قوسین
1	sole, painful	تلوا دردناک	صفت اسم کے بعد؟
1	of first finger	شہادت کی انگلی کا	آخر میں کا
1	evening, in bed, agg.	شام بستر میں سے بگاڑ	دو حرفِ اضافت ساتھ: میں سے
1	blisters, black, putrid	آبلے سیاہ سڑاند بھرا	صفت اسم کے بعد؟
1	eruption, with	دانے (اخراج) کے ساتھ	قوسین
1	moving toes	ہلنا پاؤں کی انگلیاں	فعل پہلے، اسم بعد
1	colic, after	مروڑ (پیٹ کا) کے بعد	قوسین
1	suppression of menses, with	حیض دب جانے سے کے ساتھ	دو حرفِ اضافت ساتھ: سے کے
1	electric shocks, as from	بجلی جیسے جھٹکے (صدمے) جیسے کسی سے	قوسین
1	spasm, at beginning	جھٹکا (تشنج) شروع میں	قوسین
1	running, oozing	دوڑنا رسنا	دو مصدر
1	leg, morning, on waking	ٹانگ (گھٹنے سے نیچے) صبح جاگنے پر	قوسین
1	from a seat, after	کرسی سے کے بعد	دو حرفِ اضافت ساتھ: سے کے
1	feet wet, getting, after	پاؤں گیلا ہونا (پہنچنا) کے بعد	قوسین
1	fever, catarrhal, during	بخار نزلے والے کے دوران	دو حرفِ اضافت ساتھ: والے کے
1	waking, on, amel.	جاگنے پر سے آرام	دو حرفِ اضافت ساتھ: پر سے
1	voluptuous images, by	شہوانی تصویریں سے (ذریعے)	قوسین
1	arrested, of being	گرفتار ہونے کا	آخر میں کا
1	limbs broken	اعضا (ہاتھ پاؤں) ٹوٹنے جیسا	قوسین
1	bitten by, of being	کاٹا گیا سے (ذریعے) ہونے کا	آخر میں کا · قوسین
1	pursued, of being	تعاقب کیا جا رہا ہے ہونے کا	آخر میں کا
1	of dissecting robbers	چیرتا ہوا ڈاکو کا	آخر میں کا
1	of fighting with	لڑائی کے ساتھ کا	دو حرفِ اضافت ساتھ: ساتھ کا · آخر میں کا
1	of working in	کام کرنا میں کا	دو حرفِ اضافت ساتھ: میں کا · آخر میں کا
1	falling into	گرنا کے اندر	فعل پہلے، اسم بعد
1	sensation of heat, by	گرمی سے (ذریعے) کا احساس	قوسین
1	twitching of limbs	اعضا (ہاتھ پاؤں) کا پھڑکن	قوسین
1	in abdomen, during	پیٹ میں کے دوران	دو حرفِ اضافت ساتھ: میں کے
1	in strong air	مضبوط ہوے میں	ٹوٹا لفظ
1	of hands	ہاتھ کا	آخر میں کا
1	from 1 a.m. to 2 a.m.	رات ۱ سے ۲ بجے تک سے	دو حرفِ اضافت ساتھ: تک سے
1	twitching of the limbs	اعضا (ہاتھ پاؤں) کا پھڑکن	قوسین
1	wine, after abuse of	شراب (انگوری) کا زیادہ استعمال کے بعد	قوسین
1	cold limbs, from	سردی اعضا (ہاتھ پاؤں) سے	قوسین
1	exercise in, amel.	ورزش میں سے آرام	دو حرفِ اضافت ساتھ: میں سے
1	bed in agg.	بستر میں سے بگاڑ	دو حرفِ اضافت ساتھ: میں سے
1	rising from agg.	اٹھنا سے بگاڑ	فعل پہلے، اسم بعد
1	rising from, amel.	اٹھنا سے آرام	فعل پہلے، اسم بعد
1	bladder, neck of, after urinating	مثانہ گردن پیشاب کرنے کے بعد کا	آخر میں کا
1	with flushes of	لہریں (گرمی کی) کے ساتھ کا	دو حرفِ اضافت ساتھ: ساتھ کا · قوسین
1	in, spots	میں دھبے	حرفِ اضافت سے شروع
1	uncover, with desire to	ننگا کرنا خواہش تک کے ساتھ	دو حرفِ اضافت ساتھ: تک کے
1	room, warm, in a	کمرہ گرم ایک میں	صفت اسم کے بعد؟
1	flying heat, with	اڑتا ہوا (ایک جگہ سے دوسری) گرمی کے ساتھ	قوسین
1	to, 3 p.m.	تک دوپہر ۳ بجے	حرفِ اضافت سے شروع
1	to, 11 a.m.	تک صبح ۱۱ بجے	حرفِ اضافت سے شروع
1	from getting wet	ہونا (پہنچنا) گیلے سے	قوسین
1	working in, from	کام کرنا میں سے	دو حرفِ اضافت ساتھ: میں سے
1	chilliness, dry, burning heat	سردی کی لہر خشک جلن گرمی	صفت اسم کے بعد؟
1	to, 8 p.m.	تک شام ۸ بجے	حرفِ اضافت سے شروع
1	to, 12 p.m.	تک دوپہر ۱۲ بجے	حرفِ اضافت سے شروع
1	in heat of	گرمی میں کا	دو حرفِ اضافت ساتھ: میں کا
1	hot, dry	تپتا ہوا خشک	صفت اسم کے بعد؟
1	front of body	جسم کا سامنے کا	آخر میں کا
1	while walking in the open air, with chilliness	کھلی ہوا میں چلنا سردی کی لہر کے ساتھ کے دوران	دو حرفِ اضافت ساتھ: ساتھ کے
1	cold water, after working in	ٹھنڈا پانی کام کرنا میں کے بعد	دو حرفِ اضافت ساتھ: میں کے
1	blisters, from on	آبلے پر سے	دو حرفِ اضافت ساتھ: پر سے
1	around edges	کنارے (سرے) کے گرد	قوسین
1	deep, bloody	گہرا خونی	صفت اسم کے بعد؟
1	red wine, like	سرخ شراب (انگوری) جیسا	قوسین
1	smooth, indurated	چکنا سخت گٹھلی بنا	فعل پہلے، اسم بعد · دو مصدر
1	becoming bluish	ہونا نیلا مائل	فعل پہلے، اسم بعد
1	in cold water, after	ٹھنڈا پانی میں کے بعد	دو حرفِ اضافت ساتھ: میں کے
1	oozing, greenish, bloody	رسنا سبز مائل خونی	فعل پہلے، اسم بعد
1	cold air, in agg.	ٹھنڈی ہوے میں سے بگاڑ	ٹوٹا لفظ · دو حرفِ اضافت ساتھ: میں سے
1	of fire	آگ کا	آخر میں کا
1	washing, in cold water agg.	دھونا ٹھنڈا پانی میں سے بگاڑ	فعل پہلے، اسم بعد · دو حرفِ اضافت ساتھ: میں سے
1	exercise, violent, after	ورزش شدید کے بعد	صفت اسم کے بعد؟
1	heat of sun, as from	دھوپ جیسے کسی سے کا گرمی	دو حرفِ اضافت ساتھ: سے کا
1	shooting pains	لپکتا درد (جمع)	قوسین
1	eruption, without	دانے (اخراج) کے بغیر	قوسین
1	in bed, on becoming	بستر ہونے پر میں	دو حرفِ اضافت ساتھ: پر میں
1	ball internally	گدی (ابھار) اندر کی طرف	قوسین
1	bending elbow amel.	موڑنا کہنی سے آرام	فعل پہلے، اسم بعد
1	coldness, of one side of body	ٹھنڈک جسم کا ایک طرف کا	آخر میں کا
1	shocks, after	جھٹکے (صدمے) کے بعد	قوسین
1	to agg.	تک سے بگاڑ	دو حرفِ اضافت ساتھ: تک سے · حرفِ اضافت سے شروع
1	breath, deep, amel.	سانس (دم) گہرے سے آرام	صفت اسم کے بعد؟ · قوسین
1	heart, pressure about, with	دل دباؤ کے بارے میں کے ساتھ	دو حرفِ اضافت ساتھ: میں کے
1	of fish	مچھلی کا	آخر میں کا
1	of flowers	پھول کا	آخر میں کا
1	from odor of	بو سے کا	دو حرفِ اضافت ساتھ: سے کا
1	open air, after	کھلی ہوے کے بعد	ٹوٹا لفظ
1	cold food agg.	سردی کھانا (غذا) سے بگاڑ	قوسین
1	dry food agg.	خشک کھانا (غذا) سے بگاڑ	قوسین
1	eggs, odor of, agg.	انڈے بو سے بگاڑ کا	آخر میں کا
1	hot agg.	تپتا ہوے سے بگاڑ	ٹوٹا لفظ
1	eating, warm food, while	کھانا گرم کھانا (غذا) کے دوران	دو مصدر · قوسین
1	on, rising, amel.	پر اٹھنے سے آرام	حرفِ اضافت سے شروع
1	constricting externally	جکڑنا باہر کی طرف	فعل پہلے، اسم بعد
1	weather, bad, agg.	موسم برے سے بگاڑ	صفت اسم کے بعد؟
1	sticking, in muscles	چپکنے میں کے پٹھے	دو حرفِ اضافت ساتھ: میں کے
1	tearing in joints	پھاڑنے جیسا میں کے جوڑ	دو حرفِ اضافت ساتھ: میں کے
1	tearing, in muscles	پھاڑنے جیسے میں کے پٹھے	دو حرفِ اضافت ساتھ: میں کے
1	tearing in muscles	پھاڑنے جیسے میں کے پٹھے	دو حرفِ اضافت ساتھ: میں کے
1	cramp-like in muscles	اینٹھن جیسے میں کے پٹھے	دو حرفِ اضافت ساتھ: میں کے
1	jerking in muscles	جھٹکے میں کے پٹھے	دو حرفِ اضافت ساتھ: میں کے
1	paralytic in muscles	فالج نما میں کے پٹھے	دو حرفِ اضافت ساتھ: میں کے
1	pressing in muscles	دبانے جیسے میں کے پٹھے	دو حرفِ اضافت ساتھ: میں کے
1	sticking in muscles	چپکنا میں کے پٹھے	فعل پہلے، اسم بعد · دو حرفِ اضافت ساتھ: میں کے
1	suppression of eruption	دانے (اخراج) دب جانے سے	قوسین
1	on painless side agg.	بے درد پہلو پر سے بگاڑ	دو حرفِ اضافت ساتھ: پر سے
1	sitting reading, while	بیٹھنا پڑھتے ہوئے	فعل پہلے، اسم بعد
1	touching anything agg.	چھونا کوئی بھی چیز سے بگاڑ	فعل پہلے، اسم بعد
1	drinking, excessive, after	پینا حد سے زیادے کے بعد	صفت اسم کے بعد؟
1	wind, in the, agg.	ہوا (تیز) میں سے بگاڑ	دو حرفِ اضافت ساتھ: میں سے · قوسین
1	becoming, in open air, agg.	ہونا کھلی ہوا میں سے بگاڑ	فعل پہلے، اسم بعد · دو حرفِ اضافت ساتھ: میں سے
1	to, 4 p.m.	تک سہ پہر ۴ بجے	حرفِ اضافت سے شروع
1	fresh air amel.	تازہ ہوے سے آرام	ٹوٹا لفظ
1	breakfast time, about	ناشتہ وقت (زمانہ) کے بارے میں	قوسین
1	coffee, from odor, of	کافی بو سے کا	دو حرفِ اضافت ساتھ: سے کا
1	food, sour, from	کھانا (غذا) کھٹے سے	صفت اسم کے بعد؟ · قوسین
1	stomach, pain in, from	معدہ درد میں سے	دو حرفِ اضافت ساتھ: میں سے
1	riding in, amel.	سواری میں سے آرام	دو حرفِ اضافت ساتھ: میں سے
1	of palms and soles	ہتھیلیاں اور تلووں کا	آخر میں کا
1	thinking of his ailments	اس کا شکایات کا سوچنا	ضمیر لفظی
1	about his	اس کے گرد	ضمیر لفظی
1	presence of strangers, to	اجنبی تک کا موجودگی	دو حرفِ اضافت ساتھ: تک کا
1	on attempting to	کوشش کرنا تک پر	دو حرفِ اضافت ساتھ: تک پر
1	hat, putting on, agg.	ٹوپی رکھنا پر سے بگاڑ	دو حرفِ اضافت ساتھ: پر سے
1	will, strong effort of, amel.	ارادہ مضبوط کوشش سے آرام کا	آخر میں کا
1	wrongs, of fancied	زیادتیاں خیال کیا کا	آخر میں کا
1	in her	اس کی میں	ضمیر لفظی
1	from his family	اس کا خاندان سے	ضمیر لفظی
1	to his life	اس کا زندگی کی طرف	ضمیر لفظی
1	debate, of being in	بحث ہونا میں کا	دو حرفِ اضافت ساتھ: میں کا · آخر میں کا
1	unrecognized, has an	پہچانا نہ گیا ہے ایک	فعل پہلے، اسم بعد
1	gallows, vision of, with fear of	کا پھانسی بینائی خوف کے ساتھ کا	دو حرفِ اضافت ساتھ: ساتھ کا
1	side, at his	پہلو اس کے پر	ضمیر لفظی
1	by his surroundings	اس کا ماحول سے	ضمیر لفظی
1	lost, fancies herself	کھویا خیالی باتیں خود (عورت)	قوسین
1	old men, sees	پرانا مرد دیکھتا ہے	فعل پہلے، اسم بعد
1	pregnant, thought herself	حاملہ سوچ خود (عورت)	قوسین
1	of all colors	سب رنگ کا	آخر میں کا
1	sensation of being smaller	ہونا چھوٹا تر کا احساس	فعل پہلے، اسم بعد
1	on his bed	اس کا بستر پر	ضمیر لفظی
1	fancies herself	خیالی باتیں خود (عورت)	قوسین
1	in his abdomen, are	اس کا پیٹ ہیوں میں	ضمیر لفظی
1	weight, has no	بوجھ ہے نہیں (کوئی)	قوسین
1	from her family, children	اس کی خاندان بچوں سے	ضمیر لفظی
1	to run away	بھاگنا دور کی طرف	فعل پہلے، اسم بعد
1	family, from her	خاندان اس کی سے	ضمیر لفظی
1	wife, from his	بیوی اس کے سے	ضمیر لفظی
1	bad news, of hearing	برا خبر سماعت کا	آخر میں کا
1	coition, at thought of in a woman	ایک عورت میں کا مجامعت سوچ پر	دو حرفِ اضافت ساتھ: میں کا
1	cold, of taking	سردی لینے کا	آخر میں کا
1	fit, of having a	دورہ رکھنا ایک کا	آخر میں کا
1	jumps out of bed from	بستر سے کا کودتا ہے باہر	دو حرفِ اضافت ساتھ: سے کا
1	run over of being, on going out	ہونا جانا باہر پر کا بھاگنا اوپر	دو مصدر · دو حرفِ اضافت ساتھ: پر کا
1	to go to	جانا تک کی طرف	فعل پہلے، اسم بعد · دو حرفِ اضافت ساتھ: تک کی
1	thinking, sad things, of	سوچنا اداس چیزیں کا	فعل پہلے، اسم بعد
1	thoughts, of his own	خیالات اس کا اپنے کا	ضمیر لفظی · آخر میں کا
1	troubles, of imaginary	پریشانیاں خیالی کا	آخر میں کا
1	upward, of being drawn	اوپر کی طرف ہونا کھنچا ہوے کا	ٹوٹا لفظ · آخر میں کا
1	name, his own	نام اس کا اپنا	ضمیر لفظی
1	interruption, from any	وقفہ (رکاوٹ) کوئی بھی سے	قوسین
1	exposure of her person	اس کی شخص کا سامنا (کھلنا)	ضمیر لفظی · قوسین
1	her children	اس کی بچے	ضمیر لفظی
1	recovery, about his	صحت یابی اس کے گرد	ضمیر لفظی
1	business, his	کاروبار اس کا	ضمیر لفظی · آخر میں کا
1	his relatives	اس کا رشتہ دار	ضمیر لفظی
1	appearance of menses, upon	حیض پر کا ظاہری شکل	دو حرفِ اضافت ساتھ: پر کا
1	driving out of	چلانا باہر کا	فعل پہلے، اسم بعد
1	presence of, agg.	موجودگی سے بگاڑ کا	آخر میں کا
1	abdomen, his	پیٹ اس کا	ضمیر لفظی · آخر میں کا
1	chest, his	سینہ اس کا	ضمیر لفظی · آخر میں کا
1	face, his	چہرہ اس کا	ضمیر لفظی · آخر میں کا
1	head, his	سر اس کا	ضمیر لفظی · آخر میں کا
1	genitals, her	اعضائے تناسل اس کی	ضمیر لفظی · آخر میں کی
1	hair, her	بال اس کی	ضمیر لفظی · آخر میں کی
1	about his future	اس کا مستقبل کے گرد	ضمیر لفظی
1	her hands	اس کی ہاتھ	ضمیر لفظی
1	with head high amel.	سر اونچے کے ساتھ سے آرام	دو حرفِ اضافت ساتھ: ساتھ سے
1	before, worse	سے پہلے زیادہ خراب	حرفِ اضافت سے شروع
1	in a carriage agg.	ایک گاڑی میں سے بگاڑ	دو حرفِ اضافت ساتھ: میں سے
1	in a carriage, amel.	ایک گاڑی میں سے آرام	دو حرفِ اضافت ساتھ: میں سے
1	crossing running	چڑھانا دوڑنا	دو مصدر
1	sun, from exposure	دھوپ سامنا (کھلنا) سے	قوسین
1	string, as by	ڈوری جیسے سے (ذریعے)	قوسین
1	as of a tight	ایک کسا ہوے کا جیسے	ٹوٹا لفظ
1	upon shoulders	پر کندھے	حرفِ اضافت سے شروع
1	storm, on approach of	طوفان قریب آنے پر کا	دو حرفِ اضافت ساتھ: پر کا
1	throwing head, backward	پھینکنا سر پیچھے کو	فعل پہلے، اسم بعد · آخر میں کو
1	breath, when holding	سانس (دم) جب تھامنا	قوسین
1	church, while in	عبادت گاہ میں کے دوران	دو حرفِ اضافت ساتھ: میں کے
1	iron, from abuse of	لوہا زیادہ استعمال سے کا	دو حرفِ اضافت ساتھ: سے کا
1	head high, with, amel.	سر اونچے کے ساتھ سے آرام	دو حرفِ اضافت ساتھ: ساتھ سے
1	in one position	ایک حالت (وضع) میں	قوسین
1	urine, copious flow of, amel.	پیشاب بہت زیادہ بہاؤ سے آرام کا	آخر میں کا
1	spine, to, no pain	ریڑھ تک نہیں (کوئی) درد	قوسین
1	standing position, to amel.	کھڑا ہونا حالت (وضع) تک سے آرام	دو حرفِ اضافت ساتھ: تک سے · قوسین
1	roused, on being, from	برانگیختہ ہونے پر سے	دو حرفِ اضافت ساتھ: پر سے
1	raising, head amel.	اٹھانا سر سے آرام	فعل پہلے، اسم بعد
1	on affected side amel.	متاثر پہلو پر سے آرام	دو حرفِ اضافت ساتھ: پر سے
1	from exposure to agg.	سامنا (کھلنا) تک سے بگاڑ	فعل پہلے، اسم بعد · دو حرفِ اضافت ساتھ: تک سے · قوسین
1	from exposure to, amel.	سامنا (کھلنا) تک سے آرام	فعل پہلے، اسم بعد · دو حرفِ اضافت ساتھ: تک سے · قوسین
1	leaning, on table amel.	ٹیک لگانا میز پر سے آرام	دو حرفِ اضافت ساتھ: پر سے
1	from changes of	تبدیلیوں سے کا	دو حرفِ اضافت ساتھ: سے کا
1	wind, from exposure to	ہوئے (تیز) سامنا (کھلنا) تک سے	دو حرفِ اضافت ساتھ: تک سے · قوسین
1	extending pit of stomach, to	معدہ تک کا پھیلتا ہوا گڑھا	دو حرفِ اضافت ساتھ: تک کا
1	drink, at sight of	پینا نظر پر کا	فعل پہلے، اسم بعد · دو حرفِ اضافت ساتھ: پر کا
1	heart, at each beat of	دل ہر ایک دھڑکنے پر کا	دو حرفِ اضافت ساتھ: پر کا
1	at one point agg.	ایک نکتے پر سے بگاڑ	دو حرفِ اضافت ساتھ: پر سے
1	colors, caused by	رنگ پیدا ہوا سے (ذریعے)	قوسین
1	as from breaking glass	ٹوٹنا شیشہ جیسا	فعل پہلے، اسم بعد
1	going into	جانا کے اندر	فعل پہلے، اسم بعد
1	chilliness, on beginning of	سردی کی لہر شروع پر کا	دو حرفِ اضافت ساتھ: پر کا
1	air, exposure to, agg.	ہوا سامنا (کھلنا) تک سے بگاڑ	دو حرفِ اضافت ساتھ: تک سے · قوسین
1	passing out of	گزرنا باہر کا	فعل پہلے، اسم بعد
1	voices, her own	آوازیں اس کی اپنا	ضمیر لفظی
1	changes of weather agg.	تبدیلیاں موسم سے بگاڑ کا	آخر میں کا
1	alternating with fluent	باری باری بہتا ہوے کے ساتھ	ٹوٹا لفظ
1	wakes her	جگاتا ہے اس کی	ضمیر لفظی · آخر میں کی
1	flow of, suppressed	بہاؤ دبی ہوئی کا	آخر میں کا
1	of mucous surface	بلغمی سطح کا	آخر میں کا
1	outer part, as of something acrid	کوئی چیز تیز (جلانے والا) کا بیرونی حصہ جیسے	قوسین
1	old looking	پرانا دیکھنا	دو مصدر
1	exposure to, from	سامنا (کھلنا) تک سے	دو حرفِ اضافت ساتھ: تک سے · قوسین
1	on affected side agg.	متاثر پہلو پر سے بگاڑ	دو حرفِ اضافت ساتھ: پر سے
1	on affected side, amel.	متاثر پہلو پر سے آرام	دو حرفِ اضافت ساتھ: پر سے
1	saliva, with involuntary flow of	لعابِ دہن بے اختیار بہاؤ کے ساتھ کا	دو حرفِ اضافت ساتھ: ساتھ کا
1	lying on, sound side	لیٹنا پر آواز پہلو	فعل پہلے، اسم بعد
1	old cheese, tasting like	پرانا پنیر چکھنا جیسا	فعل پہلے، اسم بعد · دو مصدر
1	swallow liquids, can only	نگلنا پتلی چیزیں سکتا ہے صرف	فعل پہلے، اسم بعد
1	people, on approach of	لوگ قریب آنے پر کا	دو حرفِ اضافت ساتھ: پر کا
1	eat, with inability to	کھانا (فعل) ناتوانی تک کے ساتھ	دو حرفِ اضافت ساتھ: تک کے · قوسین
1	vanishing, at sight of food	کھانا (غذا) کا غائب ہو جانا نظر پر	دو مصدر · قوسین
1	at sight of	نظر پر کا	دو حرفِ اضافت ساتھ: پر کا
1	food, tasting like	کھانا (غذا) چکھنا جیسا	فعل پہلے، اسم بعد · دو مصدر · قوسین
1	eat, on attempting to	کھانا (فعل) کوشش کرنا تک پر	دو مصدر · دو حرفِ اضافت ساتھ: تک پر · قوسین
1	cough, an attack of, before	کھانسی ایک دورے سے پہلے کا	آخر میں کا
1	tight agg.	کسا ہوے سے بگاڑ	ٹوٹا لفظ
1	tight, amel.	کسا ہوے سے آرام	ٹوٹا لفظ
1	drink, not of	پینا نہیں کا	فعل پہلے، اسم بعد
1	on trying to	کوشش تک پر	دو حرفِ اضافت ساتھ: تک پر
1	food, at sight of	کھانا (غذا) نظر پر کا	فعل پہلے، اسم بعد · دو حرفِ اضافت ساتھ: پر کا · قوسین
1	taking hold of cold things	سردی چیزیوں کا لینا تھامنا	دو مصدر
1	urinate, with urging to	پیشاب کرنا حاجت (زور) تک کے ساتھ	دو حرفِ اضافت ساتھ: تک کے · قوسین
1	spermatic cord, along	منی کی نالی ساتھ ساتھ	دو حرفِ اضافت ساتھ: ساتھ ساتھ
1	changing position, on	بدلنا حالت (وضع) پر	قوسین
1	drops, cold	قطرے سردی	صفت اسم کے بعد؟
1	change of, weather, from	تبدیلی موسم سے کا	دو حرفِ اضافت ساتھ: سے کا · آخر میں کا
1	change of, after	تبدیلی کے بعد کا	آخر میں کا
1	upon umbilicus	پر ناف	حرفِ اضافت سے شروع
1	eructation, on each	ڈکار (ایک) ہر ایک پر	قوسین
1	mucus, covered with	لعاب (بلغمی مادہ) ڈھکا ہوا کے ساتھ	قوسین
1	hold urine, on attempting to	تھامنا پیشاب کوشش کرنا تک پر	دو مصدر · دو حرفِ اضافت ساتھ: تک پر
1	parturition, after, no desire	زچگی کے بعد نہیں (کوئی) خواہش	قوسین
1	running water, at sight of	دوڑنا پانی نظر پر کا	فعل پہلے، اسم بعد · دو حرفِ اضافت ساتھ: پر کا
1	along ureters	ساتھ ساتھ پیشاب کی نالیاں	دو حرفِ اضافت ساتھ: ساتھ ساتھ · حرفِ اضافت سے شروع
1	urinate, urging to	پیشاب کرنا حاجت (زور) تک	قوسین
1	close of urination, at	پیشاب کرنا وقت کا بند کرنا	دو مصدر
1	touching parts agg.	چھونا حصوں سے بگاڑ	فعل پہلے، اسم بعد
1	cry out, making her	رونا باہر بنانا اس کی	فعل پہلے، اسم بعد · دو مصدر · ضمیر لفظی · آخر میں کی
1	cough, after each paroxysmal	کھانسی ہر ایک دورے کی صورت میں کے بعد	دو حرفِ اضافت ساتھ: میں کے
1	sound of the piano, to	پیانو تک کا آواز	دو حرفِ اضافت ساتھ: تک کا
1	cold, exposure to	سردی سامنا (کھلنا) تک	قوسین
1	wind, walking against	ہوا (تیز) چلنا کے خلاف	قوسین
1	hang down, legs, amel.	لٹکانا نیچے کی جانب ٹانگیوں سے آرام	فعل پہلے، اسم بعد
1	liver, from stitches in	جگر چبھنیں میں سے	دو حرفِ اضافت ساتھ: میں سے
1	odor, caused by	بو پیدا ہوا سے (ذریعے)	قوسین
1	on horseback agg.	گھوڑے کی پیٹھ پر سے بگاڑ	دو حرفِ اضافت ساتھ: پر سے
1	changing position agg.	بدلنا حالت (وضع) سے بگاڑ	فعل پہلے، اسم بعد · قوسین
1	changing position, amel.	بدلنا حالت (وضع) سے آرام	فعل پہلے، اسم بعد · قوسین
1	tight, agg.	کسا ہوے سے بگاڑ	ٹوٹا لفظ
1	loss of, with	ضیاع کے ساتھ کا	دو حرفِ اضافت ساتھ: ساتھ کا · آخر میں کا
1	feeling as of a, in larynx, from	ایک حنجرے میں کا احساس جیسے سے	دو حرفِ اضافت ساتھ: میں کا
1	breath, sudden loss of, with	سانس (دم) اچانک ضیاع کے ساتھ کا	دو حرفِ اضافت ساتھ: ساتھ کا · آخر میں کا · قوسین
1	after going to	جانا تک کے بعد	دو حرفِ اضافت ساتھ: تک کے
1	look into	دیکھنا کے اندر	فعل پہلے، اسم بعد
1	holding, abdomen amel.	تھامنا پیٹ سے آرام	فعل پہلے، اسم بعد
1	beginning of, at	شروع وقت کا	آخر میں کا
1	exposure to, in children, from	سامنا (کھلنا) تک بچوں میں سے	دو حرفِ اضافت ساتھ: میں سے · قوسین
1	catarrh, of an old	نزلہ ایک پرانے کا	آخر میں کا
1	cicatrices, in old	نشان (زخم کے) پرانے میں	قوسین
1	wakens her	جگاتا ہے اس کی	ضمیر لفظی · آخر میں کی
1	appearance of, on	ظاہری شکل پر کا	دو حرفِ اضافت ساتھ: پر کا · آخر میں کا
1	breath, on holding	سانس (دم) تھامنے پر	قوسین
1	one position, long	ایک حالت (وضع) لمبا	صفت اسم کے بعد؟ · قوسین
1	about his wrongs	اس کا زیادتیوں کے گرد	ضمیر لفظی
1	feeling in region of heart	دل کا احساس میں کا حصہ	دو حرفِ اضافت ساتھ: میں کا
1	neuralgia of uterus, with each attack of	بچہ دانی ہر ایک دورے کے ساتھ کا عصبی درد کا	دو حرفِ اضافت ساتھ: ساتھ کا
1	cracking cervical region	چٹخنا گردن کے کا حصہ	فعل پہلے، اسم بعد
1	urinate, during urging to	پیشاب کرنا حاجت (زور) تک کے دوران	دو حرفِ اضافت ساتھ: تک کے · قوسین
1	hang down, arm	لٹکانا نیچے کی جانب بازو	فعل پہلے، اسم بعد
1	urinate, urging to, with	پیشاب کرنا حاجت (زور) تک کے ساتھ	دو حرفِ اضافت ساتھ: تک کے · قوسین
1	sitting long, or lifting, as from	بیٹھنا لمبا یا وزن اٹھانا جیسے کسی سے	دو مصدر
1	coccyx, along	دُم کی ہڈی ساتھ ساتھ	دو حرفِ اضافت ساتھ: ساتھ ساتھ
1	stooping, worse	جھکنا زیادہ خراب	فعل پہلے، اسم بعد
1	raising leg, on	اٹھانا ٹانگ (گھٹنے سے نیچے) پر	قوسین
1	water, cold, as if, poured over	پانی سردی گویا انڈیلا گیا اوپر	صفت اسم کے بعد؟
1	point, red	نکتہ سرخ	صفت اسم کے بعد؟
1	wounds, after dissecting	زخم چیرتا ہوے کے بعد	ٹوٹا لفظ
1	drink, on attempting to	پینا کوشش کرنا تک پر	دو مصدر · دو حرفِ اضافت ساتھ: تک پر
1	urinate, on attempting to	پیشاب کرنا کوشش کرنا تک پر	دو مصدر · دو حرفِ اضافت ساتھ: تک پر
1	change of position, every	حالت (وضع) ہر کا تبدیلی	قوسین
1	upon thigh	پر ران	حرفِ اضافت سے شروع
1	hang down	لٹکانا نیچے کی جانب	فعل پہلے، اسم بعد
1	letting limbs	چھوڑ دینا اعضا (ہاتھ پاؤں)	قوسین
1	rest, worse during	آرام (سکون) زیادہ خراب کے دوران	قوسین
1	tired limbs	تھکا ہوا اعضا (ہاتھ پاؤں)	قوسین
1	raising it, on	اٹھانا یے پر	ٹوٹا لفظ
1	control of, lost	قابو کھویا کا	آخر میں کا
1	carrying anything	اٹھانا (لے جانا) کوئی بھی چیز	فعل پہلے، اسم بعد · قوسین
1	raising them, amel.	اٹھانا انہیوں سے آرام	فعل پہلے، اسم بعد
1	on raising it	اٹھانا یے پر	ٹوٹا لفظ
1	stream, exposure to, agg.	دھار سامنا (کھلنا) تک سے بگاڑ	دو حرفِ اضافت ساتھ: تک سے · قوسین
1	lying, with leg flexed amel.	لیٹنا ٹانگ (گھٹنے سے نیچے) مڑا ہوے کے ساتھ سے آرام	ٹوٹا لفظ · فعل پہلے، اسم بعد · دو حرفِ اضافت ساتھ: ساتھ سے · قوسین
1	exertion, slight, after	محنت معمولی کے بعد	صفت اسم کے بعد؟
1	after exposure to	سامنا (کھلنا) تک کے بعد	دو حرفِ اضافت ساتھ: تک کے · قوسین
1	wrong position, in	غلط حالت (وضع) میں	قوسین
1	hang down, letting limb, amel.	لٹکانا نیچے کی جانب چھوڑ دینا عضو سے آرام	فعل پہلے، اسم بعد · دو مصدر
1	hang down agg.	لٹکانا نیچے کی جانب سے بگاڑ	فعل پہلے، اسم بعد
1	raising it agg.	اٹھانا یے سے بگاڑ	ٹوٹا لفظ · فعل پہلے، اسم بعد
1	taking hold of them	انہیوں کا لینا تھامنا	دو مصدر
1	hang down, letting arm	لٹکانا نیچے کی جانب چھوڑ دینا بازو	فعل پہلے، اسم بعد · دو مصدر
1	raise arm, cannot	اٹھانا بازو نہیں کر سکتا	فعل پہلے، اسم بعد
1	to, all parts	تک سب حصے	حرفِ اضافت سے شروع
1	touch, changing place, on	چھونا بدلنا جگے پر	دو مصدر
1	pain, caused by	درد پیدا ہوا سے (ذریعے)	قوسین
1	leg, with difficulty	ٹانگ (گھٹنے سے نیچے) دشواری کے ساتھ	قوسین
1	elbow, bend of, when covered	کہنی موڑ جب ڈھکا ہوا کا	آخر میں کا
1	holding, anything	تھامنا کوئی بھی چیز	فعل پہلے، اسم بعد
1	raising it	اٹھانا یہ	ضمیر لفظی
1	taking hold of, on	لینا تھامنے پر کا	فعل پہلے، اسم بعد · دو حرفِ اضافت ساتھ: پر کا · آخر میں کا
1	elbow, point of, steatoma	کہنی نکتہ چربی کی رسولی کا	آخر میں کا
1	raising leg	اٹھانا ٹانگ (گھٹنے سے نیچے)	فعل پہلے، اسم بعد · قوسین
1	cold, from exposure to	سردی سامنا (کھلنا) تک سے	دو حرفِ اضافت ساتھ: تک سے · قوسین
1	rash covered	دانے (ریش) ڈھکا ہوا	قوسین
1	about dirty linen	میلا کپڑا (چادر) کے گرد	قوسین
1	exertion, of making great	محنت بنانا بہت زیادے کا	آخر میں کا
1	friends, of old	دوست پرانے کا	آخر میں کا
1	of seeing persons	دیکھنا افراد کا	فعل پہلے، اسم بعد · آخر میں کا
1	of hearing	سماعت کا	آخر میں کا
1	tall, of being very	لمبا (قد) ہونا نہایت کا	آخر میں کا · قوسین
1	of living in	زندہ رہنا میں کا	دو حرفِ اضافت ساتھ: میں کا · آخر میں کا
1	her child	اس کی بچہ	ضمیر لفظی
1	noise, from slight	آواز (شور) معمولی سے	قوسین
1	caused by	پیدا ہوا سے (ذریعے)	قوسین
1	little heat, no thirst	تھوڑا گرمی نہیں (کوئی) پیاس	قوسین
1	after getting out of	ہونا (پہنچنا) باہر کے بعد کا	فعل پہلے، اسم بعد · قوسین
1	at same hour, daily fever, with short breath	وہی گھنٹہ روزانہ بخار مختصر سانس (دم) کے ساتھ پر	دو حرفِ اضافت ساتھ: ساتھ پر · قوسین
1	long chill, little heat, no thirst	لمبا سردی لگنا تھوڑا گرمی نہیں (کوئی) پیاس	قوسین
1	short chill, long heat, no thirst	مختصر سردی لگنا لمبا گرمی نہیں (کوئی) پیاس	قوسین
1	with redness of one cheek, paleness of the other	دوسرے کا ایک گال زردی (پیلاہٹ) کا سرخی کے ساتھ	قوسین
1	getting out of amel.	ہونا (پہنچنا) باہر سے آرام کا	فعل پہلے، اسم بعد · آخر میں کا · قوسین
1	paroxysms of, end with	دورے سرا کے ساتھ کا	دو حرفِ اضافت ساتھ: ساتھ کا · آخر میں کا
1	old cheese, like	پرانا پنیر جیسا	فعل پہلے، اسم بعد
1	change of position agg.	حالت (وضع) کا تبدیلی سے بگاڑ	قوسین
1	change of position	حالت (وضع) کا تبدیلی	قوسین
1	alternating days, symptoms agg.	باری باری دن (جمع) علامات سے بگاڑ	قوسین
1	speak, on attempting to	بات کرنا کوشش کرنا تک پر	دو مصدر · دو حرفِ اضافت ساتھ: تک پر
1	water, at sight of	پانی نظر پر کا	دو حرفِ اضافت ساتھ: پر کا
1	blood, at sight of	خون نظر پر کا	دو حرفِ اضافت ساتھ: پر کا
1	sight of, agg.	نظر سے بگاڑ کا	آخر میں کا
1	extends, upwards	پھیلتا ہے اوپر کو	آخر میں کو
1	half asleep, when, amel.	جب آدھا سویا ہوے سے آرام	ٹوٹا لفظ
1	from exposure to	سامنا (کھلنا) تک سے	دو حرفِ اضافت ساتھ: تک سے · قوسین
1	beginning of agg.	شروع سے بگاڑ کا	آخر میں کا
1	ideas, after copious flow of, at night	خیالات بہت زیادہ بہاؤ کے بعد رات پر کا	دو حرفِ اضافت ساتھ: پر کا · آخر میں کا
1	scolds until the lips are blue and eyes stare and she falls down fainting	اتنا ڈانٹتی ہے کہ ہونٹ نیلے پڑ جائیں، آنکھیں پتھرا جائیں اور غش کھا کر گر پڑے	فعل پہلے، اسم بعد
0	rich, that he is	امیر کہ وہ ہے	ضمیر لفظی
0	visions, fire	نظارے, fire	انگریزی
0	night, noise, at a	رات آواز (شور) ایک پر	قوسین
0	noise, averse to	آواز (شور) سے بیزار	قوسین
0	oversensitive, conversation	حد سے حساس, conversation (See Talk, Conversation)	انگریزی · قوسین
0	oversensitive, jests, to	حد سے حساس, jests, to (See Offended)	انگریزی · قوسین
0	crawling, creeping sensation	رینگنا رینگتا ہوا احساس	فعل پہلے، اسم بعد
0	drawn backward	کھنچا ہوا پیچھے کو	آخر میں کو
0	falling backward of head	سر کا گرنا پیچھے کو	آخر میں کو
0	stove, from heat of	انگیٹھی گرمی سے کا	دو حرفِ اضافت ساتھ: سے کا
0	temples, bending head backwards, on, forward	کنپٹیاں سر پیچھے جھکانے پر آگے کو	آخر میں کو
0	bending head backward, forward	سر پیچھے جھکانا آگے کو	آخر میں کو
0	washing, cold	دھونا سردی	صفت اسم کے بعد؟
0	to wind	ہوا (تیز)) کی طرف	قوسین
0	spots, circumscribed	دھبے, circumscribed	انگریزی
0	broken, enlarged tonsils	ٹوٹنے جیسا, enlarged tonsils (See Tonsils)	انگریزی · قوسین
0	broken, feeble	ٹوٹنے جیسا, feeble (See Weak)	انگریزی · قوسین
0	broken, trembling	ٹوٹنے جیسا, trembling (See Voice)	انگریزی · قوسین
0	sensation of, bone	احساس, bone	انگریزی
0	sensation of, bread crumbs	احساس, bread crumbs (See Bread)	انگریزی · قوسین
0	grasping, sensation of	پکڑنا احساس کا	فعل پہلے، اسم بعد
0	rich food	امیر کھانا (غذا))	قوسین
0	cramping, periodical	مروڑ وقفے والا	صفت اسم کے بعد؟
0	fruitless urging, with	بے سود حاجت (زور) کے ساتھ)	قوسین
0	retention of urine	پیشاب کا رکاوٹ (پیشاب کی)	قوسین
0	rising from, on	اٹھنا سے پر	دو حرفِ اضافت ساتھ: سے پر
0	from, warm food	سے گرم کھانا (غذا)	حرفِ اضافت سے شروع · قوسین
0	stomach, on, amel.	معدے پر سے آرام	دو حرفِ اضافت ساتھ: پر سے
0	stomach, in, from	معدے میں سے	دو حرفِ اضافت ساتھ: میں سے
0	wet, cold	گیلا سردی	صفت اسم کے بعد؟
0	crawling, as from insects	رینگنا — کیڑے مکوڑے جیسا	فعل پہلے، اسم بعد
0	drawing backward of muscles of neck	گردن کا پٹھوں کا کھنچاؤ پیچھے کو	آخر میں کو
0	irritation of spine	ریڑھ کا خارش/جلن (اشتعال)	قوسین
0	crawling, creeping	رینگنا رینگتا ہوا	فعل پہلے، اسم بعد
0	of finger nails	انگلی کے ناخن کا	آخر میں کا
0	chapped hand	پھٹی ہوئی (جلد) ہاتھ	قوسین
0	spasm of limbs	اعضا (ہاتھ پاؤں) کا جھٹکا (تشنج)	قوسین
0	choked, of being	گلا گھٹا ہونے کا	آخر میں کا
0	in, from putting hand out of	میں, from putting hand out of (See Chilliness)	انگریزی · قوسین
0	odor, offensive	بو بدبودار	صفت اسم کے بعد؟
0	own talking, in his	اپنا بولنا اس کے میں	دو مصدر · ضمیر لفظی
0	etc., of vision	وغیرہ بینائی کا	آخر میں کا
0	veil, as through	پردہ (آنکھ پر) جیسے کے آر پار	قوسین
0	dribbling, walking, while	ٹپکنا چلتے ہوئے	فعل پہلے، اسم بعد
0	church, air of, agg.	عبادت گاہ ہوے سے بگاڑ کا	ٹوٹا لفظ · آخر میں کا
0	to cry out	رونا باہر کی طرف	فعل پہلے، اسم بعد
0	obliged to	پر مجبور	حرفِ اضافت سے شروع
