تعداد	انگریزی لیبل	فائل میں موجود	موجودہ کمپوزر کیا بنائے گا
438	sitting, while	بیٹھے ہوئے	بیٹھتے ہوئے
222	dinner, after	دوپہر کے کھانے کے بعد	بڑا کھانا (پیٹ بھر) کے بعد
219	chill, during	سردی (کپکپی) کے دوران	سردی لگنے کے دوران
163	motion agg.	حرکت سے تکلیف بڑھے	حرکت سے بگاڑ
160	sensation of	احساس	کا احساس
158	standing, while	کھڑے ہوئے	کھڑا ہوتے ہوئے
116	lying, while	لیٹے ہوئے	لیٹتے ہوئے
108	pressure amel.	دبانے سے آرام	دباؤ سے آرام
107	coition, after	مباشرت کے بعد	مجامعت کے بعد
90	heat, during	بخار کی گرمی کے دوران	گرمی کے دوران
85	in open air	کھلی ہوئے میں	کھلی ہوے میں
72	supper, after	رات کے کھانے کے بعد	رات کا کھانے کے بعد
69	back of	پچھلا حصہ	کا پیٹھ
67	pressure agg.	دبانے سے تکلیف بڑھے	دباؤ سے بگاڑ
65	touch agg.	چھونے سے تکلیف بڑھے	چھونے سے بگاڑ
62	lumbar region	کمر کا نچلا حصہ	کمر کے کا حصہ
61	cervical region	گردن کا حصہ	گردن کے کا حصہ
60	vexation, after	جھنجھلاہٹ کے بعد	کوفت کے بعد
52	rest, during	آرام کے دوران	سکون کے دوران
47	air, open	کھلی ہوا	ہوا کھلا
46	lying down, after	لیٹنے کے بعد	لیٹ جانے کے بعد
45	exertion, after	مشقت کے بعد	محنت کے بعد
43	coughing, when	کھانستے وقت	کھانسنے پر
42	urination, during	پیشاب کے دوران	پیشاب کرنے کے دوران
40	talking, while	بولتے ہوئے	بات کرتے ہوئے
36	wine, after	شراب (انگوری) کے بعد	انگوری شراب کے بعد
30	air, in open	کھلی ہوئے میں	ہوا کھلے میں
29	walking in open air, while	کھلی ہوئے میں چلتے ہوئے	کھلی ہوا میں چلتے ہوئے
24	dinner, during	دوپہر کے کھانے کے دوران	بڑا کھانا (پیٹ بھر) کے دوران
20	noise agg.	آواز (شور) سے بگاڑ	شور سے بگاڑ
16	noise, from	آواز سے	شور سے
15	talking, from	بولنے سے	بات کرنے سے
13	wine agg.	شراب (انگوری) سے بگاڑ	انگوری شراب سے بگاڑ
13	talking, after	بولنے کے بعد	بات کرنے کے بعد
11	extending backward	پیچھے کی طرف پھیلتا	پھیلتا ہوا پیچھے کی جانب
10	inner side of	اندرونی پہلو کا	کا اندرونی پہلو
10	extending, upward	اوپر کی طرف پھیلتا	پھیلتا ہوا اوپر کی طرف
9	talking agg.	بولنے سے بگاڑ	بات کرنے سے بگاڑ
9	speaking, while	بولنا (گفتگو) کے دوران	گفتگو کرتے ہوئے
9	moving head	ہلنا سر	ہلانا سر
9	middle of	درمیانی کا	کا درمیانی
9	eyes, over	آنکھیں اوپر	آنکھیں اوپر سے
9	chill, before	سردی (کپکپی) سے پہلے	سردی لگنے سے پہلے
9	bending forward	موڑنا آگے کو	موڑنا آگے کی جانب
9	bending backward	موڑنا پیچھے کو	موڑنا پیچھے کی جانب
8	root of	جڑ کا	کا جڑ
8	moving, on	ہلنے پر	ہلانے پر
8	moving agg.	ہلنے سے بگاڑ	ہلانے سے بگاڑ
8	in open air, while	کھلی ہوا میں کے دوران	کھلی ہوئے میں کے دوران
8	erection, during	تناؤ (عضو کا) کے دوران	عضو کا تناؤ کے دوران
7	until evening	جب تک شام	شام تک
7	trifles, at	معمولی باتیں وقت	معمولی باتیں کے وقت
7	talking, on	بولنے پر	بات کرنے پر
7	extending upwards	اوپر کی طرف پھیلتا	پھیلتا ہوا اوپر کی جانب
7	extending downwards	نیچے کی طرف پھیلتا	پھیلتا ہوا نیچے کو
7	colic, with	مروڑ (پیٹ کا) کے ساتھ	پیٹ کا مروڑ کے ساتھ
7	bending, forward	موڑنا آگے کو	موڑنا آگے کی جانب
6	walking fast	چلنا تیز	چلنا تیز رفتار
6	ulnar side of	چھنگلی والی طرف کا	کا چھنگلی والی طرف
6	sole of	تلوا کا	کا تلوا
6	outer side of	بیرونی پہلو کا	کا بیرونی پہلو
6	nose, above	ناک سے اوپر	ناک سے بلند
6	extending outward	باہر کی طرف پھیلتا	پھیلتا ہوا باہر کی طرف
6	corners of	کونے کا	کا کونے
6	colic, during	مروڑ (پیٹ کا) کے دوران	پیٹ کا مروڑ کے دوران
6	backward, amel.	پیچھے کو سے آرام	پیچھے کی جانب سے آرام
5	wind, in	ہوئے میں	تیز ہوے میں
5	talking, when	بولنے پر	بات کرنے پر
5	speaking, on	بولنا پر	گفتگو کرنے پر
5	rest amel.	آرام (سکون) سے آرام	سکون سے آرام
5	rest agg.	آرام (سکون) سے بگاڑ	سکون سے بگاڑ
5	intermittent, in	رک رک کر میں	وقفے وقفے سے آنے والے میں
5	in open air, after	کھلی ہوا میں کے بعد	کھلی ہوئے میں کے بعد
5	heart, region of	دل کا حصہ	کا دل حصہ
5	eructation amel.	ڈکار (ایک) سے آرام	ایک ڈکار سے آرام
5	bones of	ہڈیاں کا	کا ہڈیاں
5	backward agg.	پیچھے کو سے بگاڑ	پیچھے کی جانب سے بگاڑ
5	abdomen, on, amel.	پیٹ پر — آرام	پیٹ پر سے آرام
4	warm food	گرم کھانا	گرم غذا
4	veins of	رگیں کا	کا رگیں
4	upper part of	اوپری حصہ کا	کا اوپری حصہ
4	umbilicus, region of	ناف کا حصہ	کا ناف حصہ
4	trifles, over	معمولی باتیں اوپر	معمولی باتیں اوپر سے
4	speaking, when	جب بولنا	گفتگو کرنے پر
4	speaking, from	بولنا سے	گفتگو کرنے سے
4	side of	پہلو کا	کا پہلو
4	moving eyes	ہلنا آنکھیں	ہلانا آنکھیں
4	mercury, abuse of	پارے کا زیادہ استعمال	کا پارہ زیادہ استعمال
4	intermittent, during	رک رک کر کے دوران	وقفے وقفے سے آنے والے کے دوران
4	forward, amel.	آگے کو سے آرام	آگے کی جانب سے آرام
4	forward amel.	آگے کو سے آرام	آگے کی جانب سے آرام
4	forward agg.	آگے کو سے بگاڑ	آگے کی جانب سے بگاڑ
4	food agg.	کھانا (غذا) سے بگاڑ	غذے سے بگاڑ
4	extending, upwards	اوپر کی طرف پھیلتا	پھیلتا ہوا اوپر کی جانب
4	extending, toes	پھیلتا ہوئے پاؤں کی انگلیاں	پھیلتا ہوا پاؤں کی انگلیاں
4	draft of	ہوا کا جھونکا کا	کا ہوا کا جھونکا
4	contradiction, after	اختلاف (مخالفت) کے بعد	اختلاف کے بعد
4	clavicle, region of	ہنسلی کا حصہ	کا ہنسلی حصہ
4	candlelight, by	موم بتی کی روشنی سے (ذریعے)	موم بتی کی روشنی کے ذریعے
4	air, in open, amel.	کھلی ہوا میں سے آرام	کھلی ہوئے میں سے آرام
3	wine, from	شراب سے	انگوری شراب سے
3	wine, amel.	شراب (انگوری) سے آرام	انگوری شراب سے آرام
3	wine amel.	شراب (انگوری) سے آرام	انگوری شراب سے آرام
3	wind, as from	ہوئے (تیز) جیسے کسی سے	تیز ہوا جیسے کسی سے
3	wind agg.	ہوا (تیز) سے بگاڑ	تیز ہوے سے بگاڑ
3	warm food agg.	گرم کھانا (غذا) سے بگاڑ	گرم کھانے سے بگاڑ
3	walking, in open air amel.	چلنا کھلی ہوا میں سے آرام	چلنا کھلی ہوئے میں سے آرام
3	walk bent, must	چہل قدمی جھکا ہوا مجبوراً	چہل قدمی جھکا ہوے پڑتا ہے
3	trachea, from	ہوئے کی نالی سے	ہوا کی نالی سے
3	tendons of	پٹھے کے تار کا	کا پٹھے کے تار
3	sour food, after	کھٹا کھانا (غذا) کے بعد	کھٹا کھانے کے بعد
3	seashore, at	سمندر کنارہ وقت	سمندر کنارہ کے وقت
3	salt food	نمک کھانا	نمک غذا
3	right side of	دایاں پہلو کا	کا دایاں پہلو
3	rest, amel.	آرام (سکون) سے آرام	سکون سے آرام
3	posterior part of	پچھلا حصہ کا	کا پچھلا حصہ
3	nose, above root of	ناک سے اوپر جڑ کا	کا ناک سے بلند جڑ
3	night, at	رات وقت	رات کے وقت
3	nape of	گدی کا	کا گردن کی گدی
3	moving, when	ہلنے پر	ہلانے پر
3	moving, after	ہلنے کے بعد	ہلانے کے بعد
3	moving arm	ہلنا بازو	ہلانا بازو
3	looking up	دیکھنا اوپر کی جانب	دیکھنا اوپر کی سمت
3	in trachea, from	ہوئے کی نالی میں سے	ہوا کی نالی میں سے
3	hip, region of	کولھا کا حصہ	کا کولھا حصہ
3	extending, downwards	نیچے کی طرف پھیلتا	پھیلتا ہوا نیچے کو
3	extending inward	اندر کی طرف پھیلتا	پھیلتا ہوا اندر کی جانب
3	extending forward	آگے کی طرف پھیلتا	پھیلتا ہوا آگے کی جانب
3	extending down	نیچے کی طرف پھیلتا	پھیلتا ہوا نیچے کی جانب
3	elevated margins	ابھرا ہوئے کنارے	ابھرا ہوا کنارے
3	dread of	ہول کا	کا ہول
3	desires to	چاہتا ہے تک	خواہشات تک
3	covered parts	ڈھکا ہوئے حصے	ڈھکا ہوا حصے
3	cold food, after	سردی کھانا (غذا) کے بعد	سردی کھانے کے بعد
3	change of	تبدیلی کا	کا تبدیلی
3	bent over	جھکا ہوا اوپر	جھکا ہوا اوپر سے
2	work, at	کام وقت	کام کے وقت
2	wine, like	شراب جیسا	انگوری شراب جیسا
2	wind, before a heavy	ہوئے (تیز) ایک بھاری سے پہلے	تیز ہوا ایک بھاری سے پہلے
2	while straining at	زور لگانا وقت کے دوران	زور لگانا کے وقت کے دوران
2	while at rest	آرام (سکون) پر کے دوران	سکون پر کے دوران
2	warm food amel.	گرم کھانا (غذا) سے آرام	گرم کھانے سے آرام
2	urging, with	حاجت (زور) کے ساتھ	حاجت کے ساتھ
2	urging, during	حاجت (زور) کے دوران	حاجت کے دوران
2	urging to, with	حاجت (زور) تک کے ساتھ	حاجت تک کے ساتھ
2	up back	اوپر کی جانب پیٹھ	اوپر کی سمت پیٹھ
2	up amel.	اوپر کی جانب سے آرام	اوپر کی سمت سے آرام
2	up agg.	اوپر کی جانب سے بگاڑ	اوپر کی سمت سے بگاڑ
2	trachea, in	ہوئے کی نالی میں	ہوا کی نالی میں
2	thought of	سوچ کا	کا سوچ
2	tall women	لمبا عورتیں	دراز قد عورتیں
2	talking, amel.	بولنے سے آرام	بات کرنے سے آرام
2	talking loud	بولنا اونچی آواز	بات کرنا اونچی آواز
2	suppressed eruption, after	دبی ہوئی دانے (اخراج) کے بعد	دبی ہوئی ایک دانے کے بعد
2	sun, heat of	دھوپ گرمی کا	کا دھوپ گرمی
2	sulphur, after abuse of	گندھک کا زیادہ استعمال کے بعد	کا گندھک زیادہ استعمال کے بعد
2	strange things	اجنبی چیزیں	اجنبی سا چیزیں
2	stabbing, region of	چھرا گھونپنے جیسا کا حصہ	کا چھرا گھونپنے جیسا حصہ
2	splinter, as of	پھانس جیسے کا	کا پھانس جیسے
2	speaking, after	بولنا (گفتگو) کے بعد	گفتگو کرنے کے بعد
2	speaking loud	بولنا (گفتگو) اونچی آواز	گفتگو کرنا اونچی آواز
2	sour wine, after	کھٹا شراب (انگوری) کے بعد	کھٹا انگوری شراب کے بعد
2	sour food	کھٹا کھانا	کھٹا غذا
2	sneezing, at	چھینکنا وقت	چھینکنا کے وقت
2	sit up	بیٹھنا اوپر کی جانب	بیٹھنا اوپر کی سمت
2	shocks, from	جھٹکے سے	صدموں سے
2	shocks in	جھٹکے میں	صدمے میں
2	rising, up, on	اٹھنا اوپر کی جانب پر	اٹھنا اوپر کی سمت پر
2	retention, with	رکاوٹ (پیشاب کی) کے ساتھ	رُک جانے کے ساتھ
2	radial side of	انگوٹھے والی طرف کا	کا انگوٹھے والی طرف
2	quinine, after abuse of	کونین کا زیادہ استعمال کے بعد	کا کونین زیادہ استعمال کے بعد
2	quiet amel.	خاموش (پرسکون) سے آرام	پُرسکون سے آرام
2	puerperal fever	زچگی کے بعد کا بخار	زچگی کے بعد کا مرض بخار
2	plug, as from	ڈاٹ جیسے کسی سے	ڈاٹ جیسا جیسے کسی سے
2	phagedenic blisters	پھیلتا زخم آبلے	پھیلتا زخم چھالے
2	paralyzed limbs	مفلوج اعضا	مفلوج ہاتھ پاؤں
2	pain, with every attack of	درد ہر دورے کے ساتھ کا	کا درد ہر دورے کے ساتھ
2	one side of	ایک طرف کا	کا ایک طرف
2	on moving	ہلنے پر	ہلانے پر
2	odor of, agg.	بو سے بگاڑ کا	بو کے سے بگاڑ
2	odor of	بو کا	کا بو
2	moving, arm	ہلنا بازو	ہلانا بازو
2	moving, amel.	ہلنے سے آرام	ہلانے سے آرام
2	moving jaw	ہلنا جبڑا	ہلانا جبڑا
2	moving feet amel.	ہلنا پاؤں سے آرام	ہلانا پاؤں سے آرام
2	mouth, corners of	منہ کونے کا	کا منہ کونے
2	morning, 5 a.m.	صبح ۵ بجے	صبح صبح ۵ بجے
2	menses, at beginning of	حیض شروع میں کا	کا حیض شروع میں
2	married women, newly	شادی شدہ عورتیں نیا	شادی شدہ عورتیں نیا نیا
2	lower part of	نچلا حصہ کا	کا نچلا حصہ
2	lower extremities	نچلا اعضا	نچلا اعضا (ہاتھ پاؤں)
2	loss of, from	ضیاع سے کا	ضیاع کے سے
2	left side of	بایاں پہلو کا	کا بایاں پہلو
2	jar agg.	جھٹکے سے بگاڑ	جھٹکا (ٹکر) سے بگاڑ
2	intermittent fever	رک رک کر بخار	وقفے وقفے سے آنے والا بخار
2	inside of	اندر کا	کا اندر
2	index finger	شہادت کی انگلی	شہادت کی انگلی انگلی
2	in the open air, after	کھلی ہوا میں کے بعد	کھلی ہوئے میں کے بعد
2	in the open agg.	کھلی ہوا میں سے بگاڑ	کھلی ہوئے میں سے بگاڑ
2	in cold wind	سردی ہوئے (تیز) میں	سردی تیز ہوے میں
2	ice, as from	برف (ٹکڑا) جیسے کسی سے	برف کا ٹکڑا جیسے کسی سے
2	hot weather, in	تپتا ہوئے موسم میں	تپتا ہوا موسم میں
2	high up	اونچا اوپر کی جانب	اونچا اوپر کی سمت
2	heated, after being	گرم ہونا ہونے کے بعد	گرم ہونا ہونے کی حالت کے بعد
2	heat of, face, with	گرمی چہرے کے ساتھ کا	کا گرمی چہرے کے ساتھ
2	heart, in region of	دل میں کا حصہ کا	کا دل میں کا حصہ
2	getting feet	ہونا پاؤں	حاصل ہونا پاؤں
2	front of	سامنے کا	کا سامنے کا
2	from a draft of	ایک ہوا کا جھونکے سے کا	ایک ہوا کا جھونکا کے سے
2	foreign bodies	اجنبی اجسام	غیر (بیرونی) اجسام
2	food, then	کھانا پھر	غذا پھر
2	food, from	کھانا سے	غذے سے
2	flushes, in	لہریں میں	لہریوں میں
2	flushes of	لہریں کا	کا لہریں
2	flexing leg amel.	موڑنا ٹانگ (گھٹنے سے نیچے) سے آرام	موڑ کر رکھنا ٹانگ (گھٹنے سے نیچے) سے آرام
2	flatus, emission of, amel.	ریاح احتلام سے آرام کا	کا ریاح احتلام سے آرام
2	fish-brine, like	مچھلی کے پانی جیسا	مچھلی کے پانی جیسا جیسا
2	first day of	پہلا دن کا	کا پہلا دن
2	falling of	گرنا کا	کا گرنا
2	eyes, above	آنکھیں سے اوپر	آنکھیں سے بلند
2	extending, thighs	پھیلتا ہوئے رانیں	پھیلتا ہوا رانیں
2	extending, outward	باہر کی طرف پھیلتا	پھیلتا ہوا باہر کی طرف
2	extending, fingers	پھیلتا ہوئے انگلیاں	پھیلتا ہوا انگلیاں
2	extending to nape of neck	گردن کا گدی (گردن) کی طرف پھیلتا	گردن کا گردن کی گدی کی طرف پھیلتا
2	extending to nape	گدی (گردن) کی طرف پھیلتا	گردن کی گدی کی طرف پھیلتا
2	eruption, suppressed, after	دانے (اخراج) دبی ہوئی کے بعد	ایک دانہ دبی ہوئی کے بعد
2	eruption, after	دانے (اخراج) کے بعد	ایک دانے کے بعد
2	erections, with	تناؤ (عضو کا) کے ساتھ	تناؤ کے ساتھ
2	erections, during	تناؤ (عضو کا) کے دوران	تناؤ کے دوران
2	erections, after	تناؤ (عضو کا) کے بعد	تناؤ کے بعد
2	end of	سرا کا	کا سرا
2	edges of	کنارے کا	کا کنارے
2	during rest	آرام (سکون) کے دوران	سکون کے دوران
2	drugs, after abuse of	ادویات کا زیادہ استعمال کے بعد	کا ادویات زیادہ استعمال کے بعد
2	draft, from a	ہوئے کا جھونکا سے	ہوا کا جھونکا ایک … سے
2	dislocation, as of	جوڑ اترنا جیسے کا	کا جوڑ اترنا جیسے
2	diaphragm, region of	پردۂ شکم کا حصہ	کا پردۂ شکم حصہ
2	daytime agg.	دن میں کو بگاڑ	دن کے وقت سے بگاڑ
2	daybreak, until	پو پھٹنا تک	پو پھٹنا جب تک
2	cramp in	مروڑ میں	پٹھے کا مروڑ میں
2	cold, from a	سردی سے	سردی ایک … سے
2	cold food	سردی کھانا	سردی غذا
2	coffee, after abuse of	کافی کا زیادہ استعمال کے بعد	کا کافی زیادہ استعمال کے بعد
2	close of	بند کرنا کا	کا بند کرنا
2	breath, with each	سانس (دم) ہر ایک کے ساتھ	دم ہر ایک کے ساتھ
2	breath, every	سانس ہر	دم ہر
2	breath, at every	سانس (دم) ہر پر	دم ہر پر
2	breakfast, at	ناشتہ وقت	ناشتہ کے وقت
2	boring in	برما جیسے میں	برما جیسا میں
2	bone of	ہڈی کا	کا ہڈی
2	blow, from a	ضرب سے	ضرب ایک … سے
2	blood blisters	خون آبلے	خون چھالے
2	blisters, from	آبلوں سے	چھالوں سے
2	anterior part of	اگلا حصہ کا	کا اگلا حصہ
2	alternating with pain in joints	باری باری جوڑوں میں درد کے ساتھ	باری باری درد میں کے جوڑ کے ساتھ
2	alternating with melancholy	باری باری سودا (اداسی) کے ساتھ	باری باری سودے کے ساتھ
2	alternating with colic	باری باری مروڑ (پیٹ کا) کے ساتھ	باری باری پیٹ کا مروڑ کے ساتھ
2	afternoon, until	سہ پہر تک	سہ پہر جب تک
2	after getting	ہونا (پہنچنا) کے بعد	حاصل ہونے کے بعد
2	acrid, excoriating	تیز (جلانے والا) جلد چھیلنے والا	چرپرا جلد چھیلنے والا
2	a draft of	ایک ہوا کا جھونکا کا	کا ایک ہوا کا جھونکا
2	4 a.m., until	رات ۴ بجے تک	رات ۴ بجے جب تک
1	yellowish base	زردی مائل بنیاد (نچلا سرا)	زردی مائل بنیاد
1	wrong position, in	غلط حالت (وضع) میں	غلط حالت میں
1	worm, sensation of	کیڑا احساس کا	کا کیڑا احساس
1	work, dread of	کام ہول کا	کا کام ہول
1	words, of, while speaking	الفاظ کا بولنا (گفتگو) کے دوران	الفاظ کا گفتگو کرنے کے دوران
1	with weakness of extremities	اعضے کا کمزوری کے ساتھ	اعضا (ہاتھ پاؤں) کا کمزوری کے ساتھ
1	with watery discharge	پتلا (پانی جیسا) رطوبت کے ساتھ	پانی جیسا رطوبت کے ساتھ
1	with urging to	حاجت (زور) تک کے ساتھ	حاجت تک کے ساتھ
1	with shining edges	چمکدار کنارے (سرے) کے ساتھ	چمکدار کناروں کے ساتھ
1	with redness of one cheek, paleness of the other	دوسرے کا ایک گال زردی (پیلاہٹ) کا سرخی کے ساتھ	دوسرے کا ایک گال زردی کا سرخی کے ساتھ
1	with palpitation of	دل کی دھڑکن کے ساتھ کا	کا دل کی دھڑکن کے ساتھ
1	with inward trembling	اندر کو کپکپاہٹ کے ساتھ	اندر کی جانب کپکپاہٹ کے ساتھ
1	with flushes of	لہریں (گرمی کی) کے ساتھ کا	لہریں کے ساتھ
1	with discharge of	رطوبت کے ساتھ کا	کا رطوبت کے ساتھ
1	with burning, tearing pains	جلن پھاڑنے جیسا درد (جمع) کے ساتھ	جلن پھاڑنے جیسا درد کے ساتھ
1	wine, as from	شراب (انگوری) جیسے کسی سے	انگوری شراب جیسے کسی سے
1	wine, after abuse of	شراب (انگوری) کا زیادہ استعمال کے بعد	کا انگوری شراب زیادہ استعمال کے بعد
1	wine, after a glass	شراب (انگوری) ایک شیشے کے بعد	انگوری شراب ایک شیشے کے بعد
1	wine tastes	شراب (انگوری) کا ذائقہ	انگوری شراب کا ذائقہ
1	wine from	شراب سے	انگوری شراب سے
1	wind, walking against	ہوا (تیز) چلنا کے خلاف	تیز ہوا چلنا کے خلاف
1	wind, of	ہوا کا	تیز ہوا کا
1	wind, in the, agg.	ہوا (تیز) میں سے بگاڑ	تیز ہوا میں سے بگاڑ
1	wind, from exposure to	ہوئے (تیز) سامنا (کھلنا) تک سے	تیز ہوا سامنا (کھلنا) تک سے
1	wind, from	ہوئے سے	تیز ہوے سے
1	wind, dry cold	ہوا (تیز) خشک سردی	تیز ہوا خشک سردی
1	wind, cold	ہوا سردی	تیز ہوا سردی
1	wind, as from cold	ہوا (تیز) — سردی جیسا	تیز ہوا — سردی جیسا
1	will, strong effort of, amel.	ارادہ مضبوط کوشش سے آرام کا	کا ارادہ مضبوط کوشش سے آرام
1	whole head, over	پورا سر اوپر	پورا سر اوپر سے
1	white objects, looking at	سفید چیزیں دیکھنا وقت	سفید چیزیں دیکھنا کے وقت
1	while, warm food	کرتے ہوئے گرم کھانا (غذا)	کرتے ہوئے گرم کھانا
1	while talking	بولنے کے دوران	بات کرنے کے دوران
1	while pressing at	دبانے جیسا وقت کے دوران	دبانے جیسا کے وقت کے دوران
1	when speaking	جب بولنا	جب گفتگو کرنا
1	wet, getting feet	گیلا ہونا (پہنچنا) پاؤں	گیلا ہونا پاؤں
1	wet, getting	گیلا ہونا	گیلا حاصل ہونا
1	wet, from getting	گیلا ہونا (پہنچنا) سے	گیلا ہونا سے
1	wet, after being	گیلا ہونے کے بعد	گیلا ہونے کی حالت کے بعد
1	weight, has no	بوجھ ہے نہیں (کوئی)	بوجھ ہے کوئی نہیں
1	weather, change of	موسم تبدیلی کا	کا موسم تبدیلی
1	wealth, imaginations of	دولت تصورات کا	کا دولت تصورات
1	weakness, from loss of fluids	کمزوری رطوبتوں کا ضیاع سے	رطوبتیوں کا کمزوری ضیاع سے
1	weakness of	کمزوری کا	کا کمزوری
1	watery, white	پتلا سفید	پانی جیسا سفید
1	watery, then	پتلا پھر	پانی جیسا پھر
1	watery discharge, after	پتلا (پانی جیسا) رطوبت کے بعد	پانی جیسا رطوبت کے بعد
1	water, sight of	پانی نظر کا	کا پانی نظر
1	water, cold, as if, poured over	پانی سردی گویا انڈیلا گیا اوپر	پانی سردی گویا انڈیلا گیا اوپر سے
1	water, at sight of	پانی نظر پر کا	کا پانی نظر پر
1	water, as of	پانی جیسے کا	کا پانی جیسے
1	water, after a glass of	پانی ایک شیشے کے بعد کا	کا پانی ایک شیشے کے بعد
1	watch, to wind	گھڑی (جیبی) ہوا (تیز) کی طرف	جیبی گھڑی ہوا (تیز)) کی طرف
1	warmth of, bed, amel.	گرماہٹ بستر سے آرام کا	کا گرماہٹ بستر سے آرام
1	warm, food, after	گرم کھانا (غذا) کے بعد	گرم غذے کے بعد
1	warm food, agg.	گرم کھانا (غذا) سے بگاڑ	گرم کھانے سے بگاڑ
1	want of self	خود کا چاہنا	اپنی ذات کا چاہنا
1	wandering pains	جگہ بدلتا ہوا درد (جمع)	جگہ بدلتا ہوا درد
1	walls of	دیواریں کا	کا دیواریں
1	walking, in open air, after	چلنا کھلی ہوا میں کے بعد	چلنا کھلی ہوئے میں کے بعد
1	walking, fast	چلنا تیز	چلنا تیز رفتار
1	walking in wind, while	ہوئے میں چلتے ہوئے	ہوا میں چلتے ہوئے
1	walking after, fast	چلنا کے بعد تیز	چلنا کے بعد تیز رفتار
1	waking out of sound sleep	آواز نیند کا جاگنا باہر	آواز (صوت) نیند کا جاگنا باہر
1	wakes up	جگاتا ہے اوپر کی جانب	جگاتا ہے اوپر کی سمت
1	vomiting of	قے کا	کا قے
1	voluptuous images, by	شہوانی تصویریں سے (ذریعے)	شہوانی تصویریں کے ذریعے
1	visions, by	نظارے سے	نظارے کے ذریعے
1	visions of	نظارے کا	کا نظارے
1	vision of	بینائی کا	کا بینائی
1	varicose veins	پھولی رگیں	پھولی رگیں رگیں
1	vanishing, at sight of food	کھانا (غذا) کا غائب ہو جانا نظر پر	غذے کا غائب ہو جانا نظر پر
1	vagina, cysts	اندام نہانی آبلے (کیسے)	اندام نہانی پانی والے آبلے
1	urine, odor of	پیشاب بو کا	کا پیشاب بو
1	urine, copious flow of, amel.	پیشاب بہت زیادہ بہاؤ سے آرام کا	کا پیشاب بہت زیادہ بہاؤ سے آرام
1	urination, at close of	پیشاب کرنا کے اختتام پر	کا پیشاب کرنا بند کرنے پر
1	urinate, urging to	پیشاب کرنا حاجت (زور) تک	پیشاب کرنا حاجت تک
1	urging to, during	حاجت (زور) تک کے دوران	حاجت تک کے دوران
1	urging to, constant	حاجت (زور) تک مستقل	حاجت تک مستقل
1	urging at, when	جب حاجت (زور) وقت	جب حاجت کے وقت
1	upward, of being drawn	اوپر کی طرف ہونا کھنچا ہوے کا	اوپر کی طرف ہونے کی حالت کھنچا ہوے کا
1	upper limbs, joints of	بازو جوڑ کا	کا بازو جوڑ
1	up, from	اوپر کی جانب سے	اوپر کی سمت سے
1	up, amel.	اوپر کی جانب سے آرام	اوپر کی سمت سے آرام
1	up spine	اوپر کی جانب ریڑھ	اوپر کی سمت ریڑھ
1	up leg	اوپر کی جانب ٹانگ (گھٹنے سے نیچے)	اوپر کی سمت ٹانگ (گھٹنے سے نیچے)
1	up again, amel.	اوپر کی جانب دوبارے سے آرام	اوپر کی سمت دوبارے سے آرام
1	up again agg.	اوپر کی جانب دوبارے سے بگاڑ	اوپر کی سمت دوبارے سے بگاڑ
1	under surface of	سطح کے نیچے کا	کا سطح کے نیچے
1	ulnar side of, extending to index finger	چھنگلی والی طرف شہادت کی انگلی کی طرف پھیلتا کا	چھنگلی والی طرف کا شہادت کی انگلی کی طرف پھیلتا
1	ulcerative gums	زخم جیسے مسوڑھے	زخم جیسا مسوڑھے
1	twitching of the limbs	اعضا (ہاتھ پاؤں) کا پھڑکن	ہاتھ پاؤں کا پھڑکن
1	twitching of limbs	اعضا (ہاتھ پاؤں) کا پھڑکن	ہاتھ پاؤں کا پھڑکن
1	twilight, at	دھندلکا وقت	دھندلکا کے وقت
1	turning, by	کروٹ لینا سے (ذریعے)	کروٹ لینا کے ذریعے
1	turning over	کروٹ لینا اوپر	کروٹ لینا اوپر سے
1	turning backward, of	کروٹ لینا پیچھے کو کا	کروٹ لینا پیچھے کی جانب کا
1	toward end of	کی طرف سرا کا	کا کی طرف سرا
1	touch, by	چھونا سے	چھونا کے ذریعے
1	tormented, thinks is	ستایا ہوئے سمجھتا ہے	ستایا ہوا سمجھتا ہے ہے
1	top of	اوپر کا سرا کا	کا اوپر کا سرا
1	tobacco, abuse of, after	تمباکو کا زیادہ استعمال کے بعد	کا تمباکو زیادہ استعمال کے بعد
1	to limbs	اعضا (ہاتھ پاؤں) کی طرف	ہاتھ پاؤں کی طرف
1	to centre of head	سر کا بیچ میں کی طرف	سر کا درمیانی نقطے کی طرف
1	to base	بنیاد (نچلا سرا) کی طرف	بنیاد کی طرف
1	tired limbs	تھکا ہوا اعضا (ہاتھ پاؤں)	تھکا ہوا ہاتھ پاؤں
1	time, in	وقت میں	وقت (زمانہ) میں
1	tight hat, as from	کسا ہوئے ٹوپی جیسے کسی سے	کسا ہوا ٹوپی جیسے کسی سے
1	tibia, over	پنڈلی کی ہڈی اوپر	پنڈلی کی ہڈی اوپر سے
1	thyroid gland, in region of	تھائیرائیڈ غدود میں کا حصہ کا	کا تھائیرائیڈ غدود میں کا حصہ
1	throwing head, backward	پھینکنا سر پیچھے کو	پھینکنا سر پیچھے کی جانب
1	throat, from sensation of swelling of	سوجن کا گلا احساس سے کا	کا سوجن کا گلا احساس سے
1	thoughts of	خیالات کا	کا خیالات
1	those, around	وہ گرد	وہ لوگ گرد
1	thirst, by	پیاس سے	پیاس کے ذریعے
1	third phalanx of	تیسرا انگلی کی ہڈی کا	کا تیسرا انگلی کی ہڈی
1	thinking of food, when	کھانا (غذا) کا سوچنے پر	غذے کا سوچنے پر
1	thinking of	سوچنا کا	کا سوچنا
1	thin, watery	پتلا	پتلا (باریک) پانی جیسا
1	thin, is too	پتلا ہے بہت	پتلا (باریک) ہے بہت
1	thin, is	پتلا ہے	پتلا (باریک) ہے
1	thin, fluid blood	پتلا سیال خون	پتلا (باریک) سیال خون
1	thin water	پتلا پانی	پتلا (باریک) پانی
1	thin stream	پتلا دھار	پتلا (باریک) دھار
1	thin nails	پتلے کے ناخن	پتلا (باریک) کے ناخن
1	tension, during respiration	تناؤ سانس کے دوران	کھنچاؤ (تناؤ) سانس کے دوران
1	tension, as from	تناؤ جیسے کسی سے	کھنچاؤ (تناؤ) جیسے کسی سے
1	tension of skin	جلد کا تناؤ	جلد کا کھنچاؤ (تناؤ)
1	tension externally	تناؤ باہر کی طرف	کھنچاؤ (تناؤ) باہر کی طرف
1	tearing in joints	پھاڑنے جیسا میں کے جوڑ	پھاڑنے جیسے میں کے جوڑ
1	tearing in	پھاڑنے جیسے میں	پھاڑنے جیسا میں
1	tasting of	چکھنا کا	کا چکھنا
1	tall, very, is	لمبا (قد) نہایت ہے	دراز قد نہایت ہے
1	tall, of being very	لمبا (قد) ہونا نہایت کا	دراز قد ہونے کی حالت نہایت کا
1	talking, excited	بولنا برانگیختہ	بات کرنا برانگیختہ
1	talking while	بولنا کرتے ہوئے	بات کرنا کرتے ہوئے
1	talking loudly, from	بولنا زور سے	بات کرنا زور سے
1	talking aloud, while	بولنا بلند آواز کے دوران	بات کرنا بلند آواز کے دوران
1	taking hold of, on	لینا تھامنے پر کا	کا لینا تھامنے پر
1	symptoms of	علامات کا	کا علامات
1	swollen, is	پھولا ہوئے ہے	پھولا ہوا ہے
1	swelling of nape of neck	گردن کا گدی (گردن) کا سوجن	گردن کا گردن کی گدی کا سوجن
1	swelling of	سوجن کا	کا سوجن
1	swallowing food	نگلنا کھانا	نگلنا غذا
1	surrounded, is	گھرا ہوئے ہے	گھرا ہوا ہے
1	suppression of eruption	دانے (اخراج) دب جانے سے	ایک دانے دب جانے سے
1	suppressed intermittent, after	دبی ہوئی رک رک کر کے بعد	دبی ہوئی وقفے وقفے سے آنے والے کے بعد
1	suppressed eruption, from	دبی ہوئی دانے (اخراج) سے	دبی ہوئی ایک دانے سے
1	sunset, at	غروبِ آفتاب وقت	غروبِ آفتاب کے وقت
1	sun, from exposure	دھوپ سامنا (کھلنا) سے	دھوپ سامنے سے
1	sulphur, odor of	گندھک بو کا	کا گندھک بو
1	sudden attacks of	اچانک دورے کا	کا اچانک دورے
1	strong food, after	مضبوط کھانا (غذا) کے بعد	مضبوط غذے کے بعد
1	string, as by	ڈوری جیسے سے (ذریعے)	ڈوری جیسے کے ذریعے
1	stretching backward amel.	انگڑائی پیچھے کو سے آرام	انگڑائی پیچھے کی جانب سے آرام
1	stream, exposure to, agg.	دھار سامنا (کھلنا) تک سے بگاڑ	دھار سامنا تک سے بگاڑ
1	streaks of	لکیریں کا	کا لکیریں
1	strangers, of	اجنبی کا	اجنبی لوگ کا
1	strange person, sight of	اجنبی شخص نظر کا	کا اجنبی سا شخص نظر
1	straining at, while	زور لگانا وقت کے دوران	زور لگانا کے وقت کے دوران
1	straining at, from	زور لگانا وقت سے	زور لگانا کے وقت سے
1	straining at, after	زور لگانا وقت کے بعد	زور لگانا کے وقت کے بعد
1	storm, on approach of	طوفان قریب آنے پر کا	کا طوفان قریب آنے پر
1	storm, during approach of	طوفان قریب آنے کے دوران کا	کا طوفان قریب آنے کے دوران
1	stool, while at	پاخانہ وقت کے دوران	پاخانہ کے وقت کے دوران
1	stool, when urging	پاخانہ جب حاجت (زور)	پاخانہ جب حاجت
1	stool, watery	پاخانہ پتلا	پاخانہ پانی جیسا
1	stool, pressing at	پاخانہ دبانے جیسا وقت	پاخانہ دبانے جیسا کے وقت
1	stool, during effort at	پاخانہ کوشش وقت کے دوران	پاخانہ کوشش کے وقت کے دوران
1	stone in, as of a	پتھر میں — ایک جیسا	ایک کا پتھر میں جیسے
1	stomach, pit of	معدہ گڑھا کا	کا معدہ گڑھا
1	stitching pains, after	چبھن درد (جمع) کے بعد	چبھن درد کے بعد
1	stinging, stitches	ڈنک جیسے چبھنیں	ڈنک جیسا چبھنیں
1	stinging, in larynx, from	ڈنک جیسے حنجرے میں سے	ڈنک جیسا حنجرے میں سے
1	stinging stitches	ڈنک جیسے چبھنیں	ڈنک جیسا چبھنیں
1	stinging in	ڈنک جیسے میں	ڈنک جیسا میں
1	stiffness of	اکڑن کا	کا اکڑن
1	sternum, lower part of	چھاتی کی ہڈی نچلا حصہ کا	کا چھاتی کی ہڈی نچلا حصہ
1	standing up	کھڑا ہونا اوپر کی جانب	کھڑا ہونا اوپر کی سمت
1	standing position, to amel.	کھڑا ہونا حالت (وضع) تک سے آرام	کھڑا ہونا حالت تک سے آرام
1	spot, as of a cold	دھبہ — سردی جیسا	ایک سردی کا دھبہ جیسے
1	spongy gums	اسفنج جیسے مسوڑھے	اسفنج جیسا مسوڑھے
1	splinters, sensation of	پھانسیں احساس کا	کا پھانسیں احساس
1	splinter, with sensation of	پھانس احساس کے ساتھ کا	کا پھانس احساس کے ساتھ
1	spirit, that he is a	روح کہ وہ ہے	روح (بھوت) کہ وہ ہے
1	spine, to, no pain	ریڑھ تک نہیں (کوئی) درد	ریڑھ تک کوئی نہیں درد
1	spine, middle of	ریڑھ درمیانی کا	کا ریڑھ درمیانی
1	spinal irritation	ریڑھ کا خارش/جلن (اشتعال)	ریڑھ کا خارش/جلن
1	speaking, rapidly, when	جب بولنا (گفتگو) تیزی سے	جب گفتگو کرنا تیزی سے
1	speaking, by	بولنا سے	گفتگو کرنا کے ذریعے
1	speaking aloud, on	بولنا (گفتگو) بلند آواز پر	گفتگو کرنا بلند آواز پر
1	speak, to	بولنا تک	بات کرنا تک
1	spasms of	تشنجی جھٹکے کا	کا تشنجی جھٹکے
1	spasm, tongue, from	جھٹکا (تشنج) زبان سے	تشنجی جھٹکا زبان سے
1	spasm, in	جھٹکا میں	تشنجی جھٹکے میں
1	spasm, during	جھٹکا (تشنج) کے دوران	تشنجی جھٹکے کے دوران
1	spasm, before	جھٹکا (تشنج) سے پہلے	تشنجی جھٹکے سے پہلے
1	spasm, at beginning	جھٹکا (تشنج) شروع میں	تشنجی جھٹکا شروع میں
1	spasm of the bladder, from	مثانے کا جھٹکا (تشنج) سے	مثانے کا تشنجی جھٹکے سے
1	sour food, from	کھٹا کھانا (غذا) سے	کھٹا کھانے سے
1	sound, at every	آواز ہر پر	آواز (صوت) ہر پر
1	sound, after falling into	آواز گرنا کے اندر کے بعد	آواز (صوت) گرنا کے اندر کے بعد
1	sound teeth	آواز دانت	آواز (صوت) دانت
1	sound of the piano, to	پیانو تک کا آواز	پیانو تک کا آواز (صوت)
1	sound of talking	بولنے کا آواز	بات کرنے کا آواز (صوت)
1	sooty nostrils	کاجل جیسے نتھنے	کاجل جیسا نتھنے
1	something moving	کوئی چیز ہلنا	کوئی چیز ہلانا
1	sole, sensation of	تلوا احساس کا	کا تلوا احساس
1	soldiers, by	سپاہی سے	سپاہی کے ذریعے
1	softening of	نرم پڑنا کا	کا نرم پڑنا
1	snow, by	برف سے	برف کے ذریعے
1	snow, as from being in	برف — ہونا میں جیسا	برف — ہونے کی حالت میں جیسا
1	small of	چھوٹا کا	کا چھوٹا
1	sleep, fluent in	نیند بہتا ہوئے میں	نیند بہتا ہوا میں
1	sleep, during, by noise	نیند کے دوران آواز (شور) سے	نیند کے دوران شور سے
1	sleep, at beginning of	نیند شروع میں کا	کا نیند شروع میں
1	sleep, as from loss of	نیند — ضیاع جیسا کا	کا نیند — ضیاع جیسا
1	skin of	جلد کا	کا جلد
1	skin at nails	جلد وقت کے ناخن	جلد کے وقت کے ناخن
1	sitting up	بیٹھنا اوپر کی جانب	بیٹھنا اوپر کی سمت
1	sitting quiet, while	بیٹھنا خاموش (پرسکون) کے دوران	بیٹھنا پُرسکون کے دوران
1	sight of, agg.	نظر سے بگاڑ کا	کا نظر سے بگاڑ
1	sides of the bed, at	بستر وقت کا اطراف	بستر کے وقت کا اطراف
1	shrunken, parts are	سکڑا ہوئے حصے ہیں	سکڑا ہوا حصے ہیں
1	shrivelled gums	سکڑا ہوئے مسوڑھے	سکڑا ہوا مسوڑھے
1	short chill, long heat, no thirst	مختصر سردی لگنا لمبا گرمی نہیں (کوئی) پیاس	مختصر سردی لگنا لمبا گرمی کوئی نہیں پیاس
1	shooting, on quiet emission of flatus	ریاح کا لپکتا درد خاموش (پرسکون) احتلام پر	ریاح کا لپکتا درد پُرسکون احتلام پر
1	shooting, by	لپکتا درد سے (ذریعے)	لپکتا درد کے ذریعے
1	shooting pains	لپکتا درد (جمع)	لپکتا درد درد
1	shooting pain	لپکتا درد	لپکتا درد درد
1	shocks, with	جھٹکے (صدمے) کے ساتھ	صدموں کے ساتھ
1	shocks, like	جھٹکے جیسا	صدمے جیسا
1	shocks, after	جھٹکے (صدمے) کے بعد	صدموں کے بعد
1	shaking of	ہلانا کا	کا ہلانا
1	sexual passion	جنسی جنون	جنسی شدید جذبہ
1	sense of, spermatic cords	احساس منی کی نالیاں کا	احساس کا منی کی نالیاں
1	sense of, occiput, in	احساس گدی میں کا	احساس کا گدی میں
1	sense of, in joints	احساس میں کے جوڑ کا	احساس کے میں کے جوڑ
1	sensation of, in trachea	احساس ہوئے کی نالی میں	احساس ہوا کی نالی میں
1	sensation of heat, by	گرمی سے (ذریعے) کا احساس	گرمی سے کا احساس
1	sensation of being smaller	ہونا چھوٹا تر کا احساس	ہونے کی حالت چھوٹا تر کا احساس
1	sensation as of, in throat, from	احساس گلے میں سے کا	احساس کا گلے میں سے
1	sensation as of a	احساس — ایک جیسا	ایک کا احساس جیسے
1	sensation as if, rest agg.	احساس گویا آرام (سکون) سے بگاڑ	احساس گویا سکون سے بگاڑ
1	second finger, second joint of	درمیانی انگلی دوسرا جوڑ کا	کا درمیانی انگلی دوسرا جوڑ
1	seat, from a	نشست سے	نشست ایک … سے
1	seashore, while at	سمندر کنارہ وقت کے دوران	سمندر کنارہ کے وقت کے دوران
1	sea wind	سمندر ہوا	سمندر تیز ہوا
1	salt, on thinking of	نمک سوچنے پر کا	کا نمک سوچنے پر
1	saliva, with involuntary flow of	لعابِ دہن بے اختیار بہاؤ کے ساتھ کا	کا لعابِ دہن بے اختیار بہاؤ کے ساتھ
1	sad thoughts, at	اداس خیالات وقت	اداس خیالات کے وقت
1	running water, at sight of	دوڑنا پانی نظر پر کا	کا دوڑنا پانی نظر پر
1	run over of being, on going out	ہونا جانا باہر پر کا بھاگنا اوپر	ہونے کی حالت جانا باہر پر کا بھاگنا اوپر سے
1	roused, on being suddenly	برانگیختہ ہونا اچانک پر	برانگیختہ ہونے کی حالت اچانک پر
1	roots, at	جڑیں وقت	جڑیں کے وقت
1	root, at	جڑ وقت	جڑ کے وقت
1	room, heat of, agg.	کمرہ گرمی سے بگاڑ کا	کا کمرہ گرمی سے بگاڑ
1	rolling sound	لڑھکنا آواز	لڑھکنا آواز (صوت)
1	rings, circles	حلقے	حلقے حلقے
1	retention, from long	رکاوٹ (پیشاب کی) لمبے سے	رُک جانا لمبے سے
1	rest, worse during	آرام (سکون) زیادہ خراب کے دوران	سکون زیادہ خراب کے دوران
1	region of, pressure agg.	حصہ دباؤ سے بگاڑ کا	حصہ کا دباؤ سے بگاڑ
1	red wine, like	سرخ شراب (انگوری) جیسا	سرخ انگوری شراب جیسا
1	red rash	سرخ دانے	سرخ ریش
1	raw food	کچا کھانا	کچا غذا
1	rats, mice, insects, etc.	چوہے کیڑے مکوڑے وغیرہ	چوہے چوہے کیڑے مکوڑے وغیرہ
1	rash, after suppression of acute	دانے (ریش) تیز (حاد) دب جانے سے کے بعد	ریش حاد دب جانے سے کے بعد
1	rash covered	دانے (ریش) ڈھکا ہوا	ریش ڈھکا ہوا
1	rapid, quick, etc.	تیز رفتار تیز وغیرہ	تیز رفتار فوری وغیرہ
1	raised, were	اٹھایا ہوئے تھے	اٹھایا ہوا تھے
1	raise, trying to	اٹھانا کوشش تک	اونچا کرنا کوشش تک
1	raise, difficult to	اٹھانا مشکل تک	اونچا کرنا مشکل تک
1	raise arm, cannot	اٹھانا بازو نہیں کر سکتا	اونچا کرنا بازو نہیں کر سکتا
1	rain, sound of	بارش آواز کا	کا بارش آواز (صوت)
1	rain of	بارش کا	کا بارش
1	quinine, from abuse of	کونین کا زیادہ استعمال سے	کا کونین زیادہ استعمال سے
1	quiet, when	جب خاموش	جب پُرسکون
1	quiet disposition	خاموش طبیعت	پُرسکون طبیعت
1	quiet agg.	خاموش (پرسکون) سے بگاڑ	پُرسکون سے بگاڑ
1	quick, too	تیز بہت	فوری بہت
1	quick, from	تیز سے	فوری سے
1	quick, and	تیز اور	فوری اور
1	pursued by, is	تعاقب کیا جا رہا ہے سے (ذریعے) ہے	کے تعاقب میں ہے
1	purpura, cervical region	جلد کے خونی دھبے گردن کا حصہ	جلد کے خونی دھبے گردن کے کا حصہ
1	pulsating pains	دھڑکن دار درد (جمع)	دھڑکن دار درد
1	prolonged talking, from	طویل بولنے سے	طویل بات کرنے سے
1	pressure of, agg.	دباؤ سے بگاڑ کا	دباؤ کے سے بگاڑ
1	pressure of	دباؤ کا	کا دباؤ
1	pressing on, painful parts, when	جب دبانے جیسے پر دکھتے حصے	جب دبانے جیسا پر دکھتے حصے
1	pressing in	دبانے جیسے میں	دبانے جیسا میں
1	presence of, agg.	موجودگی سے بگاڑ کا	کا موجودگی سے بگاڑ
1	presence of strangers, to	اجنبی تک کا موجودگی	اجنبی لوگ تک کا موجودگی
1	pregnant, thought herself	حاملہ سوچ خود (عورت)	حاملہ سوچ خود (وہ عورت)
1	preceding discharge of pus	پیپ کا سے پہلے آنے والا رطوبت	پیپ کا پہلے آنے والا رطوبت
1	position, by	حالت سے	حالت کے ذریعے
1	police, by	پولیس سے	پولیس کے ذریعے
1	points of	نکتے کا	کا نکتے
1	plug, etc., sensation of	ڈاٹ جیسا وغیرہ احساس کا	کا ڈاٹ جیسا وغیرہ احساس
1	pitch, like	تارکول جیسا	رال جیسا
1	pit of stomach, while sitting	معدے کا گڑھا بیٹھنے کے دوران	معدہ بیٹھنے کے دوران کا گڑھا
1	pinching in	چٹکی جیسے میں	چٹکی جیسا میں
1	piano, when at	پیانو جب وقت	پیانو جب کے وقت
1	periosteum of	ہڈی کی جھلی کا	کا ہڈی کی جھلی
1	periodical, with constipation	وقفے والا قبض کے ساتھ	وقفے دار قبض کے ساتھ
1	periodical, every two days	وقفے والا ہر دو دن بعد	وقفے دار ہر دو دن بعد
1	periodical, every other day	وقفے والا ہر دوسرے دن	وقفے دار ہر دوسرے دن
1	periodical, every day	وقفے والا ہر دن	وقفے دار ہر دن
1	periodical attacks	وقفے والے دورے	وقفے دار دورے
1	periodic headache	وقفے والا سر درد	وقفے دار سر درد
1	periodic attacks	وقفے والے دورے	وقفے دار دورے
1	people, on approach of	لوگ قریب آنے پر کا	کا لوگ قریب آنے پر
1	penis, erection, during	عضو تناسل تناؤ (عضو کا) کے دوران	عضو تناسل عضو کا تناؤ کے دوران
1	passion, with burst of	جنون (شدت) پھٹ جانے کے ساتھ کا	کا شدید جذبہ پھٹ جانے کے ساتھ
1	passing out of	گزرنا باہر کا	کا گزرنا باہر
1	parturition, after, no desire	زچگی کے بعد نہیں (کوئی) خواہش	زچگی کے بعد کوئی نہیں خواہش
1	paroxysms of, end with	دورے سرا کے ساتھ کا	کا دورے سرا کے ساتھ
1	paroxysmal, in	دورے کی صورت میں	دورے کی شکل والے میں
1	paroxysmal sudden	دورے کی صورت میں اچانک	دورے کی شکل والا اچانک
1	paroxysmal pains	دورے کی صورت میں درد (جمع)	دورے کی شکل والا درد
1	paroxysmal in	دورے کی صورت میں	دورے کی شکل والا میں
1	paroxysmal fever	دورے کی صورت میں بخار	دورے کی شکل والا بخار
1	paroxysmal cough, after each	دورے کی صورت میں کھانسی ہر ایک کے بعد	دورے کی شکل والا کھانسی ہر ایک کے بعد
1	palm of	ہتھیلی کا	کا ہتھیلی
1	pains, during	درد (جمع) کے دوران	درد کے دوران
1	pains in, stomach, and vomiting	درد (جمع) میں معدہ اور قے	درد میں معدہ اور قے
1	painless, cervical region	بے درد گردن کا حصہ	بے درد گردن کے کا حصہ
1	painful when, talking	دردناک جب بولنا	دردناک جب بات کرنا
1	painful erections, with	دردناک تناؤ (عضو کا) کے ساتھ	دردناک تناؤ کے ساتھ
1	pain, in limbs	درد اعضا (ہاتھ پاؤں) میں	درد ہاتھ پاؤں میں
1	pain, at seat of	درد نشست (جگہ) پر کا	کا درد نشست پر
1	pain in, limbs	درد میں اعضا (ہاتھ پاؤں)	درد میں ہاتھ پاؤں
1	pain appear gradually	رفتہ درد ظاہر ہونا	رفتہ رفتہ درد ظاہر ہونا
1	own voice	اپنا آواز	اپنا گلے کی آواز
1	over, seems to, on coughing	اوپر لگتا ہے تک کھانسنے پر	اوپر سے لگتا ہے تک کھانسنے پر
1	over, after, amel.	اوپر کے بعد سے آرام	اوپر سے کے بعد سے آرام
1	ovaries, sensation of, left	بیضہ دانیاں احساس بایاں کا	کا بیضہ دانیاں احساس بایاں
1	outside of	باہر کا	کا باہر
1	outer part, as of something acrid	کوئی چیز تیز (جلانے والا) کا بیرونی حصہ جیسے	کوئی چیز چرپرے کا بیرونی حصہ جیسے
1	outer part of	بیرونی حصہ کا	کا بیرونی حصہ
1	out, sensation of	باہر احساس کا	کا باہر احساس
1	or drinking, while not	یا پینا نہیوں کے دوران	یا پینا نہیں (نفی) کے دوران
1	opium, from abuse of	افیون کا زیادہ استعمال سے	کا افیون زیادہ استعمال سے
1	open air, when in	کھلی ہوئے جب میں	کھلی ہوا جب میں
1	open air, in, amel., rest agg.	کھلی ہوے میں سے آرام (سکون) سے بگاڑ	کھلی ہوے میں سے آرام سکون سے بگاڑ
1	open air, in the, while	کھلی ہوا میں کے دوران	کھلی ہوئے میں کے دوران
1	open air, in the	کھلی ہوئے میں	کھلی ہوا میں
1	onions, odor of	پیاز بو کا	کا پیاز بو
1	one position, long	ایک حالت (وضع) لمبا	ایک حالت لمبا
1	one of	ایک کا	کا ایک
1	on, trachea, from	پر ہوئے کی نالی سے	پر ہوا کی نالی سے
1	on red base	سرخ بنیاد (نچلا سرا) پر	سرخ بنیاد پر
1	on nape	گدی پر	گردن کی گدی پر
1	on looking at	دیکھنا وقت پر	دیکھنا کے وقت پر
1	on inflamed base	سوجا ہوا بنیاد (نچلا سرا) پر	سوجا ہوا بنیاد پر
1	on every breath	ہر سانس (دم) پر	ہر دم پر
1	on being	ہونے پر	ہونے کی حالت پر
1	of, self	کا خود	کا اپنی ذات
1	of limbs	اعضا کا	ہاتھ پاؤں کا
1	of food, from	کھانا (غذا) کے سے	غذے کے سے
1	of extremities, with	اعضے کے ساتھ	اعضا (ہاتھ پاؤں) کے ساتھ
1	of being accused of	کا ہونا الزام لگایا گیا کا	کا ہونے کی حالت الزام لگایا گیا کا
1	oedema of	پانی والی سوجن کا	کا پانی والی سوجن
1	odor of food	کھانا (غذا) کا بو	غذے کا بو
1	not for	نہیں کے لیے	نہیں (نفی) کے لیے
1	nose, over	ناک اوپر	ناک اوپر سے
1	nose, corners of	ناک کونے کا	کا ناک کونے
1	noon, at	دوپہر وقت	دوپہر کے وقت
1	noise, to	آواز تک	شور تک
1	noise, sudden	آواز اچانک	شور اچانک
1	noise, running water	آواز (شور) دوڑنا پانی	شور دوڑنا پانی
1	noise, from slight	آواز (شور) معمولی سے	شور معمولی سے
1	noise, from every strange	آواز (شور) ہر اجنبی سے	شور ہر اجنبی سے
1	noise, at	آواز وقت	شور کے وقت
1	noise in region of heart	دل کا آواز (شور) میں کا حصہ	دل کا شور میں کا حصہ
1	noise amel.	آواز (شور) سے آرام	شور سے آرام
1	night, erections, during	رات تناؤ (عضو کا) کے دوران	رات تناؤ کے دوران
1	night, 3 a.m. to 6 a.m.	رات ۳ سے صبح ۶ بجے تک	رات رات ۳ سے صبح ۶ بجے تک
1	night, 2 a.m.	رات ۲ بجے	رات رات ۲ بجے
1	night, 11 p.m.	رات ۱۱ بجے	رات رات ۱۱ بجے
1	night, 1 a.m., waking him	رات ۱ بجے اسے جگا دیتا ہے	رات رات ۱ بجے اسے جگا دیتا ہے
1	neuralgia of uterus, with each attack of	بچہ دانی ہر ایک دورے کے ساتھ کا عصبی درد کا	کا بچہ دانی ہر ایک دورے کے ساتھ کا عصبی درد
1	near, of those standing	قریب وہ کھڑا ہونے کا	قریب وہ لوگ کھڑا ہونے کا
1	near fraenum	لگام (جھلی) کے قریب	لگام کے قریب
1	nape, while walking	گدی (گردن) چلنے کے دوران	گردن کی گدی چلنے کے دوران
1	nape, to	گدی تک	گردن کی گدی تک
1	nape, into	گدی (گردن) کے اندر	گردن کی گدی کے اندر
1	naked, thinks is	برہنہ سمجھتا ہے	برہنہ سمجھتا ہے ہے
1	nails, roots of	ناخن جڑیں کا	کا ناخن جڑیں
1	nails, like, under skin	ناخن جیسے جلد کے نیچے	ناخن جیسا جلد کے نیچے
1	nail of	ناخن کا	کا ناخن
1	musk, tasting of	مشک چکھنا کا	کا مشک چکھنا
1	murderers, robbers, by	قاتل ڈاکو سے (ذریعے)	قاتل ڈاکو کے ذریعے
1	mucus, then	لعاب پھر	لعاب (بلغمی مادہ) پھر
1	mucus, from	لعاب سے	لعاب (بلغمی مادہ) سے
1	moving, while	ہلتے ہوئے	ہلاتے ہوئے
1	moving, jaw	ہلنا جبڑا	ہلانا جبڑا
1	moving, head	ہلنا سر	ہلانا سر
1	moving, eyes	ہلنا آنکھیں	ہلانا آنکھیں
1	moving, arms agg.	ہلنا بازو سے بگاڑ	ہلانا بازو سے بگاڑ
1	moving toes	ہلنا پاؤں کی انگلیاں	ہلانا پاؤں کی انگلیاں
1	moving them	ہلنا انہیں	ہلانا انہیں
1	moving objects	ہلنا چیزیں	ہلانا چیزیں
1	moving jaws	ہلنا جبڑے	ہلانا جبڑے
1	moving it	ہلنا یہ	ہلانا یہ
1	moving in	ہلنا میں	ہلانا میں
1	moving foot, on, after standing	ہلنا پاؤں پر کھڑا ہونے کے بعد	ہلانا پاؤں پر کھڑا ہونے کے بعد
1	moving finger	ہلنا انگلی	ہلانا انگلی
1	moving arms	ہلنا بازو	ہلانا بازو
1	moving amel.	ہلنے سے آرام	ہلانے سے آرام
1	move on, beginning to	ہلنا (حرکت کرنا) پر شروع کرنے پر	حرکت کرنا پر شروع کرنے پر
1	motion, and rest, during	حرکت اور آرام (سکون) کے دوران	حرکت اور سکون کے دوران
1	morning, until	صبح تک	صبح جب تک
1	morning, erections after	صبح تناؤ (عضو کا) کے بعد	صبح تناؤ کے بعد
1	morning, 9 a.m.	صبح ۹ بجے	صبح صبح ۹ بجے
1	morning, 8 a.m.	صبح ۸ بجے	صبح صبح ۸ بجے
1	morning, 7-30 a.m.	صبح ۷:۳۰ بجے	صبح صبح ۷:۳۰ بجے
1	morning, 7 a.m.	صبح ۷ بجے	صبح صبح ۷ بجے
1	morning, 10 a.m.	صبح ۱۰ بجے	صبح صبح ۱۰ بجے
1	morning erections, with violent	صبح تناؤ (عضو کا) شدید کے ساتھ	صبح تناؤ شدید کے ساتھ
1	more at	زیادہ وقت	زیادہ کے وقت
1	misfortune, at	بدقسمتی وقت	بدقسمتی کے وقت
1	midnight, 11 p.m.	آدھی رات ۱۱ بجے	آدھی رات رات ۱۱ بجے
1	middle point of	درمیانی نکتہ کا	کا درمیانی نکتہ
1	middle of, evening, while sitting	درمیانی شام بیٹھنے کے دوران کا	درمیانی کا شام بیٹھنے کے دوران
1	mice, sound of	چوہے آواز کا	کا چوہے آواز (صوت)
1	mental insensibility	ذہنی بے حسی	ذہنی حواس کا فقدان
1	mental exertion, by	ذہنی محنت سے (ذریعے)	ذہنی محنت کے ذریعے
1	menses, toward close of	حیض کی طرف بند کرنا کا	کا حیض کی طرف بند کرنا
1	menses, on appearance of	حیض ظاہر ہونے پر	کا حیض ظاہری شکل پر
1	meibomian glands of	پپوٹے کے غدود کا	کا پپوٹے کے غدود
1	medicine being	دوا ہونا	دوا ہونے کی حالت
1	margins, at	کنارے وقت	کنارے کے وقت
1	margins of	کنارے کا	کا کنارے
1	marbled spots	سنگِ مرمر جیسے دھبے	سنگِ مرمر جیسا دھبے
1	mammae, sensation of, under left	پستان احساس بائیں کے نیچے کا	پستان احساس کا بائیں کے نیچے
1	mammae, sensation of	پستان احساس کا	کا پستان احساس
1	maddening pains	دیوانہ کر دینے والا درد (جمع)	دیوانہ کر دینے والا درد
1	lying quiet amel.	لیٹنا خاموش (پرسکون) سے آرام	لیٹنا پُرسکون سے آرام
1	lying on, sound side	لیٹنا پر آواز پہلو	لیٹنا پر آواز (صوت) پہلو
1	lumps of	ڈلیاں کا	کا ڈلیاں
1	lower part of, when writing	نچلا حصہ جب لکھنا کا	نچلا حصہ کا جب لکھنا
1	lower limbs, joints of	ٹانگیں جوڑ کا	کا ٹانگیں جوڑ
1	loss of, with	ضیاع کے ساتھ کا	ضیاع کے ساتھ
1	loss of	ضیاع کا	کا ضیاع
1	looking, upwards	دیکھنا اوپر کو	دیکھنا اوپر کی جانب
1	long chill, little heat, no thirst	لمبا سردی لگنا تھوڑا گرمی نہیں (کوئی) پیاس	لمبا سردی لگنا تھوڑا گرمی کوئی نہیں پیاس
1	liver, region of	جگر کا حصہ	کا جگر حصہ
1	liver, in, sensation of	جگر میں احساس کا	کا جگر میں احساس
1	liver and region of	جگر اور کا حصہ کا	کا جگر اور کا حصہ
1	little heat, no thirst	تھوڑا گرمی نہیں (کوئی) پیاس	تھوڑا گرمی کوئی نہیں پیاس
1	liquid food	پتلا مادہ کھانا (غذا)	پتلا مادہ غذا
1	lips, inside of	ہونٹ اندر کا	کا ہونٹ اندر
1	lips, from acrid saliva	ہونٹ تیز (جلانے والا) لعابِ دہن سے	ہونٹ چرپرا لعابِ دہن سے
1	lip, lower, extending from	ہونٹ نچلا پھیلتا ہوئے سے	ہونٹ نچلا پھیلتا ہوا سے
1	limbs, to	اعضا تک	ہاتھ پاؤں تک
1	limbs, through	اعضا (ہاتھ پاؤں) کے آر پار	ہاتھ پاؤں کے آر پار
1	limbs, into	اعضا (ہاتھ پاؤں) کے اندر	ہاتھ پاؤں کے اندر
1	limbs, down	اعضا (ہاتھ پاؤں) نیچے کی جانب	ہاتھ پاؤں نیچے کی جانب
1	limbs broken	اعضا (ہاتھ پاؤں) ٹوٹنے جیسا	ہاتھ پاؤں ٹوٹنے جیسا
1	like needles	جیسے سوئیاں	جیسا سوئیاں
1	like drops	جیسے قطرے	جیسا قطرے
1	like balls of fire	آگ کا جیسے گولے	آگ کا جیسا گولے
1	lifting up of the skull	کھوپڑی کا وزن اٹھانا اوپر کی جانب	کھوپڑی کا وزن اٹھانا اوپر کی سمت
1	lids of	پپوٹے کا	کا پپوٹے
1	letting limbs	چھوڑ دینا اعضا (ہاتھ پاؤں)	چھوڑ دینا ہاتھ پاؤں
1	leg, sensation of	ٹانگ (گھٹنے سے نیچے) احساس کا	کا ٹانگ (گھٹنے سے نیچے) احساس
1	leg, in front of	ٹانگ (گھٹنے سے نیچے) سامنے کا	کا ٹانگ (گھٹنے سے نیچے) سامنے
1	left, with cramp, extending into thighs	بایاں مروڑ (پٹھے کا) کے ساتھ رانیوں کے اندر پھیلتا	بایاں پٹھے کا مروڑ کے ساتھ رانیوں کے اندر پھیلتا
1	left, sensation of cold wind	سردی ہوا (تیز) کا بایاں احساس	سردی تیز ہوے کا بایاں احساس
1	left, as from a plug	بایاں — ڈاٹ جیسا	بایاں — ڈاٹ جیسا جیسا
1	left half of	بایاں آدھا کا	کا بایاں آدھا
1	leaning over	ٹیک لگانا اوپر	ٹیک لگانا اوپر سے
1	lead colic	سیسہ مروڑ	سیسہ پیٹ کا مروڑ
1	lasting, all forenoon	رہنے والے سب دوپہر سے پہلے	رہنے والا سب دوپہر سے پہلے
1	last joint of	آخری جوڑ کا	کا آخری جوڑ
1	larynx, from irritation	حنجرہ خارش/جلن (اشتعال) سے	حنجرہ خارش/جلن سے
1	large sensation of being	ہونے کا بڑا احساس	ہونے کی حالت کا بڑا احساس
1	lardaceous base	چربی جیسا بنیاد (نچلا سرا)	چربی جیسا بنیاد
1	lain on, side not	جس پر لیٹے پہلو نہیں	جس پر لیٹے پہلو نہیں (نفی)
1	labor pains	دردِ زہ درد (جمع)	دردِ زہ درد
1	knee, hollow of	گھٹنا کھوکھلی کا	کا گھٹنا کھوکھلی
1	knee, bend of	گھٹنا کا موڑ	کا گھٹنا موڑ
1	jumps out of	کودتا ہے باہر کا	کا کودتا ہے باہر
1	joint of	جوڑ کا	کا جوڑ
1	jerking of	جھٹکے کا	کا جھٹکے
1	jerking in region of	جھٹکے میں کا حصہ کا	کا جھٹکے میں کا حصہ
1	jar, from a	جھٹکا سے	جھٹکا (ٹکر) ایک … سے
1	jar, from	جھٹکے سے	جھٹکا (ٹکر) سے
1	jar, at every	جھٹکا ہر پر	جھٹکا (ٹکر) ہر پر
1	jar of walking agg.	چلنے کا جھٹکے سے بگاڑ	چلنے کا جھٹکا (ٹکر) سے بگاڑ
1	jar of bed	بستر کا جھٹکا	بستر کا جھٹکا (ٹکر)
1	is getting	ہے ہونا	ہے حاصل ہونا
1	iron, from abuse of	لوہا زیادہ استعمال سے کا	کا لوہا زیادہ استعمال سے
1	iron, after abuse of	لوہا زیادہ استعمال کے بعد کا	کا لوہا زیادہ استعمال کے بعد
1	into nape of neck	گردن کا گدی (گردن) کے اندر	گردن کا گردن کی گدی کے اندر
1	interruption, from any	وقفہ (رکاوٹ) کوئی بھی سے	رکاوٹ کوئی بھی سے
1	internal part of	اندرونی حصہ کا	کا اندرونی حصہ حصہ
1	intermittent, before	رک رک کر سے پہلے	وقفے وقفے سے آنے والے سے پہلے
1	intermittent pains	رک رک کر درد (جمع)	وقفے وقفے سے آنے والا درد
1	intermittent flow	رک رک کر بہاؤ	وقفے وقفے سے آنے والا بہاؤ
1	insensibility, with	بے حسی کے ساتھ	حواس کا فقدان کے ساتھ
1	insensibility to	بے حسی تک	حواس کا فقدان تک
1	insensibility of larynx	حنجرے کا بے حسی	حنجرے کا حواس کا فقدان
1	insensibility in	بے حسی میں	حواس کا فقدان میں
1	insanity, with	جنون کے ساتھ	دیوانگی (جنون) کے ساتھ
1	insanity, of	جنون کا	دیوانگی (جنون) کا
1	insanity, during	جنون کے دوران	دیوانگی (جنون) کے دوران
1	inner surface of	اندرونی سطح کا	کا اندرونی سطح
1	inner margin of	اندرونی کنارہ کا	کا اندرونی کنارہ
1	inflamed spots	سوجا ہوئے دھبے	سوجا ہوا دھبے
1	ineffectual, after	بے اثر (بے سود) کے بعد	بے اثر کے بعد
1	ineffectual urging	بے اثر (بے سود) حاجت (زور)	بے اثر حاجت
1	indolent, testes	سست خصیے	سست رو خصیے
1	inactivity of	بے عملی کا	کا بے عملی
1	in, sensation of	میں احساس کا	کا میں احساس
1	in trachea, sensation of	ہوا کی نالی احساس میں کا	کا ہوا کی نالی احساس میں
1	in small of	چھوٹے میں کا	چھوٹا کے میں
1	in skin over joints	جلد اوپر کے جوڑ میں	جلد اوپر سے کے جوڑ میں
1	in region of thyroid gland	تھائیرائیڈ غدود کا میں کا حصہ	تھائیرائیڈ غدود کا حصے میں
1	in place of	جگے میں کا	کا جگے میں
1	in painless paroxysmal	بے درد دورے کی صورت میں	بے درد دورے کی شکل والے میں
1	in open air, on	کھلی ہوا میں پر	کھلی ہوئے میں پر
1	in one position	ایک حالت (وضع) میں	ایک حالت میں
1	in lead colic	سیسہ مروڑ (پیٹ کا) میں	سیسہ مروڑ میں
1	in heat of	گرمی میں کا	کا گرمی میں
1	illusions of	وہم کا	کا وہم
1	ideas, after copious flow of, at night	خیالات بہت زیادہ بہاؤ کے بعد رات پر کا	کا خیالات بہت زیادہ بہاؤ کے بعد رات پر
1	ice, like	برف جیسا	برف کا ٹکڑا جیسا
1	hysterical attack of	ہسٹیریائی دورہ کا	کا ہسٹیریائی دورہ
1	hot, in paralyzed parts	تپتا ہوئے مفلوج حصوں میں	تپتا ہوا مفلوج حصوں میں
1	hot weather of	تپتا ہوا موسم کا	کا تپتا ہوا موسم
1	hot things, from	تپتا ہوئے چیزیوں سے	تپتا ہوا چیزیوں سے
1	hot room, in a	تپتا ہوئے کمرہ ایک میں	تپتا ہوا کمرہ ایک میں
1	hot food, from	تپتا ہوئے کھانا (غذا) سے	تپتا ہوا کھانا (غذا) سے
1	hot food	تپتا ہوا کھانا (غذا)	تپتا ہوا غذا
1	hot breath	تپتا ہوا سانس (دم)	تپتا ہوا دم
1	horny excrescences	سینگ جیسا سخت ابھار (زائد گوشت)	سینگ جیسا سخت زائد گوشت کے ابھار
1	hip, sensation of	کولھا احساس کا	کا کولھا احساس
1	hip, over, region of	کولھا اوپر کا حصہ	کا کولھا اوپر سے حصہ
1	heel, over	ایڑی اوپر	ایڑی اوپر سے
1	heated, from getting	گرم ہونا (پہنچنا) سے	گرم ہونا ہونا سے
1	heat, by	گرمی سے	گرمی کے ذریعے
1	heat of, from	گرمی سے کا	کا گرمی سے
1	heart, sensation of	دل احساس کا	کا دل احساس
1	heart, from heaviness at	دل بھاری پن وقت سے	دل بھاری پن کے وقت سے
1	heart, disease of	دل مرض کا	کا دل مرض
1	heart, constriction of	دل تنگی کا	کا دل تنگی
1	heart, at each beat of	دل ہر ایک دھڑکنے پر کا	کا دل ہر ایک دھڑکنے پر
1	head, to top of	سر اوپر کا سرے کی طرف کا	کا سر اوپر کا سرے کی طرف
1	head, to side of	سر پہلو کی طرف کا	کا سر پہلو کی طرف
1	head of	سر کا	کا سر
1	head forward agg.	سر آگے کو سے بگاڑ	سر آگے کی جانب سے بگاڑ
1	he must	وے پڑتا ہے	وہ (مرد) پڑتا ہے
1	hawking, at	گلا کھنکارنا وقت	گلا کھنکارنا کے وقت
1	hat, pressure of	ٹوپی دباؤ کا	کا ٹوپی دباؤ
1	hat, from pressure of	ٹوپی دباؤ سے کا	کا ٹوپی دباؤ سے
1	happen, something, will	ہونا کوئی چیز ارادہ	پیش آنا کوئی چیز ارادہ
1	hanging, by	لٹکنا سے	لٹکنا کے ذریعے
1	hands of	ہاتھ کا	کا ہاتھ
1	hand, back of	ہاتھ پیٹھ کا	کا ہاتھ پیٹھ
1	hammering sounds of	ہتھوڑے جیسا آوازیں کا	کا ہتھوڑے جیسا آوازیں
1	hammering in	ہتھوڑے جیسے میں	ہتھوڑے جیسا میں
1	haemorrhoids of	بواسیر کا	کا بواسیر
1	gums, sensation of	مسوڑھے احساس کا	کا مسوڑھے احساس
1	groin, felt in	چڈھا محسوس ہوئے میں	چڈھا محسوس ہوا میں
1	gouty limbs	گنٹھیا والا اعضا (ہاتھ پاؤں)	گنٹھیا والا ہاتھ پاؤں
1	gnawing, testes	کترنے جیسے خصیے	کترنے جیسا خصیے
1	glistening objects, looking at	جھلملاتا چیزیں دیکھنا وقت	جھلملاتا چیزیں دیکھنا کے وقت
1	glands of nape	گدی (گردن) کا غدود	گردن کی گدی کا غدود
1	glands of	غدود کا	کا غدود
1	ghosts, by	بھوت سے	بھوت کے ذریعے
1	getting warm	ہونا گرم	حاصل ہونا گرم
1	getting out of amel.	ہونا (پہنچنا) باہر سے آرام کا	کا حاصل ہونا باہر سے آرام
1	general paralysis, as beginning of	عمومی فالج جیسے شروع کا	کا عمومی فالج جیسے شروع
1	gaslight, by	گیس کی روشنی سے (ذریعے)	گیس کی روشنی کے ذریعے
1	gangrenous, gums	سڑا ہوئے مسوڑھے	سڑا ہوا مسوڑھے
1	gangrene of lungs	پھیپھڑوں کا سڑاند (گینگرین)	پھیپھڑوں کا سڑاند
1	gallows, vision of, with fear of	کا پھانسی بینائی خوف کے ساتھ کا	کا پھانسی بینائی خوف کے ساتھ
1	fungus excrescences	پھپھوندی نما ابھار (زائد گوشت)	پھپھوندی نما زائد گوشت کے ابھار
1	fullness, from sense of	بھرا پن کا احساس سے	بھرا پن احساس کے سے
1	full of	بھرا کا	کا بھرا
1	from, a seat	سے ایک نشست (جگہ)	سے ایک نشست
1	from warmth of	گرماہٹ سے کا	کا گرماہٹ سے
1	from pressing, at	دبانے جیسے وقت سے	دبانے جیسا کے وقت سے
1	from odor of	بو سے کا	بو کے سے
1	from getting wet	ہونا (پہنچنا) گیلے سے	حاصل ہونا گیلے سے
1	from getting	ہونا سے	حاصل ہونے سے
1	from exposure to	سامنا (کھلنا) تک سے	سامنا تک سے
1	from draft of	ہوا کا جھونکے سے کا	ہوا کا جھونکا کے سے
1	from changes of	تبدیلیوں سے کا	کا تبدیلیوں سے
1	from behind forward	آگے کو کے پیچھوں سے	آگے کی جانب کے پیچھوں سے
1	from above down	نیچے کی جانب سے اوپر	سے بلند نیچے کی جانب سے
1	friends, by	دوست سے	دوست کے ذریعے
1	frequent, short attacks of	بار بار ہونے والا مختصر دورے کا	کا بار بار ہونے والا مختصر دورے
1	freezing easily	آسانی سے جم جانا	جم جانا آسانی سے
1	fourth, outer side of	چوتھا بیرونی پہلو کا	کا چوتھا بیرونی پہلو
1	forward, on	آگے کو پر	آگے کی جانب پر
1	forward, burning, tearing in, on	آگے کو جلن پھاڑنے جیسا میں پر	آگے کی جانب جلن پھاڑنے جیسے میں پر
1	foreign tongue, in a	اجنبی (غیر) زبان ایک میں	غیر (بیرونی) زبان ایک میں
1	foreign body, as of a	باہر کی چیز (کا احساس) — ایک جیسا	ایک کا باہر کی چیز (کا احساس) جیسے
1	for want of	کے لیے چاہنا کا	کا کے لیے چاہنا
1	foot, ball of	پاؤں گدی (ابھار) کا	کا پاؤں گدی نما ابھار
1	foolish, silly	احمقانہ	احمقانہ احمقانہ
1	food, tasting like	کھانا (غذا) چکھنا جیسا	غذا چکھنا جیسا
1	food, sour, from	کھانا (غذا) کھٹے سے	غذا کھٹے سے
1	food, of	کھانا کا	غذا کا
1	food, at sight of	کھانا (غذا) نظر پر کا	کا غذا نظر پر
1	food, amel.	کھانا (غذا) سے آرام	غذے سے آرام
1	food, after	کھانا (غذا) کے بعد	غذے کے بعد
1	following eruptions	کے بعد آنے والے دانے	کے بعد آنے والا دانے
1	flying pain	اڑتا ہوا (ایک جگہ سے دوسری) درد	ایک جگہ سے دوسری جگہ درد
1	flying heat, with	اڑتا ہوا (ایک جگہ سے دوسری) گرمی کے ساتھ	ایک جگہ سے دوسری جگہ گرمی کے ساتھ
1	flushes of heat, during	گرمی کا لہریں (گرمی کی) کے دوران	گرمی کا لہریوں کے دوران
1	flushes easily	آسانی سے لہریں (گرمی کی)	لہریں آسانی سے
1	fluent, left	بہتا ہوئے بایاں	بہتا ہوا بایاں
1	fluent daytime	بہتا ہوئے دن میں	بہتا ہوا دن کے وقت
1	flow of, suppressed	بہاؤ دبی ہوئی کا	کا بہاؤ دبی ہوئی
1	flexor muscles of	موڑنے والے پٹھے کا	کا موڑنے والے پٹھے
1	flexing limbs amel.	موڑ کر رکھنا اعضا (ہاتھ پاؤں) سے آرام	موڑ کر رکھنا ہاتھ پاؤں سے آرام
1	flatus, during emission of	ریاح احتلام کے دوران کا	کا ریاح احتلام کے دوران
1	fits, with	دوروں کے ساتھ	دورے (مرگی کے) کے ساتھ
1	first, joints of	پہلا جوڑ کا	کا پہلا جوڑ
1	first part of	پہلا حصہ کا	کا پہلا حصہ
1	first joint of	پہلا جوڑ کا	کا پہلا جوڑ
1	first half of	پہلا آدھا کا	کا پہلا آدھا
1	fire, talks of	آگ بولتا ہے کا	کا آگ بولتا ہے
1	fire, light of	آگ روشنی کا	کا آگ روشنی
1	fingers, tips of	انگلیاں نوکیں کا	کا انگلیاں نوکیں
1	finger, amel. by	انگلی آرام سے (ذریعے)	انگلی آرام سے
1	fever, with intermittent	بخار رک رک کر کے ساتھ	بخار وقفے وقفے سے آنے والے کے ساتھ
1	feet wet, getting, after	پاؤں گیلا ہونا (پہنچنا) کے بعد	پاؤں گیلا حاصل ہونے کے بعد
1	feet wet, from getting	پاؤں گیلا ہونا (پہنچنا) سے	پاؤں گیلا ہونا سے
1	feeling, want of	احساس چاہنا کا	کا احساس چاہنا
1	feeling of, in region of mammae	پستان کا احساس میں کا حصہ	پستان کا احساس کے میں کا حصہ
1	fatty, greasy	چکنائی والا چکنا (تیل جیسا)	چکنائی والا تیل جیسا چکنا
1	fast, amel.	تیز سے آرام	تیز رفتار سے آرام
1	fast motions, when making	تیز حرکتیں جب بنانا	تیز رفتار حرکتیں جب بنانا
1	fast agg.	تیز سے بگاڑ	تیز رفتار سے بگاڑ
1	fancy, illusions of	خیال وہم کا	کا خیال وہم
1	fancies herself	خیالی باتیں خود (عورت)	خیالی باتیں خود (وہ عورت)
1	falling of, offensive sweat, from	گرنا بدبودار پسینے سے کا	گرنا کا بدبودار پسینے سے
1	falling inward, walls of room seem, before epileptic fit	کمرہ لگتی ہیں مرگی کا دورے سے پہلوں کا گرنا اندر کو دیواریں	کمرہ لگتی ہیں مرگی کا دورے سے پہلوں کا گرنا اندر کی جانب دیواریں
1	falling backward	گرنا پیچھے کو	گرنا پیچھے کی جانب
1	face, over side of	چہرہ پہلو کے اوپر کا	کا چہرہ پہلو کے اوپر
1	eyes, falling out	آنکھیں گرنا	آنکھیں گر جانا (بال)
1	eyes over	آنکھیں اوپر	آنکھیں اوپر سے
1	eyelids, contraction of	پپوٹے سکڑاؤ کا	کا پپوٹے سکڑاؤ
1	eye, over	آنکھ اوپر	آنکھ اوپر سے
1	eye, above right, morning	آنکھ سے اوپر دایاں صبح	آنکھ دایاں سے اوپر صبح
1	extensors of	کھولنے والے پٹھے کا	کا کھولنے والے پٹھے
1	extensor muscles of	کھولنے والے پٹھے کا	کا کھولنے والے پٹھے
1	extends, upwards	پھیلتا ہے اوپر کو	پھیلتا ہے اوپر کی جانب
1	extending, to nape	گدی (گردن) کی طرف پھیلتا	گردن کی گدی کی طرف پھیلتا
1	extending, to limbs	اعضا (ہاتھ پاؤں) کی طرف پھیلتا	ہاتھ پاؤں کی طرف پھیلتا
1	extending, to ball of foot	پاؤں کا گدی (ابھار) کی طرف پھیلتا	پاؤں کا گدی نما ابھار کی طرف پھیلتا
1	extending, shoulders	پھیلتا ہوئے کندھے	پھیلتا ہوا کندھے
1	extending, pectoral muscles	پھیلتا ہوئے سینے کے پٹھے	پھیلتا ہوا سینے کے پٹھے
1	extending, left	پھیلتا ہوئے بایاں	پھیلتا ہوا بایاں
1	extending, knees	پھیلتا ہوئے گھٹنے	پھیلتا ہوا گھٹنے
1	extending, from within outward	پھیلتا ہوئے کے اندر باہر کی طرف سے	پھیلتا ہوا کے اندر باہر کی طرف سے
1	extending, from within out	پھیلتا ہوئے کے اندر باہر سے	پھیلتا ہوا کے اندر باہر سے
1	extending, above knees	پھیلتا ہوئے سے اوپر گھٹنے	پھیلتا ہوا سے بلند گھٹنے
1	extending up, spermatic cord	پھیلتا ہوا اوپر کی جانب منی کی نالی	اوپر کی طرف پھیلتا منی کی نالی
1	extending up	اوپر کی طرف پھیلتا	پھیلتا ہوا اوپر کی سمت
1	extending to nape of neck, evening after lying down	گردن شام لیٹنے کے بعد کا گدی (گردن) کی طرف پھیلتا	گردن شام لیٹنے کے بعد کا گردن کی گدی کی طرف پھیلتا
1	extending to limbs	اعضا (ہاتھ پاؤں) کی طرف پھیلتا	ہاتھ پاؤں کی طرف پھیلتا
1	extending to base of	بنیاد (نچلا سرا) کی طرف پھیلتا کا	کا بنیاد کی طرف پھیلتا
1	extending limbs amel.	پھیلتا ہوا اعضا (ہاتھ پاؤں) سے آرام	پھیلتا ہوا ہاتھ پاؤں سے آرام
1	extending forward, to	پھیلتا ہوا آگے کو تک	آگے کی طرف پھیلتا تک
1	extending extremities, to	پھیلتا ہوا اعضا تک	پھیلتا ہوا اعضا (ہاتھ پاؤں) تک
1	extending downward from above	سے میں نیچے تک پھیلتا سے اوپر	سے بلند سے میں نیچے تک پھیلتا
1	extending down, leg	پھیلتا ہوا نیچے کی جانب ٹانگ (گھٹنے سے نیچے)	نیچے کی طرف پھیلتا ٹانگ (گھٹنے سے نیچے)
1	extending down the limbs	اعضا (ہاتھ پاؤں) میں نیچے تک پھیلتا	ہاتھ پاؤں میں نیچے تک پھیلتا
1	extending down small of back to region of bladder	مثانے کا پیٹھ تک کا حصے کا چھوٹے میں نیچے تک پھیلتا	پیٹھ کا نیچے کی جانب چھوٹا سے مثانے کا حصے تک پھیلتا
1	extending deeply	پھیلتا ہوئے گہرائی سے	پھیلتا ہوا گہرائی سے
1	extending backwards	پیچھے کی طرف پھیلتا	پھیلتا ہوا پیچھے کی طرف
1	exposure to, in children, from	سامنا (کھلنا) تک بچوں میں سے	سامنا تک بچوں میں سے
1	exposure to, from	سامنا (کھلنا) تک سے	سامنا تک سے
1	exposure of her person	اس کی شخص کا سامنا (کھلنا)	اس کی شخص کا سامنا
1	excrescences, wart-like	ابھار (زائد گوشت) مسے جیسا	زائد گوشت کے ابھار مسے جیسا
1	excitement, by	اشتعال سے	اشتعال کے ذریعے
1	excitement of, easy	اشتعال آسان کا	اشتعال کا آسان
1	excitement of	اشتعال کا	کا اشتعال
1	excited talking, on	برانگیختہ بولنے پر	برانگیختہ بات کرنے پر
1	excited by agg.	برانگیختہ سے (ذریعے) سے بگاڑ	برانگیختہ کے ذریعوں سے بگاڑ
1	evil of	برائی کا	کا برائی
1	everything at, as changed	ہر چیز وقت جیسے بدلا ہوا	ہر چیز کے وقت جیسے بدلا ہوا
1	every sound	ہر آواز	ہر آواز (صوت)
1	evening, while lying quiet, agg.	شام لیٹنا خاموش (پرسکون) کے دوران سے بگاڑ	شام لیٹنا پُرسکون کے دوران سے بگاڑ
1	evening, until	شام تک	شام جب تک
1	evening, 8 p.m.	شام ۸ بجے	شام شام ۸ بجے
1	even of talking	بولنے کا حتیٰ کہ	بات کرنے کا حتیٰ کہ
1	eruptions, acute, after	دانے تیز (حاد) کے بعد	دانے حاد کے بعد
1	eruption, without	دانے (اخراج) کے بغیر	ایک دانہ کے بغیر
1	eruption, with	دانے (اخراج) کے ساتھ	ایک دانے کے ساتھ
1	eruption, before	دانے (اخراج) سے پہلے	ایک دانے سے پہلے
1	eruption, after suppressed	دانے (اخراج) دبی ہوئی کے بعد	ایک دانہ دبی ہوئی کے بعد
1	eructations, do not amel.	ڈکار کرنا نہیوں سے آرام	ڈکار کرنا نہیں (نفی) سے آرام
1	eructation, with	ڈکار (ایک) کے ساتھ	ایک ڈکار کے ساتھ
1	eructation, on each	ڈکار (ایک) ہر ایک پر	ایک ڈکار ہر ایک پر
1	eructation, after every	ڈکار (ایک) ہر کے بعد	ایک ڈکار ہر کے بعد
1	eructation, after	ڈکار (ایک) کے بعد	ایک ڈکار کے بعد
1	erections, without	تناؤ (عضو کا) کے بغیر	تناؤ کے بغیر
1	erections, violent, after	تناؤ (عضو کا) شدید کے بعد	تناؤ شدید کے بعد
1	erection, without	تناؤ (عضو کا) کے بغیر	عضو کا تناؤ کے بغیر
1	erection, at beginning of	تناؤ (عضو کا) شروع میں کا	کا عضو کا تناؤ شروع میں
1	erection, after a violent	تناؤ (عضو کا) ایک شدید کے بعد	عضو کا تناؤ ایک شدید کے بعد
1	erection, after	تناؤ (عضو کا) کے بعد	عضو کا تناؤ کے بعد
1	enemies, by	دشمن سے	دشمن کے ذریعے
1	emotional, ailments from	جذباتی کے بعد شکایات	جذباتی سے شکایات
1	emission of, amel.	احتلام سے آرام کا	کا احتلام سے آرام
1	elevated spots	ابھرا ہوئے دھبے	ابھرا ہوا دھبے
1	elevated base	ابھرا ہوا بنیاد (نچلا سرا)	ابھرا ہوا بنیاد
1	electric, like	بجلی جیسا	بجلی جیسا جیسا
1	electric shocks, as from	بجلی جیسے جھٹکے (صدمے) جیسے کسی سے	بجلی جیسا جھٹکے (صدمے) جیسے کسی سے
1	electric shocks	بجلی جیسا جھٹکے (صدمے)	بجلی جیسا صدمے
1	electric like	بجلی جیسا	بجلی جیسا جیسا
1	elbow, point of, steatoma	کہنی نکتہ چربی کی رسولی کا	کا کہنی نکتہ چربی کی رسولی
1	elbow, bend of, when covered	کہنی موڑ جب ڈھکا ہوا کا	کا کہنی موڑ جب ڈھکا ہوا
1	elbow, at	کہنی وقت	کہنی کے وقت
1	eggs, odor of, agg.	انڈے بو سے بگاڑ کا	کا انڈے بو سے بگاڑ
1	edges, centre, gray	کنارے (سرے) بیچ میں سرمئی	کنارے درمیانی نقطہ سرمئی
1	edges elevated	کنارے (سرے) ابھرا ہوا	کنارے ابھرا ہوا
1	eating, warm food, while	کھانا گرم کھانا (غذا) کے دوران	کھانا گرم کھاتے ہوئے
1	eat, with inability to	کھانا (فعل) ناتوانی تک کے ساتھ	کھا لینا ناتوانی تک کے ساتھ
1	eat, on attempting to	کھانا (فعل) کوشش کرنا تک پر	کھا لینا کوشش کرنا تک پر
1	dying, that he is	مرتا ہوئے کہ وہ ہے	مرتا ہوا کہ وہ ہے
1	during, in intermittent	کے دوران رک رک کر میں	کے دوران وقفے وقفے سے آنے والے میں
1	during urging to	حاجت (زور) تک کے دوران	حاجت تک کے دوران
1	during pressing at	دبانے جیسا وقت کے دوران	دبانے جیسا کے وقت کے دوران
1	during oppression of	گھٹن کے دوران کا	کا گھٹن کے دوران
1	dullness of	کند ذہنی کا	کا کند ذہنی
1	dryness, with sense of	خشکی کا احساس کے ساتھ	خشکی احساس کے ساتھ
1	dry food agg.	خشک کھانا (غذا) سے بگاڑ	خشک کھانے سے بگاڑ
1	dry food	خشک کھانا	خشک غذا
1	driving out of	چلانا باہر کا	کا چلانا باہر
1	drink, not of	پینا نہیں کا	کا پینا نہیں (نفی)
1	drink, at sight of	پینا نظر پر کا	کا پینا نظر پر
1	dreams, by	خواب سے	خواب کے ذریعے
1	dread of being	ہونے کا ہول	ہونے کی حالت کا ہول
1	drawn, up	کھنچا ہوا اوپر کی جانب	کھنچا ہوا اوپر کی سمت
1	drawn, left	کھنچا ہوئے بایاں	کھنچا ہوا بایاں
1	drawn up	کھنچا ہوا اوپر کی جانب	کھنچا ہوا اوپر کی سمت
1	drawn together	کھنچا ہوئے اکٹھے	کھنچا ہوا اکٹھے
1	drawn in	کھنچا ہوئے میں	کھنچا ہوا میں
1	drawing, up knee amel.	کھنچاؤ اوپر کی جانب گھٹنے سے آرام	کھنچاؤ اوپر کی سمت گھٹنے سے آرام
1	drawing, up feet amel.	کھنچاؤ اوپر کی جانب پاؤں سے آرام	کھنچاؤ اوپر کی سمت پاؤں سے آرام
1	draft, in a	ہوئے کا جھونکا ایک میں	ہوا کا جھونکا ایک میں
1	draft, from every	ہوئے کا جھونکا ہر سے	ہوا کا جھونکا ہر سے
1	draft of, from	ہوا کا جھونکے سے کا	ہوا کا جھونکا کے سے
1	draft of, every	ہوا کا جھونکا ہر کا	ہوا کا جھونکا کا ہر
1	draft of, agg.	ہوا کا جھونکے سے بگاڑ کا	ہوا کا جھونکا کے سے بگاڑ
1	down, sensation of	نیچے کی جانب احساس کا	کا نیچے کی جانب احساس
1	dorsum, right side	پشت (اوپری سطح) دایاں پہلو	پشت دایاں پہلو
1	dorsum, on, with inflamed base	پشت (اوپری سطح) پر سوجا ہوا بنیاد (نچلا سرا) کے ساتھ	پشت پر سوجا ہوا بنیاد کے ساتھ
1	dorsum of hand	ہاتھ کا پشت (اوپری سطح)	ہاتھ کا پشت
1	does not	کرتا ہے نہیں	کرتا ہے نہیں (نفی)
1	distinguished people of	ممتاز لوگ کا	کا ممتاز لوگ
1	distant talking, of	دور کا بولنا کا	دور کا بات کرنا کا
1	discharge, thin watery	رطوبت پتلا (پانی جیسا)	رطوبت پتلا (باریک) پانی جیسا
1	diaphragm, in region of	پردۂ شکم میں کا حصہ کا	کا پردۂ شکم میں کا حصہ
1	desquamation of	جلد اترنا کا	کا جلد اترنا
1	deep breath, after	گہرا سانس (دم) کے بعد	گہرا دم کے بعد
1	debate, of being in	بحث ہونا میں کا	بحث ہونے کی حالت میں کا
1	daytime, while at rest	دن میں آرام (سکون) پر کے دوران	دن کے وقت آرام (سکون) پر کے دوران
1	daytime, walking, while	دن میں چلتے ہوئے	دن کے وقت چلتے ہوئے
1	daytime, reading, while	دن میں پڑھتے ہوئے	دن کے وقت پڑھتے ہوئے
1	daytime, only	دن میں صرف	دن کے وقت صرف
1	daytime, during sleep	دن میں نیند کے دوران	دن کے وقت نیند کے دوران
1	daytime, during rest	دن میں آرام (سکون) کے دوران	دن کے وقت آرام (سکون) کے دوران
1	daytime, during	دن میں کے دوران	دن کے وقت کے دوران
1	daytime, and night	دن میں اور رات	دن کے وقت اور رات
1	daytime, amel.	دن میں کو آرام	دن کے وقت سے آرام
1	daytime amel.	دن میں کو آرام	دن کے وقت سے آرام
1	cutting in	کاٹنے جیسے میں	کاٹنے جیسا میں
1	cup, in a, moving	پیالہ ایک میں ہلنا	پیالہ ایک میں ہلانا
1	crushed testes	کچلا ہوئے خصیے	کچلا ہوا خصیے
1	crumb, sensation of	ٹکڑا احساس کا	کا ٹکڑا احساس
1	cruelties, when hearing of	ظلم جب سماعت کا	کا ظلم جب سماعت
1	cruelties, after hearing of	ظلم سماعت کے بعد کا	کا ظلم سماعت کے بعد
1	creeping of	رینگتا ہوا کا	کا رینگتا ہوا
1	cramping, griping	مروڑ اینٹھن	مروڑ والا اینٹھن
1	cramp-like, morning in bed	اینٹھن جیسے صبح بستر میں	اینٹھن جیسا صبح بستر میں
1	cramp-like in muscles	اینٹھن جیسے میں کے پٹھے	اینٹھن جیسا میں کے پٹھے
1	cramp, like a	مروڑ (پٹھے کا) جیسا ایک	پٹھے کا مروڑ جیسا ایک
1	cramp, like	مروڑ جیسا	پٹھے کا مروڑ جیسا
1	cramp like	مروڑ جیسا	پٹھے کا مروڑ جیسا
1	covered, from being	ڈھکا ہوئے ہونے سے	ڈھکا ہوا ہونے کی حالت سے
1	covered parts, on	ڈھکا ہوا حصوں پر	ڈھکا ہوئے حصوں پر
1	covered parts, of	ڈھکا ہوا حصے کا	ڈھکا ہوئے حصے کا
1	cough, during paroxysm of	کھانسی دورے کے دوران کا	کا کھانسی دورے کے دوران
1	cough, before paroxysm of	کھانسی دورے سے پہلے کا	کا کھانسی دورے سے پہلے
1	cough, an attack of, before	کھانسی ایک دورے سے پہلے کا	کا کھانسی ایک دورے سے پہلے
1	cough, after each paroxysmal	کھانسی ہر ایک دورے کی صورت میں کے بعد	کھانسی ہر ایک دورے کی شکل والے کے بعد
1	corner of	کونا کا	کا کونا
1	coppery spots	تانبے جیسے دھبے	تانبے جیسا دھبے
1	cool wind, in	ٹھنڈا سا ہوئے (تیز) میں	ٹھنڈا سا تیز ہوے میں
1	convulsive, paroxysmal	تشنجی دورے کی صورت میں	تشنجی دورے کی شکل والا
1	control, loss of	قابو کا ضیاع	کا قابو ضیاع
1	control of, under	قابو نیچے کا	کا قابو نیچے
1	control of, lost	قابو کھویا کا	کا قابو کھویا
1	contradiction of	اختلاف کا	کا اختلاف
1	constriction of, trachea	تنگی ہوا کی نالی کا	تنگی کا ہوا کی نالی
1	constriction of	تنگی کا	کا تنگی
1	constriction at	تنگی وقت	تنگی کے وقت
1	congestion of, with	خون کا بھراؤ کے ساتھ کا	خون کا بھراؤ کے ساتھ
1	congestion of	خون کا بھراؤ کا	کا خون کا بھراؤ
1	complaints of	شکایتیں کا	کا شکایتیں
1	colic, preceding	مروڑ (پیٹ کا) سے پہلے آنے والا	پیٹ کا مروڑ پہلے آنے والا
1	colic, after	مروڑ (پیٹ کا) کے بعد	پیٹ کا مروڑ کے بعد
1	cold, wind, in	سردی ہوئے (تیز) میں	سردی ہوے میں
1	cold, wind	سردی ہوا	سردی تیز ہوا
1	cold, taking hold of anything	سردی کوئی بھی چیز پکڑنا	کوئی بھی چیز کا سردی لینا تھامنا
1	cold, preceding a	سردی سے پہلے آنے والا ایک	سردی پہلے آنے والا ایک
1	cold, food	سردی کھانا	سردی غذا
1	cold, exposure to	سردی سامنا (کھلنا) تک	سردی سامنا تک
1	cold, after being	سردی ہونے کے بعد	سردی ہونے کی حالت کے بعد
1	cold wind, as from	سردی ہوئے (تیز) جیسے کسی سے	سردی تیز ہوا جیسے کسی سے
1	cold limbs, with	سردی اعضا (ہاتھ پاؤں) کے ساتھ	سردی ہاتھ پاؤں کے ساتھ
1	cold limbs, from	سردی اعضا (ہاتھ پاؤں) سے	سردی ہاتھ پاؤں سے
1	cold hand, touch of, amel.	سردی ہاتھ چھونے سے آرام کا	کا سردی ہاتھ چھونے سے آرام
1	cold food agg.	سردی کھانا (غذا) سے بگاڑ	سردی کھانے سے بگاڑ
1	cold breath	سردی سانس	سردی دم
1	cold air, when in	ٹھنڈی ہوئے جب میں	ٹھنڈی ہوا جب میں
1	cold air, as from	ٹھنڈی ہوئے جیسے کسی سے	ٹھنڈی ہوا جیسے کسی سے
1	coffee, abuse of	کافی کا زیادہ استعمال	کا کافی زیادہ استعمال
1	clutches, at	پنجے وقت	پنجے کے وقت
1	close, at	بند کرنا وقت	بند کرنا کے وقت
1	close of urination, at	پیشاب کرنا وقت کا بند کرنا	پیشاب کرنا کے وقت کا بند کرنا
1	climaxis, at	سنِ یاس وقت	سنِ یاس کے وقت
1	clawing in	پنجہ گاڑنے جیسے میں	پنجہ گاڑنے جیسا میں
1	cicatrices, in old	نشان (زخم کے) پرانے میں	نشان پرانے میں
1	cholera, after an attack of	ہیضہ ایک دورے کے بعد کا	کا ہیضہ ایک دورے کے بعد
1	chilliness, on beginning of	سردی کی لہر شروع پر کا	کا سردی کی لہر شروع پر
1	chill, at beginning of	سردی لگنا شروع میں کا	کا سردی لگنا شروع میں
1	chewing food	چبانا کھانا	چبانا غذا
1	chest, over	سینہ اوپر	سینہ اوپر سے
1	chest, during shocks in	سینہ جھٹکے (صدمے) میں کے دوران	سینہ جھٹکے میں کے دوران
1	cheesy base	پنیر جیسا بنیاد (نچلا سرا)	پنیر جیسا بنیاد
1	cheeks, inside of	گال اندر کا	کا گال اندر
1	changing position, on	بدلنا حالت (وضع) پر	بدلنا حالت پر
1	changing position, amel.	بدلنا حالت (وضع) سے آرام	بدلنا حالت سے آرام
1	changing position agg.	بدلنا حالت (وضع) سے بگاڑ	بدلنا حالت سے بگاڑ
1	changes of weather agg.	تبدیلیاں موسم سے بگاڑ کا	کا تبدیلیاں موسم سے بگاڑ
1	change of, weather, from	تبدیلی موسم سے کا	تبدیلی کا موسم سے
1	change of, after	تبدیلی کے بعد کا	تبدیلی کے بعد
1	change of position, every	حالت (وضع) ہر کا تبدیلی	حالت ہر کا تبدیلی
1	change of position	حالت (وضع) کا تبدیلی	حالت کا تبدیلی
1	cervical region, nape	گردن کا حصہ گدی (گردن)	گردن کا حصہ گردن کی گدی
1	certain hours, at	مخصوص گھنٹے وقت	مخصوص گھنٹے کے وقت
1	centre, on	بیچ میں پر	درمیانی نقطے پر
1	centre of	بیچ میں کا	کا درمیانی نقطہ
1	centre greenish	بیچ میں سبز مائل	درمیانی نقطہ سبز مائل
1	caused by	پیدا ہوا سے (ذریعے)	پیدا ہوا کے ذریعے
1	carrying, when	جب اٹھانا	اٹھا کر لے جانے پر
1	carrying anything	اٹھانا (لے جانا) کوئی بھی چیز	اٹھا کر لے جانا کوئی بھی چیز
1	cannot be	نہیں کر سکتا ہونا	نہیں کر سکتا ہونا (وجود)
1	candlelight, at	موم بتی کی روشنی وقت	موم بتی کی روشنی کے وقت
1	by, amel.	سے (ذریعے) سے آرام	کے ذریعوں سے آرام
1	by agg.	سے (ذریعے) سے بگاڑ	کے ذریعوں سے بگاڑ
1	business, when thinking of	کاروبار جب سوچنا کا	کا کاروبار جب سوچنا
1	business of	کاروبار کا	کا کاروبار
1	burning, with sensation of	جلن احساس کے ساتھ کا	کا جلن احساس کے ساتھ
1	bruised, tender	کچلے جانے جیسا نازک (دکھتا)	کچلے جانے جیسا چھونے سے دکھتا
1	bruised parts	کچلے جانے جیسے حصے	کچلے جانے جیسا حصے
1	bright objects, by	چمکیلا چیزیں سے (ذریعے)	چمکیلا چیزیں کے ذریعے
1	breath, when holding	سانس (دم) جب تھامنا	دم جب تھامنا
1	breath, sudden loss of, with	سانس (دم) اچانک ضیاع کے ساتھ کا	کا دم اچانک ضیاع کے ساتھ
1	breath, on holding	سانس (دم) تھامنے پر	دم تھامنے پر
1	breath, holding	سانس تھامنا	دم تھامنا
1	breath, deep, on	سانس (دم) گہرے پر	دم گہرے پر
1	breath, deep, amel.	سانس (دم) گہرے سے آرام	دم گہرے سے آرام
1	brain, of softening of	دماغ نرم پڑنے کا	کا دماغ نرم پڑنے کا
1	brain, base of	دماغ بنیاد (نچلا سرا) کا	کا دماغ بنیاد
1	boring, testes	برما جیسے خصیے	برما جیسا خصیے
1	boring, region of	برما جیسا کا حصہ	کا برما جیسا حصہ
1	boring in, amel.	برما جیسا میں سے آرام	برما جیسے میں سے آرام
1	body, as from a foreign	جسم — اجنبی (غیر) جیسا	جسم — غیر (بیرونی) جیسا
1	body parts of	جسم حصے کا	کا جسم حصے
1	blows, sensation of	ضربیں احساس کا	کا ضربیں احساس
1	bloody, mucus	خونی لعاب	خونی لعاب (بلغمی مادہ)
1	blood, taste of, with	خون ذائقے کے ساتھ کا	کا خون ذائقے کے ساتھ
1	blood, sight of	خون نظر کا	کا خون نظر
1	blood, at sight of	خون نظر پر کا	کا خون نظر پر
1	blood, after loss of	خون ضیاع کے بعد کا	کا خون ضیاع کے بعد
1	blood congestion of	خون کا بھراؤ کا	کا خون خون کا بھراؤ
1	blisters, from on	آبلے پر سے	چھالے پر سے
1	blisters, black	آبلے سیاہ	چھالے سیاہ
1	bladder, neck of, after urinating	مثانہ گردن پیشاب کرنے کے بعد کا	کا مثانہ گردن پیشاب کرنے کے بعد
1	black blisters	سیاہ آبلے	سیاہ چھالے
1	bitter, food	کڑوا کھانا	کڑوا غذا
1	bitten by, of being	کاٹا گیا سے (ذریعے) ہونے کا	کاٹا گیا کے ذریعے ہونے کا
1	betrayed, being	دھوکہ دیا گیا ہونا	دھوکہ دیا گیا ہونے کی حالت
1	bent, forward	جھکا ہوا آگے کو	جھکا ہوا آگے کی جانب
1	bent forward agg.	جھکا ہوا آگے کو سے بگاڑ	جھکا ہوا آگے کی جانب سے بگاڑ
1	bent backward amel.	جھکا ہوا پیچھے کو سے آرام	جھکا ہوا پیچھے کی جانب سے آرام
1	bending, backward	موڑنا پیچھے کو	موڑنا پیچھے کی جانب
1	bending up amel.	موڑنا اوپر کی جانب سے آرام	موڑنا اوپر کی سمت سے آرام
1	bending over	موڑنا اوپر	موڑنا اوپر سے
1	bending head, forward	موڑنا سر آگے کو	موڑنا سر آگے کی جانب
1	below upwards	نیچے کی طرف اوپر کو	نیچے کی طرف اوپر کی جانب
1	bells, sound of	گھنٹیاں آواز کا	کا گھنٹیاں آواز (صوت)
1	behind forward, from	آگے کو کے پیچھوں سے	آگے کی جانب کے پیچھوں سے
1	beginning of, at	شروع وقت کا	کا شروع کے وقت
1	beginning of agg.	شروع سے بگاڑ کا	کا شروع سے بگاڑ
1	before an attack of intermittent	رک رک کر کا ایک دورے سے پہلے	وقفے وقفے سے آنے والے کا ایک دورے سے پہلے
1	before an attack of	ایک دورے سے پہلے کا	کا ایک دورے سے پہلے
1	bed, out of, when, amel.	جب کا بستر باہر سے آرام	جب بستر باہر کے سے آرام
1	bed, out of	بستر باہر کا	کا بستر باہر
1	bed, driving out of	بستر چلانا باہر کا	کا بستر چلانا باہر
1	becoming, in open air, agg.	ہونا کھلی ہوا میں سے بگاڑ	ہونا کھلی ہوئے میں سے بگاڑ
1	beating of	دھڑکن کا	کا دھڑکن
1	base of tongue	زبان کا بنیاد (نچلا سرا)	زبان کا بنیاد
1	base of brain	دماغ کا بنیاد (نچلا سرا)	دماغ کا بنیاد
1	base lardaceous	بنیاد (نچلا سرا) چربی جیسا	بنیاد چربی جیسا
1	ball, writing, while	گدی (ابھار) لکھتے ہوئے	گدی نما ابھار لکھتے ہوئے
1	ball, on the	گدی پر	گدی نما ابھار پر
1	ball, evening, in bed	گدی (ابھار) شام بستر میں	گدی نما ابھار شام بستر میں
1	ball, as if	گدی گویا	گدی نما ابھار گویا
1	ball, as from	گدی (ابھار) جیسے کسی سے	گدی نما ابھار جیسے کسی سے
1	ball of right	دائیں کا گدی (ابھار)	دائیں کا گدی نما ابھار
1	ball internally	گدی (ابھار) اندر کی طرف	گدی نما ابھار اندر کی طرف
1	ball in	گدی میں	گدی نما ابھار میں
1	backward, head	پیچھے کو سر	پیچھے کی جانب سر
1	backward, from	پیچھے کو سے	پیچھے کی جانب سے
1	back, with coldness of	پیٹھ ٹھنڈک کے ساتھ کا	کا پیٹھ ٹھنڈک کے ساتھ
1	back, small of	پیٹھ چھوٹا کا	کا پیٹھ چھوٹا
1	at sight of	نظر پر کا	کا نظر پر
1	at same hour, daily fever, with short breath	وہی گھنٹہ روزانہ بخار مختصر سانس (دم) کے ساتھ پر	وہی گھنٹہ روزانہ بخار مختصر دم کے ساتھ پر
1	at root of	جڑ پر کا	جڑ کے پر
1	asthmatic troubles, in	دمے والے پریشانیوں میں	دمے والا پریشانیوں میں
1	asleep, before falling	سویا ہوئے گرنے سے پہلے	سویا ہوا گرنے سے پہلے
1	as of heated air	گرم ہونا ہوا جیسا	گرم ہونا ہوے کا جیسے
1	as of cold air	ٹھنڈی ہوا جیسا	ٹھنڈی ہوے کا جیسے
1	as of a splinter	پھانس جیسا	ایک پھانس کا جیسے
1	as of	جیسے کا	کا جیسے
1	as from wind	ہوا جیسا	تیز ہوا جیسا
1	as from a plug	ڈاٹ جیسا	ڈاٹ جیسا جیسا
1	as from a ball	گدی جیسا	گدی نما ابھار جیسا
1	arthritic nodosities	جوڑوں کے درد والے گٹھلیاں	جوڑوں کے درد والا گٹھلیاں
1	around edges	کنارے (سرے) کے گرد	کناروں کے گرد
1	arm backward	بازو پیچھے کو	بازو پیچھے کی جانب
1	approach of strangers, from	اجنبی کا قریب آنے سے	اجنبی لوگ کا قریب آنے سے
1	apples, tasting of	سیب چکھنا کا	کا سیب چکھنا
1	appearance of, on	ظاہری شکل پر کا	کا ظاہری شکل پر
1	appear gradually	رفتہ ظاہر ہونا	رفتہ رفتہ ظاہر ہونا
1	apparition, from horrible, while awake	سایہ (بھوت) ہولناک سے جاگتے کے دوران	سایہ ہولناک سے جاگتے کے دوران
1	anterior part, sensation of	اگلا حصہ احساس کا	کا اگلا حصہ احساس
1	anger, after a fit of	غصہ ایک دورے کے بعد کا	کا غصہ ایک دورے کے بعد
1	and watery	اور پتلا	اور پانی جیسا
1	and upwards	اور اوپر کو	اور اوپر کی جانب
1	and thin	اور پتلا	اور پتلا (باریک)
1	and spasm of urethra	پیشاب کی نالی کا اور جھٹکا (تشنج)	پیشاب کی نالی کا اور تشنجی جھٹکا
1	and region of	اور کا حصہ کا	کا اور کا حصہ
1	and intermittent	اور رک رک کر	اور وقفے وقفے سے آنے والا
1	and forward	اور آگے کو	اور آگے کی جانب
1	amel. by	آرام سے	آرام کے ذریعے
1	alternating, with tearing pains	باری باری پھاڑنے جیسا درد (جمع) کے ساتھ	باری باری پھاڑنے جیسا درد کے ساتھ
1	alternating with tension of face	باری باری چہرے کا تناؤ کے ساتھ	باری باری چہرے کا کھنچاؤ (تناؤ) کے ساتھ
1	alternating with sorrow	باری باری غم (رنج) کے ساتھ	باری باری رنج کے ساتھ
1	alternating with paleness	باری باری زردی (پیلاہٹ) کے ساتھ	باری باری زردی کے ساتھ
1	alternating with laughing, singing, whistling, crying, etc.	باری باری ہنسنا گانا سیٹی جیسی رونا وغیرے کے ساتھ	باری باری ہنسنا گانا سیٹی جیسی رو پڑنا وغیرے کے ساتھ
1	alternating with frivolity	باری باری چھچھورے پن کے ساتھ	باری باری ہلکے پن کے ساتھ
1	alternating days, symptoms agg.	باری باری دن (جمع) علامات سے بگاڑ	باری باری دنوں علامات سے بگاڑ
1	alone, being amel.	تنہائی ہونے سے آرام	تنہائی ہونے کی حالت سے آرام
1	alcohol, after abuse of	شراب کا زیادہ استعمال کے بعد	کا شراب زیادہ استعمال کے بعد
1	air, slightest draft of	ہوا ذرا سا ہوا کا جھونکا کا	کا ہوا ذرا سا ہوا کا جھونکا
1	air, open in, amel.	ہوا کھلا میں سے آرام	ہوئے کھلا میں سے آرام
1	air, open in	ہوئے کھلا میں	ہوا کھلا میں
1	air, in windy weather	ہوئے دار موسم میں	ہوا ہوا دار موسم میں
1	air, in the open, amel.	کھلی ہوا میں سے آرام	کھلی ہوئے میں سے آرام
1	air, in open amel.	کھلی ہوا میں سے آرام	کھلی ہوئے میں سے آرام
1	air, in fresh	ہوئے تازے میں	ہوا تازے میں
1	air, in cold open	ہوئے سردی کھلے میں	ہوا سردی کھلے میں
1	air, in	ہوئے میں	ہوا میں
1	air, from drawing in	ہوئے کھنچاؤ میں سے	ہوا کھنچاؤ میں سے
1	air, from a draft of	ہوا ایک ہوا کا جھونکے سے کا	کا ہوا ایک ہوا کا جھونکے سے
1	air, exposure to, agg.	ہوا سامنا (کھلنا) تک سے بگاڑ	ہوا سامنا تک سے بگاڑ
1	air, draft of, in	ہوا کا جھونکے میں کا	ہوا کا جھونکا کے میں
1	air, draft of	ہوا کا جھونکا کا	کا ہوا ہوا کا جھونکا
1	air of	ہوا کا	کا ہوا
1	afternoon, speaking, after	سہ پہر بولنا (گفتگو) کے بعد	سہ پہر گفتگو کرنے کے بعد
1	after, wine	کے بعد شراب (انگوری)	کے بعد انگوری شراب
1	after thinking of food	کھانا (غذا) کا سوچنے کے بعد	غذے کا سوچنے کے بعد
1	after sound	آواز کے بعد	آواز (صوت) کے بعد
1	after rich food	امیر کھانا (غذا) کے بعد	امیر کھانا (غذا)) کے بعد
1	after quick exertion	تیز محنت کے بعد	فوری محنت کے بعد
1	after loss of	ضیاع کے بعد کا	ضیاع کے بعد
1	after getting wet	ہونا (پہنچنا) گیلے کے بعد	حاصل ہونا گیلے کے بعد
1	after getting out of	ہونا (پہنچنا) باہر کے بعد کا	کا حاصل ہونا باہر کے بعد
1	after getting feet	ہونا (پہنچنا) پاؤں کے بعد	ہونا پاؤں کے بعد
1	after exposure to	سامنا (کھلنا) تک کے بعد	سامنا تک کے بعد
1	after dry food	خشک کھانا (غذا) کے بعد	خشک کھانے کے بعد
1	after abuse of	زیادہ استعمال کے بعد کا	زیادہ استعمال کے بعد
1	after a spasm	ایک جھٹکا (تشنج) کے بعد	ایک تشنجی جھٹکے کے بعد
1	affections of	عوارض کا	کا عوارض
1	affected parts of	متاثرہ حصے کا	کا متاثرہ حصے
1	acute, urination, during	تیز (حاد) پیشاب کرنے کے دوران	حاد پیشاب کرنے کے دوران
1	acrid, pungent	تیز تیکھا	چرپرا تیکھا
1	acrid moisture, from	تیز (جلانے والا) نمی سے	چرپرا نمی سے
1	aching, tearing, jerking	ہلکا مسلسل درد پھاڑنے جیسے جھٹکے	ہلکا مسلسل درد پھاڑنے جیسا جھٹکے
1	absent persons, with	غائب افراد کے ساتھ	غیر حاضر لوگ کے ساتھ
1	absent persons, about	غائب افراد کے بارے میں	غیر حاضر لوگ کے بارے میں
1	above, as from a band	— پٹی جیسا سے اوپر	سے بلند — پٹی جیسا
1	above small of back	پیٹھ کا سے اوپر چھوٹا	پیٹھ کا سے بلند چھوٹا
1	above right	دایاں سے اوپر	سے بلند دایاں
1	above nose	ناک سے اوپر	سے بلند ناک
1	above nipple	نپل سے اوپر	سے بلند نپل
1	above knee	گھٹنا سے اوپر	سے بلند گھٹنا
1	above hip	کولھا سے اوپر	سے بلند کولھا
1	above ear	کان سے اوپر	سے بلند کان
1	about dirty linen	میلا کپڑا (چادر) کے گرد	میلا کپڑے کے گرد
1	abdomen, arising from	پیٹ سے پیدا ہونے والا	پیٹ سے پیدا ہونے والی
1	6 p.m., until	سہ پہر ۶ بجے تک	سہ پہر ۶ بجے جب تک
1	3 p.m., until evening	دوپہر ۳ بجے تک شام	دوپہر ۳ بجے جب تک شام
1	3 p.m., until	دوپہر ۳ بجے تک	دوپہر ۳ بجے جب تک
1	3 a.m., until	رات ۳ بجے تک	رات ۳ بجے جب تک
1	2 a.m., until	رات ۲ بجے تک	رات ۲ بجے جب تک
1	10 a.m., until	صبح ۱۰ بجے تک	صبح ۱۰ بجے جب تک
0	with sweat, then chill	پسینہ پھر سردی لگنا کے ساتھ	پسینہ پھر سردی لگنے کے ساتھ
0	want of	چاہنا کا	کا چاہنا
0	visions, fire	نظارے, fire	نظارے آگ
0	veil, as through	پردہ (آنکھ پر) جیسے کے آر پار	پردہ جیسے کے آر پار
0	to wind	ہوا (تیز)) کی طرف	تیز ہوے کی طرف
0	thighs, between, menses, during	رانیں درمیان حیض کے دوران)	رانیں درمیان حیض کے دوران
0	temples, bending head backwards, on, forward	کنپٹیاں سر پیچھے جھکانے پر آگے کو	کنپٹیاں سر پیچھے جھکانے پر آگے کی جانب
0	stove, from heat of	انگیٹھی گرمی سے کا	کا انگیٹھی گرمی سے
0	spots, circumscribed	دھبے, circumscribed	دھبے محدود حلقے میں
0	spasm of limbs	اعضا (ہاتھ پاؤں) کا جھٹکا (تشنج)	ہاتھ پاؤں کا تشنجی جھٹکا
0	sensation of, bone	احساس, bone	احساس ہڈی
0	rich food	امیر کھانا (غذا))	امیر غذا
0	retention of urine	پیشاب کا رکاوٹ (پیشاب کی)	پیشاب کا رُک جانا
0	prickling, sensation of	سوئیاں چبھنا احساس کا	کا سوئیاں چبھنا احساس
0	plug, sensation of	ڈاٹ جیسا احساس کا	کا ڈاٹ جیسا احساس
0	own talking, in his	اپنا بولنا اس کے میں	اپنا بات کرنا اس کے میں
0	oversensitive, conversation	حد سے حساس, conversation (See Talk, Conversation)	حد سے حساس بات چیت
0	noise, averse to	آواز (شور) سے بیزار	شور بیزار
0	night, noise, at a	رات آواز (شور) ایک پر	رات شور ایک پر
0	music, aversion to	موسیقی سے بیزاری	موسیقی بیزاری
0	mucus on	لعاب پر	لعاب (بلغمی مادہ) پر
0	mucus in	لعاب میں	لعاب (بلغمی مادہ) میں
0	moving about	ہلنا کے بارے میں	ہلانا کے بارے میں
0	irritation of spine	ریڑھ کا خارش/جلن (اشتعال)	ریڑھ کا خارش/جلن
0	infants, eye complaints of	شیر خوار آنکھ شکایتیں کا	کا شیر خوار آنکھ شکایتیں
0	husband, aversion to	شوہر سے بیزاری	شوہر بیزاری
0	greasy sensation	چکنا احساس	تیل جیسا چکنا احساس
0	grasping, sensation of	پکڑنا احساس کا	کا پکڑنا احساس
0	fruitless urging, with	بے سود حاجت (زور) کے ساتھ)	بے سود حاجت کے ساتھ
0	from, warm food	سے گرم کھانا (غذا)	سے گرم کھانا
0	frightened easily	آسانی سے ڈرا ہوئے	ڈرا ہوا آسانی سے
0	forehead, nose, over root of	پیشانی ناک جڑ کے اوپر کا	کا پیشانی ناک جڑ کے اوپر
0	fasting, sensation of	بھوکا رہنا احساس کا	کا بھوکا رہنا احساس
0	enlarged ovaries	بڑھا ہوئے بیضہ دانیاں	بڑھا ہوا بیضہ دانیاں
0	drink of	پینا کا	کا پینا
0	drawn backward	کھنچا ہوا پیچھے کو	کھنچا ہوا پیچھے کی جانب
0	drawing backward of muscles of neck	گردن کا پٹھوں کا کھنچاؤ پیچھے کو	گردن کا پٹھوں کا کھنچاؤ پیچھے کی جانب
0	difficulty of	دشواری کا	کا دشواری
0	desire, with	خواہش کے ساتھ)	خواہش کے ساتھ
0	crusts black	پپڑیاں سیاہ)	پپڑیاں سیاہ
0	cramping, periodical	مروڑ وقفے والا	مروڑ والا وقفے دار
0	convulsion, tongue	تشنج زبان)	تشنج زبان
0	church, air of, agg.	عبادت گاہ ہوے سے بگاڑ کا	کا عبادت گاہ ہوے سے بگاڑ
0	chapped hand	پھٹی ہوئی (جلد) ہاتھ	پھٹی ہوئی ہاتھ
0	catarrh of the rectum	مقعد کا نزلہ نمی)	مقعد کا نزلہ
0	broken, trembling	ٹوٹنے جیسا, trembling (See Voice)	ٹوٹنے جیسا کپکپاہٹ
0	broken, enlarged tonsils	ٹوٹنے جیسا, enlarged tonsils (See Tonsils)	ٹوٹنے جیسا بڑھا ہوا ٹانسل
0	bending head backward, forward	سر پیچھے جھکانا آگے کو	سر پیچھے جھکانا آگے کی جانب
0	bees, sound of	شہد کی مکھیاں آواز کا	کا شہد کی مکھیاں آواز (صوت)
0	band, sensation of	پٹی احساس کا	کا پٹی احساس
0	alternating with salivation	باری باری رال بہنا کے ساتھ	باری باری رال بہنے کے ساتھ
0	alternating with redness	باری باری سرخی کے ساتھ) کے ساتھ	باری باری سرخی کے ساتھ
0	alternating with discharge, sides, sides	باری باری رطوبت اطراف کے ساتھ	باری باری رطوبت اطراف اطراف کے ساتھ
0	air passes	ہوئے گزرتا ہے	ہوا گزرتا ہے
