باب	پورا ربرک (انگریزی)	صفحے پر صف میں دکھتا ہے	الٹی فہرست (repRubricUrFull)
abdomen	DISTENSION, constipation, during	قبض کے دوران	قبض کے دوران، پھولنا
abdomen	PAIN, cramping, griping, hypogastrium, eating, after	کھانے کے بعد	کھانے کے بعد، پیٹ کا نچلا حصہ، اینٹھن، مروڑ والا، درد
abdomen	PAIN, umbilicus, region of, morning	صبح	صبح، حصہ کا، ناف، درد
back	PAIN, sore, lying	لیٹنا	لیٹنا، چھونے پر دکھن، درد
back	PAIN, stitching, dorsal region, scapulae, angle of, inferior, bending backward amel.	پیچھے جھکنے سے آرام	پیچھے جھکنے سے آرام، نچلا، زاویہ کا، شانے کی ہڈیاں، پیٹھ کا حصہ، چبھن، درد
back	TENSION, cervical region, left	بایاں	بایاں، گردن کا حصہ، کھنچاؤ (تناؤ)
bladder	PAIN, lying on abdomen amel.	پیٹ کے بل لیٹنے سے آرام	پیٹ کے بل لیٹنے سے آرام، درد
bladder	URGING, thirst, with	پیاس کے ساتھ	پیاس کے ساتھ، حاجت
bladder	URINATION, involuntary, standing, while	کھڑے ہوئے	کھڑے ہوئے، بے اختیار، پیشاب کرنا
chest	CONSTRICTION, night, bed, in	بستر میں	بستر میں، رات، تنگی
chest	ERUPTIONS, axilla, cracks	دراڑیں	دراڑیں، بغل، دانے
chest	PAIN, stitching, mammae, under, right	دایاں	دایاں، نیچے، پستان، چبھن، درد
chill	CHILLINESS (See Generalities, Cold), fever, during (See Chilliness, under Fever)	بخار کے دوران	بخار کے دوران، سردی کی لہر
chill	CHILLINESS (See Generalities, Cold), lasting all night	رات بھر رہنے والا	رات بھر رہنے والا، سردی کی لہر
chill	TIME, 1 a.m. to 2 a.m.	رات ۱ سے ۲ بجے تک	رات ۱ سے ۲ بجے تک، وقت (زمانہ)
cough	AIR, night	رات	رات، ہوا
cough	CONSTANT, morning	صبح	صبح، مستقل
cough	WALKING, fast	تیز رفتار	چلنا تیز
ear	ERUPTIONS, lobes, on, scurfs	بھوسی	بھوسی، لویوں پر، دانے
ear	PAIN, aching, in front of ear, 3 p.m.	دوپہر ۳ بجے	دوپہر ۳ بجے، کان کے سامنے، ہلکا مسلسل درد، درد
ear	PAIN, digging, night	رات	رات، کھودنے جیسا، درد
expectoration	BLOODY, morning, lying down, while	لیٹتے ہوئے	لیٹتے ہوئے، صبح، خونی
expectoration	MUCOUS, night, after 2 a.m.	رات ۲ بجوں کے بعد	رات ۲ بجوں کے بعد، رات، بلغمی
expectoration	TOUGH, morning	صبح	صبح، سخت جان
external_throat	PAIN, pressing, sides, throat-pit	گلے کا گڑھا	گلے کا گڑھا، اطراف، دبانے جیسا، درد
external_throat	PAIN, tearing, sides, left	بایاں	بایاں، اطراف، پھاڑنے جیسا، درد
external_throat	TENSION, sides, moving head, on	سر ہلانے پر	سر ہلانے پر، اطراف، کھنچاؤ (تناؤ)
extremities	NUMBNESS (See Tingling), foot, morning	صبح	صبح، پاؤں، سن ہونا
extremities	PAIN, stitching, hand, ball of	گدی	گدی، ہاتھ، چبھن، درد
extremities	PAIN, tearing, fingers, evening, 6 p.m.	سہ پہر ۶ بجے	سہ پہر ۶ بجے، شام، انگلیاں، پھاڑنے جیسا، درد
eye	CANCER, epithelioma, cornea, of	قرنیہ کا	کا، قرنیہ، جلدی سرطان، سرطان
eye	PAIN, contractive	سکڑاتا	سکڑاتا، درد
eye	TENSION, closing eyes amel.	آنکھیں بند کرنے سے آرام	آنکھیں بند کرنے سے آرام، کھنچاؤ (تناؤ)
face	EXPRESSION, changed	بدلا ہوا	بدلا ہوا، تاثر
face	SWELLING, red	سرخ	سرخ، سوجن
face	ULCERS, mouth	منہ	منہ، زخم
fever	CHILL absent, evening, 6 p.m.	سہ پہر ۶ بجے	سہ پہر ۶ بجے، شام، سردی لگنا غائب
fever	EATING, dinner	بڑا کھانا (پیٹ بھر)	بڑا کھانا (پیٹ بھر)، کھانا
fever	EVENING, 8 p.m., to 9 p.m.	رات ۹ بجوں کی طرف	رات ۹ بجوں کی طرف، شام ۸ بجے، شام
generalities	FAINTNESS, moving, quickly	جلدی	جلدی، ہلانا، غشی
generalities	PAIN, sore, bruised, morning, waking, after	جاگنے کے بعد [ctx]	جاگنے کے بعد، صبح، کچلے جانے جیسا، چھونے پر دکھن، درد
generalities	PULSATION externally, morning, on waking	صبح جاگنے پر	جاگنے پر، صبح، دھڑکن باہر کی طرف
genitalia_female	PAIN, grinding, ovaries	بیضہ دانیاں	بیضہ دانیاں، دانت پیسنا، درد
genitalia_female	PAIN, ovaries, turning in bed	بستر میں کروٹ	بستر میں کروٹ، بیضہ دانیاں، درد
genitalia_female	PAIN, uterus, lying, on back amel.	پیٹھ پر سے آرام	پیٹھ پر سے آرام، لیٹنا، بچہ دانی، درد
genitalia_male	ERUPTIONS, penis, vesicles, ulcers, becoming, at meatus	سوراخ پر	سوراخ پر، ہونا، زخم، آبلے، عضو تناسل، دانے
genitalia_male	PAIN, drawing, spermatic cords, sitting	بیٹھنا	بیٹھنا، منی کی نالیاں، کھنچاؤ، درد
genitalia_male	PAIN, spermatic cords, right	دایاں	دایاں، منی کی نالیاں، درد
head	PAIN, cramping, sides, left	بایاں	بایاں، اطراف، مروڑ والا، درد
head	PAIN, stitching, temples, walking	چلنا	چلنا، کنپٹیاں، چبھن، درد
head	PAIN, suppressed eruptions	دبی ہوئی دانے	دبی ہوئی دانے، درد
hearing	ACUTE, evening	شام	شام، حاد
hearing	ACUTE, night	رات	رات، حاد
hearing	LOST, left	بایاں	بایاں، کھویا
kidneys	PAIN, stitching, sneezing	چھینکنا	چھینکنا، چبھن، درد
kidneys	PAIN, ureters, extending, urethra, into	کے اندر	کے اندر، پیشاب کی نالی، پھیلتا ہوا، پیشاب کی نالیاں، درد
kidneys	PAIN, ureters, right side	دایاں پہلو	دایاں پہلو، پیشاب کی نالیاں، درد
larynx_and_trachea	MUCUS, trachea	ہوا کی نالی	ہوا کی نالی، لعاب (بلغمی مادہ)
larynx_and_trachea	PAIN, larynx, blowing nose, on	ناک صاف کرنے پر	ناک صاف کرنے پر، حنجرہ، درد
larynx_and_trachea	PAIN, soreness, larynx	حنجرہ	حنجرہ، دکھن، درد
mind	DELUSIONS, enlarged, chin is	ٹھوڑی ہے	ٹھوڑی ہے، بڑھا ہوا، مغالطے
mind	FEAR (See Anxiety), forenoon	دوپہر سے پہلے کا خوف [ctx]	دوپہر سے پہلے، خوف
mind	RESTLESSNESS, sunlight agg.	دھوپ کی روشنی سے بگاڑ	دھوپ کی روشنی سے بگاڑ، بے قراری
mouth	COATED, white	سفید	سفید، لیپ چڑھا
mouth	HEAT, 5 p.m.	سہ پہر ۵ بجے	سہ پہر ۵ بجے، گرمی
mouth	TASTE, acrid	چرپرا	چرپرا، ذائقہ
nose	CORYZA, menses	حیض	حیض، زکام
nose	PAIN, stitching, right	دایاں	دایاں، چبھن، درد
nose	SHINY, wing, right	پَر دایاں	دایاں، پَر، چمکیلا
perspiration	NIGHT, alternating with dryness of skin	باری باری جلد کا خشکی کے ساتھ	باری باری جلد کا خشکی کے ساتھ، رات
perspiration	ODOR, offensive, night, midnight	آدھی رات	آدھی رات، رات، بدبودار، بو
perspiration	PROFUSE, affected parts, on	متاثرہ حصوں پر	متاثرہ حصوں پر، کثیر
prostate_gland	EMISSION, stool, soft, with	نرم کے ساتھ	نرم کے ساتھ، پاخانہ، احتلام
prostate_gland	EMISSION, urination, during	پیشاب کرنے کے دوران [ctx]	پیشاب کے دوران، احتلام
prostate_gland	PAIN, urination, at close of	کے اختتام پر	کے اختتام پر، پیشاب کرنا، درد
rectum	INVOLUNTARY stool, convulsion, during	تشنج کے دوران	تشنج کے دوران، بے اختیار پاخانہ
rectum	PAIN, lancinating (See Cutting)	نشتر کی طرح	نشتر کی طرح، درد
rectum	URGING, flatus, when passing agg.	جب گزرنے سے بگاڑ	جب گزرنے سے بگاڑ، ریاح، حاجت
respiration	DIFFICULT, morning, rising, after agg.	کے بعد بگاڑ	کے بعد بگاڑ، اٹھنا، صبح، مشکل
respiration	DIFFICULT, weakness	کمزوری	کمزوری، مشکل
respiration	SIGHING, night, 2 a.m.	رات ۲ بجے	رات ۲ بجے، رات، آہ بھرنا
skin	CRACKS, deep, bloody	گہرا خونی	خونی، گہرا، دراڑیں
skin	DISCOLORATION, red, spots, fiery red	آگ جیسا سرخ	آگ جیسا سرخ، دھبے، سرخ، رنگ بگڑنا
skin	ERUPTIONS, burning	جلن	جلن، دانے
sleep	RESTLESS, night, midnight, after	آدھی رات کے بعد [ctx]	آدھی رات کے بعد، رات، بے قرار
sleep	WAKING, coldness, from	ٹھنڈک سے	ٹھنڈک سے، جاگنا
sleep	YAWNING, dinner	بڑا کھانا (پیٹ بھر)	بڑا کھانا (پیٹ بھر)، جمائی
stomach	ERUCTATIONS, smoking, while	سگریٹ نوشی کے دوران	سگریٹ نوشی کے دوران، ڈکار
stomach	PAIN, paroxysmal	دورے کی شکل والا	دورے کی شکل والا، درد
stomach	STONE, sensation of, hawking amel.	گلا کھنکارنے سے آرام	گلا کھنکارنے سے آرام، احساس، پتھر
stool	BLUISH, clay-like	چکنی مٹی جیسا	چکنی مٹی جیسا، نیلا مائل
stool	HARD, first, then soft	پھر نرم	پھر نرم، پہلا، سخت
stool	MUCOUS, bloody	خونی	خونی، بلغمی
teeth	PAIN, cold, food, from	کھانا سے	کھانا سے، سردی، درد
teeth	PAIN, drawing, extending	پھیلتا ہوا	پھیلتا ہوا، کھنچاؤ، درد
teeth	PAIN, drawing, sweat amel.	پسینے سے آرام	پسینے سے آرام، کھنچاؤ، درد
throat	CHOKING, menses, before	حیض سے پہلے	حیض سے پہلے، دم گھٹنا
throat	INFLAMMATION, children	بچے	بچے، سوزش
throat	PAIN, pressing, morning, 8 a.m. to 9 a.m.	صبح ۸ سے ۹ بجے تک	صبح ۸ سے ۹ بجے تک، صبح، دبانے جیسا، درد
urethra	PAIN, burning, posterior part, emission, after	احتلام کے بعد	احتلام کے بعد، پچھلا حصہ، جلن، درد
urethra	PAIN, meatus, urination, during	پیشاب کرنے کے دوران [ctx]	پیشاب کے دوران، سوراخ، درد
urethra	TINGLING, sitting	بیٹھنا	بیٹھنا، جھنجھناہٹ
urine	CLOUDY, perspiration, with	پسینے کے ساتھ	پسینے کے ساتھ، دھندلا
urine	COLOR, dark, evening	شام	شام، گہرا رنگ، رنگ
urine	SCANTY, night	رات	رات، تھوڑا
vertigo	LEFT, swaying toward, evening	شام	شام، کی طرف جھکنا، بایاں
vertigo	STANDING, against something	کسی چیز سے	کسی چیز سے، کھڑا ہونا
vertigo	STANDING, amel.	کھڑا ہونے سے آرام [ctx]	کھڑا ہونے سے آرام
vision	CIRCLES (See Colors), turning	کروٹ لینا	کروٹ لینا، حلقے
vision	FLICKERING, headache, before	سر درد سے پہلے [ctx]	سر درد سے پہلے، جھلملاہٹ
vision	GLITTERING, zigzags	ٹیڑھی لکیریں	ٹیڑھی لکیریں، جھلملاتا
