باب,قسم,شناخت,راستہ,نوٹ
ذہنی (MIND),پچھلا سیشن (خلاصہ),—,—,§ماخذی درخت + IDEAS deficiency — HANDOFF — باب vv163 ماخذی درخت پر؛ پڑتال کی تفصیل HANDOFF/manifest میں محفوظ
چکر (VERTIGO),پچھلا سیشن (خلاصہ),—,—,HANDOFF §ماخذی درخت — باب vv165 ماخذی درخت پر؛ پڑتال کی تفصیل HANDOFF/manifest میں محفوظ
سر (HEAD),پچھلا سیشن (خلاصہ),—,—,"6,320 قطاریں — HANDOFF §سر — باب vv167 ماخذی درخت پر؛ پڑتال کی تفصیل HANDOFF/manifest میں محفوظ"
آنکھ (EYE),پچھلا سیشن (خلاصہ),—,—,"1,694 قطاریں — HANDOFF §آنکھ — باب vv168 ماخذی درخت پر؛ پڑتال کی تفصیل HANDOFF/manifest میں محفوظ"
وژن (VISION),پچھلا سیشن (خلاصہ),—,—,827 قطاریں — HANDOFF §وژن — باب vv169 ماخذی درخت پر؛ پڑتال کی تفصیل HANDOFF/manifest میں محفوظ
کان (EAR),پچھلا سیشن (خلاصہ),—,—,"2,015 — HANDOFF §کان — باب vv170 ماخذی درخت پر؛ پڑتال کی تفصیل HANDOFF/manifest میں محفوظ"
سماعت (HEARING),پچھلا سیشن (خلاصہ),—,—,166 — HANDOFF §سماعت — باب vv171 ماخذی درخت پر؛ پڑتال کی تفصیل HANDOFF/manifest میں محفوظ
ناک (NOSE),پچھلا سیشن (خلاصہ),—,—,"1,518 — HANDOFF §ناک — باب vv172 ماخذی درخت پر؛ پڑتال کی تفصیل HANDOFF/manifest میں محفوظ"
چہرہ (FACE),پچھلا سیشن (خلاصہ),—,—,"2,128 — HANDOFF §چہرہ — باب vv173 ماخذی درخت پر؛ پڑتال کی تفصیل HANDOFF/manifest میں محفوظ"
منہ (MOUTH),پچھلا سیشن (خلاصہ),—,—,"1,645 — HANDOFF §منہ — باب vv174 ماخذی درخت پر؛ پڑتال کی تفصیل HANDOFF/manifest میں محفوظ"
دانت (TEETH),پچھلا سیشن (خلاصہ),—,—,767 ماخذی + 98 پرانی — HANDOFF §دانت — باب vv175 ماخذی درخت پر؛ پڑتال کی تفصیل HANDOFF/manifest میں محفوظ
گلا (THROAT),پچھلا سیشن (خلاصہ),—,—,982 — HANDOFF §گلا — باب vv176 ماخذی درخت پر؛ پڑتال کی تفصیل HANDOFF/manifest میں محفوظ
بیرونی گلا (EXTERNAL THROAT),پچھلا سیشن (خلاصہ),—,—,248 — HANDOFF §بیرونی گلا — باب vv177 ماخذی درخت پر؛ پڑتال کی تفصیل HANDOFF/manifest میں محفوظ
معدہ (STOMACH),پچھلا سیشن (خلاصہ),—,—,"3,222 — manifest homeoint_stomach_source_manifest.json — باب vv178 ماخذی درخت پر؛ پڑتال کی تفصیل HANDOFF/manifest میں محفوظ"
شکم (ABDOMEN),پچھلا سیشن (خلاصہ),—,—,"3,269 ماخذی + 456 پرانی — manifest — باب vv179 ماخذی درخت پر؛ پڑتال کی تفصیل HANDOFF/manifest میں محفوظ"
مستقیم (RECTUM),پچھلا سیشن (خلاصہ),—,—,"1,200 ماخذی + 169 پرانی + 13 باب-حد مستثنیٰ — manifest — باب vv180 ماخذی درخت پر؛ پڑتال کی تفصیل HANDOFF/manifest میں محفوظ"
سٹول (STOOL),باب-حد,r226,AIR passes (See Gas),«AIR passes (See Gas)» BLADDER کا پہلا ربرک (کتاب PDF 1424+) — bladder.json (r1) میں پہلے سے؛ سٹول درخت سے باہر
سٹول (STOOL),باب-حد,r230,BAND (See Constriction),«BAND (See Constriction)» BLADDER کا ربرک — bladder.json (r5) میں پہلے سے؛ سٹول درخت سے باہر
سٹول (STOOL),OOREP مجموعہ,r107,MUCOUS,"«MUCOUS» 147 unions — کتابی مین «MUCOUS, slimy» (105 ادویہ) ماخذی درخت پر؛ مجموعہ legacy"
سٹول (STOOL),OOREP مجموعہ,r142,ODOR,"«ODOR» 162 unions — کتابی «ODOR, acid (See Sour)»/«ODORLESS» ماخذی درخت پر؛ مجموعہ legacy"
سٹول (STOOL),OOREP مجموعہ,o68449,"HARD, first","«HARD, first» (21) — کتابی «HARD» میں یہ ذیلی نہیں (PDF 237/237 alignment)؛ legacy"
سٹول (STOOL),OOREP مجموعہ,o60389,"WATERY, Stool, watery","«WATERY, Stool, watery» — «Stool» سیگمنٹ OOREP راستہ-آرٹی فاکٹ؛ کتابی «WATERY» (169) o-ریکارڈ سے matched؛ legacy"
سٹول (STOOL),نیا ریکارڈ,h001,STOOL,جڑ «STOOL» — باب سرخی (خالی ادویات)
سٹول (STOOL),نیا ریکارڈ,h002,ASH-COLORED (See Gray),«ASH-COLORED (See Gray)» — خالی کراس-ریفرنس مین جو OOREP ایپ میں نہیں (اردو خود-بنا: راکھ رنگین — نظرثانی باقی)
سٹول (STOOL),نیا ریکارڈ,h003,TRANSPARENT (See Mucous),«TRANSPARENT (See Mucous)» — خالی کراس-ریفرنس مین (اردو خود-بنا — نظرثانی باقی)
سٹول (STOOL),ادویات ماخذی مطابق,r71,"KNOTTY, nodular, lumpy",پرانے 85 ↔ ماخذ 85 ادویہ؛ صرف-پرانے: —؛ صرف-ماخذ: —
سٹول (STOOL),ادویات ماخذی مطابق,r262,SOFT,پرانے 203 ↔ ماخذ 203 ادویہ؛ صرف-پرانے: gent-c؛ صرف-ماخذ: gent
سٹول (STOOL),ادویات ماخذی مطابق,o60228,BLACK,پرانے 97 ↔ ماخذ 96 ادویہ؛ صرف-پرانے: hipp؛ صرف-ماخذ: —
سٹول (STOOL),ادویات ماخذی مطابق,o60230,BLOODY,"پرانے 137 ↔ ماخذ 134 ادویہ؛ صرف-پرانے: ars-m,merc,squil؛ صرف-ماخذ: —"
سٹول (STOOL),ادویات ماخذی مطابق,r21,COPIOUS,"پرانے 121 ↔ ماخذ 120 ادویہ؛ صرف-پرانے: graph,paull؛ صرف-ماخذ: guar"
سٹول (STOOL),ادویات ماخذی مطابق,r60,HARD,"پرانے 168 ↔ ماخذ 164 ادویہ؛ صرف-پرانے: aloe,bor,calc-f,pall؛ صرف-ماخذ: —"
سٹول (STOOL),ادویات ماخذی مطابق,r192,"WATERY, green",پرانے 41 ↔ ماخذ 40 ادویہ؛ صرف-پرانے: merc؛ صرف-ماخذ: —
سٹول (STOOL),ادویات ماخذی مطابق,r123,MUSHY,پرانے 28 ↔ ماخذ 27 ادویہ؛ صرف-پرانے: arum-t؛ صرف-ماخذ: —
سٹول (STOOL),PDF آرٹی فاکٹ,—,,PDF 1411 (folio 1376): «aur-mn.» کے ساتھ صفحہ-نمبر گلا «aurm1376n» — homeoint ماخذ درست، PDF نکالنے کا نقص
مثانہ (BLADDER),باب-حد,—,URINARY ORGANS سرخیاں,"kent0645.htm کا سر: URINARY ORGANS + صفحہ-اینکر + doہری BLADDER سرخی — NAME=""BLADDER"" اینکر سے پارس؛ کٹ"
مثانہ (BLADDER),باب-حد,—,KIDNEYS اینکر,"kent0660.htm کے P662 سیکشن کے اندر NAME=""KIDNEYS"" اینکر — آخری ربرک «WORM in, sensation of» (p662) کے بعد کٹ؛ FOOT-truncation گارڈ (P662 nav) دستاویزی"
مثانہ (BLADDER),OOREP مجموعہ/مبہم,r289,RETENTION,130 ادویہ — مبہم (متعدد امیدوار) — legacy (فائل میں محفوظ، ماخذی درخت سے باہر)
مثانہ (BLADDER),OOREP مجموعہ/مبہم,r380,URGING,241 ادویہ — مبہم (متعدد امیدوار) — legacy (فائل میں محفوظ، ماخذی درخت سے باہر)
مثانہ (BLADDER),OOREP مجموعہ/مبہم,r504,"URINATION, dribbling (by drops), involuntary",39 ادویہ — مبہم (متعدد امیدوار) — legacy (فائل میں محفوظ، ماخذی درخت سے باہر)
مثانہ (BLADDER),OOREP مجموعہ/مبہم,r507,"URINATION, dribbling (by drops), involuntary, delayed, if",1 ادویہ — مبہم (متعدد امیدوار) — legacy (فائل میں محفوظ، ماخذی درخت سے باہر)
مثانہ (BLADDER),OOREP مجموعہ/مبہم,r509,"URINATION, dribbling (by drops), involuntary, menses, during",2 ادویہ — مبہم (متعدد امیدوار) — legacy (فائل میں محفوظ، ماخذی درخت سے باہر)
مثانہ (BLADDER),OOREP مجموعہ/مبہم,o64853,"PAIN, extending",8 ادویہ — مبہم (متعدد امیدوار) — legacy (فائل میں محفوظ، ماخذی درخت سے باہر)
مثانہ (BLADDER),OOREP مجموعہ/مبہم,o64861,"PAIN, stitching, stinging, extending",8 ادویہ — مبہم (متعدد امیدوار) — legacy (فائل میں محفوظ، ماخذی درخت سے باہر)
مثانہ (BLADDER),OOREP مجموعہ/مبہم,o64877,"URINATION, dribbling (by drops), afternoon",2 ادویہ — مبہم (متعدد امیدوار) — legacy (فائل میں محفوظ، ماخذی درخت سے باہر)
مثانہ (BLADDER),OOREP مجموعہ/مبہم,o7449,"URINATION, involuntary, weakly children, in",1 ادویہ — مبہم (متعدد امیدوار) — legacy (فائل میں محفوظ، ماخذی درخت سے باہر)
مثانہ (BLADDER),OOREP مجموعہ/مبہم,r625,"URINATION, involuntary, boys, in",1 ادویہ — مبہم (متعدد امیدوار) — legacy (فائل میں محفوظ، ماخذی درخت سے باہر)
مثانہ (BLADDER),نیا ریکارڈ,h001,BLADDER,جڑ «BLADDER» — باب سرخی (خالی ادویات)
مثانہ (BLADDER),نیا ریکارڈ,h002,"PAIN, urination, after",کتابی قطار جو OOREP ایپ میں نہیں (اردو خود-بنا — نظرثانی باقی)
مثانہ (BLADDER),نیا ریکارڈ,h003,"RETENTION of urine (See Urination Retarded), night, 3 to 6 a.m.",کتابی قطار جو OOREP ایپ میں نہیں (اردو خود-بنا — نظرثانی باقی)
مثانہ (BLADDER),نیا ریکارڈ,h004,"URGING to urinate (morbid desire), morning, 8 to 9 a.m.",کتابی قطار جو OOREP ایپ میں نہیں (اردو خود-بنا — نظرثانی باقی)
مثانہ (BLADDER),نیا ریکارڈ,h005,"URGING to urinate (morbid desire), night, 12 and 3 a.m., between",کتابی قطار جو OOREP ایپ میں نہیں (اردو خود-بنا — نظرثانی باقی)
مثانہ (BLADDER),نیا ریکارڈ,h006,"URGING to urinate (morbid desire), lying, on back",کتابی قطار جو OOREP ایپ میں نہیں (اردو خود-بنا — نظرثانی باقی)
مثانہ (BLADDER),نیا ریکارڈ,h007,"URGING to urinate (morbid desire), sitting, while",کتابی قطار جو OOREP ایپ میں نہیں (اردو خود-بنا — نظرثانی باقی)
مثانہ (BLADDER),نیا ریکارڈ,h008,"URGING to urinate (morbid desire), sudden, waking, on",کتابی قطار جو OOREP ایپ میں نہیں (اردو خود-بنا — نظرثانی باقی)
مثانہ (BLADDER),نیا ریکارڈ,h009,"URINATION, dribbling (by drops), dysuria, night, midnight, after, 3 to 5 a.m.",کتابی قطار جو OOREP ایپ میں نہیں (اردو خود-بنا — نظرثانی باقی)
مثانہ (BLADDER),نیا ریکارڈ,h010,"URINATION, dribbling (by drops), dysuria, pain in the sphincter vesicæ, with hyperæsthesia of the skin down th…",کتابی قطار جو OOREP ایپ میں نہیں (اردو خود-بنا — نظرثانی باقی)
مثانہ (BLADDER),نیا ریکارڈ,h011,"URINATION, dribbling (by drops), frequent, rising, after",کتابی قطار جو OOREP ایپ میں نہیں (اردو خود-بنا — نظرثانی باقی)
مثانہ (BLADDER),نیا ریکارڈ,h012,"URINATION, dribbling (by drops), busily occupied, when, must run and pass a little urine",کتابی قطار جو OOREP ایپ میں نہیں (اردو خود-بنا — نظرثانی باقی)
مثانہ (BLADDER),نیا ریکارڈ,h013,"URINATION, dribbling (by drops), busily occupied, when, must run and pass a little urine, coffee, after",کتابی قطار جو OOREP ایپ میں نہیں (اردو خود-بنا — نظرثانی باقی)
مثانہ (BLADDER),نیا ریکارڈ,h014,"URINATION, dribbling (by drops), busily occupied, when, must run and pass a little urine, dinner after",کتابی قطار جو OOREP ایپ میں نہیں (اردو خود-بنا — نظرثانی باقی)
مثانہ (BLADDER),نیا ریکارڈ,h015,"URINATION, dribbling (by drops), busily occupied, when, must run and pass a little urine, emission of water-co…",کتابی قطار جو OOREP ایپ میں نہیں (اردو خود-بنا — نظرثانی باقی)
مثانہ (BLADDER),نیا ریکارڈ,h016,"URINATION, dribbling (by drops), busily occupied, when, must run and pass a little urine, every other day",کتابی قطار جو OOREP ایپ میں نہیں (اردو خود-بنا — نظرثانی باقی)
مثانہ (BLADDER),نیا ریکارڈ,h017,"URINATION, dribbling (by drops), busily occupied, when, must run and pass a little urine, exertion, after",کتابی قطار جو OOREP ایپ میں نہیں (اردو خود-بنا — نظرثانی باقی)
مثانہ (BLADDER),نیا ریکارڈ,h018,"URINATION, dribbling (by drops), busily occupied, when, must run and pass a little urine, exposure to cold and…",کتابی قطار جو OOREP ایپ میں نہیں (اردو خود-بنا — نظرثانی باقی)
مثانہ (BLADDER),نیا ریکارڈ,h019,"URINATION, dribbling (by drops), busily occupied, when, must run and pass a little urine, fever, during",کتابی قطار جو OOREP ایپ میں نہیں (اردو خود-بنا — نظرثانی باقی)
مثانہ (BLADDER),نیا ریکارڈ,h020,"URINATION, dribbling (by drops), busily occupied, when, must run and pass a little urine, fever, during, drink…",کتابی قطار جو OOREP ایپ میں نہیں (اردو خود-بنا — نظرثانی باقی)
مثانہ (BLADDER),نیا ریکارڈ,h021,"URINATION, dribbling (by drops), busily occupied, when, must run and pass a little urine, headache, with",کتابی قطار جو OOREP ایپ میں نہیں (اردو خود-بنا — نظرثانی باقی)
مثانہ (BLADDER),نیا ریکارڈ,h022,"URINATION, dribbling (by drops), busily occupied, when, must run and pass a little urine, old people",کتابی قطار جو OOREP ایپ میں نہیں (اردو خود-بنا — نظرثانی باقی)
مثانہ (BLADDER),نیا ریکارڈ,h023,"URINATION, dribbling (by drops), busily occupied, when, must run and pass a little urine, pain in face, with",کتابی قطار جو OOREP ایپ میں نہیں (اردو خود-بنا — نظرثانی باقی)
مثانہ (BLADDER),نیا ریکارڈ,h024,"URINATION, dribbling (by drops), involuntary, night (incontinence in bed), after, 5 a.m.",کتابی قطار جو OOREP ایپ میں نہیں (اردو خود-بنا — نظرثانی باقی)
مثانہ (BLADDER),نیا ریکارڈ,h025,"URINATION, dribbling (by drops), water running from a hydrant, on seeing",کتابی قطار جو OOREP ایپ میں نہیں (اردو خود-بنا — نظرثانی باقی)
مثانہ (BLADDER),نیا ریکارڈ,h026,"URINATION, dribbling (by drops), weakly children, in",کتابی قطار جو OOREP ایپ میں نہیں (اردو خود-بنا — نظرثانی باقی)
مثانہ (BLADDER),ادویات ماخذی مطابق,r6,CALCULI,"پرانے 41 ↔ ماخذ 35 ادویہ؛ صرف-پرانے: arn,calen,cham,cupr,staph,verat؛ صرف-ماخذ: —"
مثانہ (BLADDER),ادویات ماخذی مطابق,r35,"FULLNESS, sensation of","پرانے 52 ↔ ماخذ 41 ادویہ؛ صرف-پرانے: alumn,calc,caust,con,fl-ac,gnaph,lac-c,phos,sars,stann,verat؛ صرف-ماخذ: —"
مثانہ (BLADDER),ادویات ماخذی مطابق,r359,URGING to urinate (morbid desire),پرانے 152 ↔ ماخذ 152 ادویہ؛ صرف-پرانے: —؛ صرف-ماخذ: —
مثانہ (BLADDER),ادویات ماخذی مطابق,r283,RETENTION of urine (See Urination Retarded),پرانے 115 ↔ ماخذ 115 ادویہ؛ صرف-پرانے: —؛ صرف-ماخذ: —
مثانہ (BLADDER),ادویات ماخذی مطابق,r484,"URGING, urination, after",پرانے 43 ↔ ماخذ 43 ادویہ؛ صرف-پرانے: —؛ صرف-ماخذ: —
مثانہ (BLADDER),ادویات ماخذی مطابق,r606,"URINATION, involuntary","پرانے 175 ↔ ماخذ 137 ادویہ؛ صرف-پرانے: aeth,alet,all-s,aloe,alum-sil,apoc,arg-m,art-v,aur,aur-s,benz-ac,cann-s,caps,cast,cench,coca,cocc,coloc,crot-c,cub,helon,kali-c,kali-s,lac-c,lil-t,lyss,mag-p,mag-s,med,merc-i-f,murx,oena,pareir,rhod,rhus-a,sars,stry,syph,til,tub,uran,verat-v,viol-t؛ صرف-ماخذ: brom,coc-c,jug-r,plat,sant"
مثانہ (BLADDER),ادویات ماخذی مطابق,r494,"URINATION, dribbling (by drops), morning",پرانے 1 ↔ ماخذ 1 ادویہ؛ صرف-پرانے: —؛ صرف-ماخذ: —
مثانہ (BLADDER),ادویات ماخذی مطابق,r614,"URINATION, involuntary, night (incontinence in bed)","پرانے 102 ↔ ماخذ 96 ادویہ؛ صرف-پرانے: caps,cast,coloc,gels,lach,merc-i-f؛ صرف-ماخذ: —"
مثانہ (BLADDER),PDF آرٹی فاکٹ,—,,PDF 1424–1460: 51 آرٹی فاکٹ قطاریں — 30 صفحہ-سرخی گلا (chel.→chel.urinaryorgans/blandder طرز) + فولیو-گلا crot1416t (PDF 1451) + 20 لائن-ریپ گلا (اگلے لیبل کا ادویہ سے گلا) — سب PDF-طرفہ، homeoint ماخذ درست
مثانہ (BLADDER),کتابی دہرائی,—,"URINATION, dribbling (by drops), involuntary",کتاب p656 (37 ادویہ) + p659 (129) دونوں جگہ چھپی + 3 ذیلیاں — merge union (گرےڈ max، کوئی ادویہ ضائع نہیں)
مثانہ (BLADDER),خاندانی clamp,—,amel. (p654) / morning (p656),MEDI-T دوہرے <dir> — idx437 d4→d3، idx485 d2→d1 — دونوں PDF folio 1410/1412 سے حرف-بہ-حرف تصدیق
گردے (KIDNEYS),باب-حد,—,KIDNEYS اینکر (آغاز),"kent0660.htm کے P662 سیکشن کے اندر NAME=""KIDNEYS"" اینکر — صفحہ-اینکر نہیں، سیکشن کے بیچ میں (ABSCESS پہلی قطار p662)؛ kent0660 کے دم کا p666 stub (بغیر-اینکر سرخی + مارکر + >>>>> nav) stub-cut regex سے کٹ — دستاویزی"
گردے (KIDNEYS),باب-حد,—,PROSTATE اینکر (اختتام),"kent0665.htm کے P667 سیکشن میں NAME=""PROSTATE"" اینکر سے پہلے کٹ — آخری ربرک «WEARINESS, region of» (10 ادویہ، p667)؛ PROSTATE GLAND / BALL sensation کٹ"
گردے (KIDNEYS),OOREP مجموعہ/مبہم,o67278,"PAIN, extending",27 ادویہ — مبہم (متعدد امیدوار) — legacy (فائل میں محفوظ، ماخذی درخت سے باہر)
گردے (KIDNEYS),OOREP مجموعہ/مبہم,o67279,"PAIN, lying",7 ادویہ — مبہم (متعدد امیدوار) — legacy (فائل میں محفوظ، ماخذی درخت سے باہر)
گردے (KIDNEYS),OOREP مجموعہ/مبہم,o67281,"PAIN, region of, extending",18 ادویہ — مبہم (متعدد امیدوار) — legacy (فائل میں محفوظ، ماخذی درخت سے باہر)
گردے (KIDNEYS),OOREP مجموعہ/مبہم,o67283,"PAIN, stitching, extending",17 ادویہ — مبہم (متعدد امیدوار) — legacy (فائل میں محفوظ، ماخذی درخت سے باہر)
گردے (KIDNEYS),OOREP مجموعہ/مبہم,o67286,"PAIN, ureters",25 ادویہ — مبہم (متعدد امیدوار) — legacy (فائل میں محفوظ، ماخذی درخت سے باہر)
گردے (KIDNEYS),OOREP مجموعہ/مبہم,o67287,"PAIN, ureters, extending",9 ادویہ — مبہم (متعدد امیدوار) — legacy (فائل میں محفوظ، ماخذی درخت سے باہر)
گردے (KIDNEYS),OOREP مجموعہ/مبہم,r82,"PAIN, ureters, vomiting, with",1 ادویہ — مبہم (متعدد امیدوار) — legacy (فائل میں محفوظ، ماخذی درخت سے باہر)
گردے (KIDNEYS),نیا ریکارڈ,h001,KIDNEYS,جڑ «KIDNEYS» — باب سرخی (خالی ادویات)
گردے (KIDNEYS),نیا ریکارڈ,h002,"CALCULI (See Urine, Sediment)","خالی کراس-ریفرنس مین (See Urine, Sediment) — کتابی ساخت"
گردے (KIDNEYS),نیا ریکارڈ,h003,"PAIN, lying, while, on back",کتابی قطار جو OOREP ایپ میں نہیں (اردو خود-بنا — نظرثانی باقی)
گردے (KIDNEYS),نیا ریکارڈ,h004,"PAIN, region of, extending to calves, anxious nausea, with",کتابی قطار جو OOREP ایپ میں نہیں (اردو خود-بنا — نظرثانی باقی)
گردے (KIDNEYS),نیا ریکارڈ,h005,"PAIN, Ureters, right side, vomiting, with",کتابی قطار جو OOREP ایپ میں نہیں (اردو خود-بنا — نظرثانی باقی)
گردے (KIDNEYS),نیا ریکارڈ,h006,"PAIN, aching, urination, during",کتابی قطار جو OOREP ایپ میں نہیں (اردو خود-بنا — نظرثانی باقی)
گردے (KIDNEYS),نیا ریکارڈ,h007,"PAIN, cramping, 4 to 9 p.m.",کتابی قطار جو OOREP ایپ میں نہیں (اردو خود-بنا — نظرثانی باقی)
گردے (KIDNEYS),نیا ریکارڈ,h008,"PAIN, shooting (See Stitching), right",کتابی قطار جو OOREP ایپ میں نہیں (اردو خود-بنا — نظرثانی باقی)
گردے (KIDNEYS),نیا ریکارڈ,h009,"PAIN, shooting (See Stitching), left",کتابی قطار جو OOREP ایپ میں نہیں (اردو خود-بنا — نظرثانی باقی)
گردے (KIDNEYS),نیا ریکارڈ,h010,"PAIN, shooting (See Stitching), afternoon",کتابی قطار جو OOREP ایپ میں نہیں (اردو خود-بنا — نظرثانی باقی)
گردے (KIDNEYS),نیا ریکارڈ,h011,"PAIN, shooting (See Stitching), evening",کتابی قطار جو OOREP ایپ میں نہیں (اردو خود-بنا — نظرثانی باقی)
گردے (KIDNEYS),نیا ریکارڈ,h012,"PAIN, shooting (See Stitching), exerting the muscles, while",کتابی قطار جو OOREP ایپ میں نہیں (اردو خود-بنا — نظرثانی باقی)
گردے (KIDNEYS),نیا ریکارڈ,h013,"PAIN, shooting (See Stitching), jar",کتابی قطار جو OOREP ایپ میں نہیں (اردو خود-بنا — نظرثانی باقی)
گردے (KIDNEYS),نیا ریکارڈ,h014,"PAIN, shooting (See Stitching), sitting, while",کتابی قطار جو OOREP ایپ میں نہیں (اردو خود-بنا — نظرثانی باقی)
گردے (KIDNEYS),نیا ریکارڈ,h015,"PAIN, shooting (See Stitching), region of, extending to thighs",کتابی قطار جو OOREP ایپ میں نہیں (اردو خود-بنا — نظرثانی باقی)
گردے (KIDNEYS),نیا ریکارڈ,h016,"PAIN, stitching, stinging, sticking, standing, while",کتابی قطار جو OOREP ایپ میں نہیں (اردو خود-بنا — نظرثانی باقی)
گردے (KIDNEYS),ادویات ماخذی مطابق,r10,PAIN,"پرانے 193 ↔ ماخذ 102 ادویہ؛ صرف-پرانے: abrot,agar,all-s,alumn,am-br,anan,ant-c,ant-t,apoc,aran,ars-h,asaf,asar,aspar,astac,bapt,bov,brach,bufo,cact,cadm,calad,calc-ar,calc-f,carb-an,carl,caust,cham,chin,chin-a,chin-s,chlol,coloc,con,cop,crot-h,crot-t,cupr-ac,cur,cycl,daph,dig,dor,elat,epig,equis,erig,fl-ac,gels,graph,grat,hydr-ac,indg,iod,ir-f,kali-s,kreos,lac-d,lachn,laur,mag-m,mang,meny,merc,mit,myric,nat-p,oci,op,pall,petr,phys,pin-s,psor,raph,rheum,rhus-t,ruta,sabad,sang,scut,sil,staph,sulph,syph,tell,upa,valer,verat,vesp,vip؛ صرف-ماخذ: —"
گردے (KIDNEYS),ادویات ماخذی مطابق,o45122,INFLAMMATION,"پرانے 86 ↔ ماخذ 80 ادویہ؛ صرف-پرانے: calc-ar,con,glon,hippoz,sil,stram؛ صرف-ماخذ: —"
گردے (KIDNEYS),ادویات ماخذی مطابق,r208,SUPPRESSION of urine,"پرانے 81 ↔ ماخذ 78 ادویہ؛ صرف-پرانے: cycl,rhus-t,sel؛ صرف-ماخذ: —"
گردے (KIDNEYS),ادویات ماخذی مطابق,r117,"PAIN, cutting","پرانے 56 ↔ ماخذ 24 ادویہ؛ صرف-پرانے: aesc,apis,ars,aspar,bell,benz-ac,cann-s,carb-an,chlol,con,dios,equis,erig,indg,kali-ar,kali-c,lach,lyc,med,nat-s,nux-v,oci,op,pareir,phos,psor,sars,senec,sep,sil,tab,verat؛ صرف-ماخذ: —"
گردے (KIDNEYS),ادویات ماخذی مطابق,r155,"PAIN, sore, bruised","پرانے 59 ↔ ماخذ 47 ادویہ؛ صرف-پرانے: abrot,aeth,apoc,bell,calc-p,cann-i,equis,hydr,kali-c,mang,nat-a,phos؛ صرف-ماخذ: —"
گردے (KIDNEYS),ادویات ماخذی مطابق,r88,"PAIN, aching","پرانے 45 ↔ ماخذ 19 ادویہ؛ صرف-پرانے: acon,aesc,agar,agn,all-c,ambr,ant-c,berb,brach,carl,caust,chin-s,elat,ham,hydr,ir-f,merc-c,mit,pall,phos,phys,sabad,sang,sep,still,tab؛ صرف-ماخذ: —"
گردے (KIDNEYS),ادویات ماخذی مطابق,r65,"PAIN, region of","پرانے 36 ↔ ماخذ 19 ادویہ؛ صرف-پرانے: agar,benz-ac,berb,cann-s,canth,colch,graph,hep,ip,kali-bi,nux-v,oci,pareir,petr,phyt,sars,sel؛ صرف-ماخذ: —"
گردے (KIDNEYS),ادویات ماخذی مطابق,r123,"PAIN, cutting, ureters",پرانے 41 ↔ ماخذ 41 ادویہ؛ صرف-پرانے: —؛ صرف-ماخذ: —
گردے (KIDNEYS),PDF آرٹی فاکٹ,—,,PDF 1461–1472: 246/246 حرف-بہ-حرف عین، صفر ادویہ-فرق، صفر drift، صفر دونوں-طرفہ باقیات — 11 صفحہ-سرخی گلا «urinaryorgans/kidneys» (آخری ادویہ سے گلا) نکالنے پر ہی فلٹر — سب PDF-طرفہ، homeoint ماخذ درست
گردے (KIDNEYS),کتابی دہرائی,—,"PAIN, pulsating",کتاب p663 (Bufo) + p665 (Berb) دونوں جگہ چھپی — merge union (گرےڈ max) = ایپ r41 عین — درخت میں ایک قطار پہلی جگہ پر
پروسٹیٹ غدود (PROSTATE GLAND),باب-حد,—,PROSTATE اینکر (آغاز),"kent0665.htm کے NAME=""PROSTATE"" اینکر — گردے باب کا اختتامی اینکر وہی تھا (سیکشن کے بالکل بعد، صفحہ-اینکر نہیں)؛ پہلی قطار «BALL, sensation of sitting on a» (4 ادویہ، p667)؛ اینکر پیراگراف درمیان سے کٹا جاتا ہے — bare دہرائی سرخی <p>PROSTATE GLAND</p> پہلی قطار"
پروسٹیٹ غدود (PROSTATE GLAND),باب-حد,—,URETHRA مارکر (اختتام),"kent0665.htm کے <p><a HREF=""...kenturet.htm"">URETHRA</a> سیکشن-مارکر سے پہلے کٹ (اینکر نہیں — nav-مارکر؛ اس کے اندر P669 اینکر ہے جو کٹ کے ساتھ جاتا ہے)؛ آخری ربرک «UNEASINESS» (1 ادویہ Ptel.، p668)؛ URETHRA باب p669 سے"
پروسٹیٹ غدود (PROSTATE GLAND),OOREP مجموعہ/مبہم,o67899,EMISSION,63 ادویہ — مبہم (EMISSION prostatic fluid مین + کٹے راستے متعدد امیدوار) — legacy (فائل میں محفوظ، ماخذی درخت سے باہر)؛ کتابی مین «EMISSION prostatic fluid» (47، p667) درخت پر + 17 ذیلیاں مکمل ادویات کے ساتھ
پروسٹیٹ غدود (PROSTATE GLAND),نیا ریکارڈ,h001,PROSTATE GLAND,جڑ «PROSTATE GLAND» — باب سرخی (خالی ادویات؛ کتاب p667 سیکشن-سرخی)
پروسٹیٹ غدود (PROSTATE GLAND),ادویات ماخذی مطابق,r5,PAIN,"پرانے 57 ↔ ماخذ 39 ادویہ؛ صرف-پرانے: ambr,aur,canth,carb-an,clem,coca,crot-h,kali-bi,kali-c,kali-n,merc-d,mez,nat-a,nit-ac,ph-ac,psor,sil,sul-ac؛ صرف-ماخذ: —؛ گریڈ: apis:2→1,bell:3→2,chim:3→2,puls:3→2,sel:2→1"
پروسٹیٹ غدود (PROSTATE GLAND),ادویات ماخذی مطابق,o53348,ENLARGEMENT,"پرانے 51 ↔ ماخذ 47 ادویہ؛ صرف-پرانے: bry,cycl,sabal,ther؛ صرف-ماخذ: —؛ گریڈ: sel:3→2"
پروسٹیٹ غدود (PROSTATE GLAND),ادویات ماخذی مطابق,r0,INFLAMMATION,"پرانے 47 ↔ ماخذ 45 ادویہ؛ صرف-پرانے: cupr,nit-ac؛ صرف-ماخذ: —؛ گریڈ: med:2→1,thuj:3→2"
پروسٹیٹ غدود (PROSTATE GLAND),ادویات ماخذی مطابق,r46,"PAIN, stitching","پرانے 16 ↔ ماخذ 9 ادویہ؛ صرف-پرانے: aur,cact,caust,cop,merc-d,pareir,sel؛ صرف-ماخذ: —؛ گریڈ: kali-bi:2→1"
پروسٹیٹ غدود (PROSTATE GLAND),ادویات ماخذی مطابق,r40,"PAIN, pulsating","پرانے 4 ↔ ماخذ 2 ادویہ؛ صرف-پرانے: bov,dig؛ صرف-ماخذ: —؛ گریڈ: —"
پروسٹیٹ غدود (PROSTATE GLAND),ادویات ماخذی مطابق,r41,"PAIN, pulsating, region of",پرانے 2 ↔ ماخذ 1 ادویہ؛ صرف-پرانے: dig؛ صرف-ماخذ: —؛ گریڈ: —
پروسٹیٹ غدود (PROSTATE GLAND),ادویات ماخذی مطابق,r23,"PAIN, aching","پرانے 3 ↔ ماخذ 1 ادویہ؛ صرف-پرانے: all-c,cycl؛ صرف-ماخذ: —؛ گریڈ: —"
پروسٹیٹ غدود (PROSTATE GLAND),ادویات ماخذی مطابق,o53358,HEAVINESS,پرانے 8 ↔ ماخذ 8 ادویہ؛ صرف-پرانے: —؛ صرف-ماخذ: —؛ گریڈ: graph:2→1
پروسٹیٹ غدود (PROSTATE GLAND),ادویات ماخذی مطابق,r32,"PAIN, pressing",پرانے 20 ↔ ماخذ 20 ادویہ؛ صرف-پرانے: —؛ صرف-ماخذ: —؛ گریڈ: puls:3→2
پروسٹیٹ غدود (PROSTATE GLAND),اردو ہم آہنگی,—,EMISSION prostatic fluid کی 17 ذیلی قطاریں کے اردو جملے,«منی کا اخراج» سے «پروسٹیٹ سیال کا اخراج» — والد کے جملے کے مطابق (19 جملے جن میں 2 براہِ راست) — اگر پرانا «منی کا اخراج» مطلوب ہو تو بتائیں
پروسٹیٹ غدود (PROSTATE GLAND),گریڈ درستی,o53358,HEAVINESS,graphites گریڈ 2→1 (کتابی فارمیٹنگ — عام حروف)
پروسٹیٹ غدود (PROSTATE GLAND),گریڈ درستی,r32,"PAIN, pressing",Puls. گریڈ 3→2 (کتابی فارمیٹنگ — ترچھے نیلے حروف)
پیشاب کی نالی (URETHRA),باب-حد,—,P669 اینکر (آغاز),"kent0665.htm کے NAME=""P669"" اینکر — URETHRA nav-مارکر <p><a HREF=""...kenturet.htm"">URETHRA</a> کے اندر (پروسٹیٹ باب کا اختتامی مارکر وہی تھا)؛ پہلی قطار «AGGLUTINATION of meatus» (16 ادویہ، p669)؛ nav-مارکر کے بعد MEDI-T دہرائی <p>URETHRA</p> جڑ d0"
پیشاب کی نالی (URETHRA),باب-حد,—,URINE باب سرخی (اختتام),kent0675.htm کے اندر URINE باب کی سرخی <b><p>URINE</p> سے پہلے کٹ (بغیر اینکر — kent0680 والا anchor+repeat فارمیٹ صرف kent0680 میں ہے)؛ kent0675 میں p680 کا پورا URETHRA مواد ہے (TENSION…VOLUPTUOUS، آخری ذیلی after : Thuj.) — اس لئے kent0680 کی URETHRA کے لیے ضرورت نہیں؛ آخری مین ربرک «VOLUPTUOUS sensation» (4 ادویہ، p680)
پیشاب کی نالی (URETHRA),فائل-دم artifact,—,kent0665 دم: p671 nav-بلاک,"بغیر اینکر nav-بلاک (URETHRA p. 671 + سرخی-دہرائی «DISCHARGE, purulent, drop of pus before urinating») — artifact قطار حذف؛ اصل قطاریں موجود: purulent (40، p670) اسی فائل میں + drop of pus (1، p671) kent0670 P671 بلاک میں"
پیشاب کی نالی (URETHRA),فائل-دم artifact,—,kent0670 دم: p676 nav-بلاک,"بغیر اینکر nav-بلاک (URETHRA p. 676 + سرخی-دہرائی «PAIN, burning, meatus, urination, after») — artifact قطار حذف؛ اصل after قطار (13 ادویہ، p676) kent0675 P676 بلاک میں"
پیشاب کی نالی (URETHRA),گہرائی clamp (3),—,"waking,on / to-anus / urging,when","idx252 p674 «waking, on» d4→d3 (biting-meatus-morning کی ذیلی) · idx351 p676 «to anus when passing last drops» d4→d3 · idx447 p678 «urging, when» d4→d3 — خاندانی shift؛ PDF x-coords سے کتابی indentation کی تصدیق"
پیشاب کی نالی (URETHRA),phantom-سیگمنٹ,—,OOREP/kenturor راستے بمقابلہ کتابی درخت,"OOREP نے «DISCHARGE, acrid» کا acrid کٹا تھا (gleety/purulent وغیرہ اس کی ذیلیاں ہیں — کتاب d0/d1) اور کئی جگہ «urination» فالتو گھسایا تھا (مثلاً «…meatus, urination, during» جبکہ کتاب میں meatus کی ذیلی «urination, before/during» d3 اور «after» d4 ہے) — PDF x-coords (folio 1444/1455/1456/1457/1458) سے ثابت؛ 161 منقولہ اردو جملے نئے راستوں پر top-down دوبارہ اخذ"
پیشاب کی نالی (URETHRA),OOREP مجموعہ/مبہم,o62447,"PAIN, cutting, urination, after","14 ادویہ — مبہم (متعدد امیدوار) — legacy (فائل میں محفوظ، ماخذی درخت سے باہر)؛ کتابی عین «PAIN, cutting, urinating, when not, after» (14، p676) درخت پر"
پیشاب کی نالی (URETHRA),OOREP مجموعہ/مبہم,o62451,"PAIN, cutting, urination, during","41 ادویہ — مبہم (متعدد امیدوار) — legacy (فائل میں محفوظ، ماخذی درخت سے باہر)؛ کتابی عین «PAIN, cutting, urinating, when not, during» (41، p676) درخت پر"
پیشاب کی نالی (URETHRA),OOREP مجموعہ/مبہم,o68595,"PAIN, burning, erections","10 ادویہ — مبہم (متعدد امیدوار) — legacy (فائل میں محفوظ، ماخذی درخت سے باہر)؛ کتابی عین «PAIN, burning, erections, during» (10، p674) درخت پر"
پیشاب کی نالی (URETHRA),OOREP مجموعہ/مبہم,o68605,"PAIN, drawing, extending",3 ادویہ — مبہم (متعدد امیدوار) — legacy (فائل میں محفوظ، ماخذی درخت سے باہر)؛ کتابی قطاریں: extending to anus (1) + from anus through urethra (1) + perinæum (1) — p677
پیشاب کی نالی (URETHRA),OOREP مجموعہ/مبہم,o68609,"PAIN, meatus, urination","2 ادویہ — مبہم (متعدد امیدوار) — legacy (فائل میں محفوظ، ماخذی درخت سے باہر)؛ کتابی عین «PAIN, meatus, urinating, when not» (2، p673) درخت پر"
پیشاب کی نالی (URETHRA),OOREP مجموعہ/مبہم,o68610,"PAIN, pressing, urination","4 ادویہ — مبہم (متعدد امیدوار) — legacy (فائل میں محفوظ، ماخذی درخت سے باہر)؛ کتابی «PAIN, pressing, urination, during» (4) درخت پر"
پیشاب کی نالی (URETHRA),OOREP مجموعہ/مبہم,o68621,"PAIN, urination","54 ادویہ — مبہم (متعدد امیدوار) — legacy (فائل میں محفوظ، ماخذی درخت سے باہر)؛ کتابی خاندان: urination, during (31) + urging to stool, with (10) + after (9) + at close of (10) + after (3) — سب p673"
پیشاب کی نالی (URETHRA),OOREP مجموعہ/مبہم,r430,"PAIN, erections","2 ادویہ — مبہم (متعدد امیدوار) — legacy (فائل میں محفوظ، ماخذی درخت سے باہر)؛ کتابی قطاریں: erections, during (1) + during, after (1) — p673"
پیشاب کی نالی (URETHRA),OOREP مجموعہ/مبہم,r496,"PAIN, tearing, anterior part, urinating, when",3 ادویہ — مبہم (متعدد امیدوار) — legacy (فائل میں محفوظ، ماخذی درخت سے باہر)؛ کتابی عین (1، p679) درخت پر + when not (2) الگ کتابی قطار
پیشاب کی نالی (URETHRA),نیا ریکارڈ,h001,URETHRA,ماخذی درخت کی نئی قطار — p669 d0، 0 ادویہ
پیشاب کی نالی (URETHRA),نیا ریکارڈ,h002,"CRAWLING, urinating, during, after",ماخذی درخت کی نئی قطار — p669 d2، 2 ادویہ
پیشاب کی نالی (URETHRA),نیا ریکارڈ,h003,GONORRHŒA suppressed (See Regions),ماخذی درخت کی نئی قطار — p671 d0، 0 ادویہ
پیشاب کی نالی (URETHRA),نیا ریکارڈ,h004,"PAIN, urination, after",ماخذی درخت کی نئی قطار — p673 d1، 3 ادویہ
پیشاب کی نالی (URETHRA),نیا ریکارڈ,h005,"PAIN, burning, urination, during",ماخذی درخت کی نئی قطار — p674 d2، 7 ادویہ
پیشاب کی نالی (URETHRA),نیا ریکارڈ,h006,"PAIN, cutting, urinating, when not, beginning to urinate, on",ماخذی درخت کی نئی قطار — p676 d3، 4 ادویہ
پیشاب کی نالی (URETHRA),نیا ریکارڈ,h007,"PAIN, cutting, urinating, when not, during",ماخذی درخت کی نئی قطار — p676 d3، 41 ادویہ
پیشاب کی نالی (URETHRA),نیا ریکارڈ,h008,"PAIN, cutting, urinating, when not, during, pressure in rectum, with",ماخذی درخت کی نئی قطار — p676 d4، 1 ادویہ
پیشاب کی نالی (URETHRA),نیا ریکارڈ,h009,"PAIN, cutting, urinating, when not, during, stool, and",ماخذی درخت کی نئی قطار — p676 d4، 1 ادویہ
پیشاب کی نالی (URETHRA),نیا ریکارڈ,h010,"PAIN, cutting, urinating, when not, after",ماخذی درخت کی نئی قطار — p676 d3، 14 ادویہ
پیشاب کی نالی (URETHRA),نیا ریکارڈ,h011,"PAIN, tearing, anterior part, urinating, when",ماخذی درخت کی نئی قطار — p679 d3، 1 ادویہ
پیشاب کی نالی (URETHRA),ادویات ماخذی مطابق,r206,PAIN,"پرانے 242 ↔ ماخذ 23 ادویہ؛ صرف-پرانے: acon,act-sp,aesc,all-c,all-s,aloe,alum,alumn,am-c,ambr,ammc,anac,anag,ant-c,ant-t,anth,aphis,apis,apoc,aran,arg-m,arn,ars,arund,asaf,asar,asc-c,aspar,aur,aur-m,aur-m-n,bad,bapt,bar-c,bar-m,bart,bell,benz-ac,berb,bor,bov,brach,brom,bufo,cact,cahin,calad,calc,calc-f,calc-p,calc-s,camph,carb-an,carb-s,carb-v,carl,casc,caust,cedr,cham,chim,chin,chin-s,chlf,cic,cimic,cinnam,cinnb,clem,cob,coc-c,cocc,coch,coff,colch,coloc,con,cop,crot-t,cub,cupr,cupr-ar,cur,cycl,daph,der,dig,dor,dulc,echi,elaps,equis,erig,ery-a,eug,eup-pur,eupho,fago,ferr,ferr-ar,ferr-p,fl-ac,gamb,gels,gins,glon,gran,graph,grat,guai,hell,helon,hep,hipp,hura,hydr-ac,hyper,ign,indg,iod,ip,iris,jab,jac,jatr,kali-ar,kali-bi,kali-c,kali-i,kali-n,kali-p,kali-s,kreos,lac-c,lach,lact,laur,led,lil-t,lob,lyss,mag-c,mag-m,mag-s,manc,mang,merc,merc-ac,merc-c,merl,mez,mosch,mur-ac,mygal,nat-a,nat-c,nat-m,nat-p,nat-s,nicc,nit-ac,nux-m,nux-v,ol-j,op,ox-ac,pall,par,pareir,petr,petros,ph-ac,phel,phys,pic-ac,pip-m,plan,plat-m,plb,polyg-h,psor,ptel,puls-n,ran-s,raph,rat,rhod,rhus-t,rhus-v,ruta,sabad,sars,sec,sel,senec,sep,sil,spig,squil,stann,staph,stry,sul-ac,sumb,tab,tarent,tell,tep,ter,teucr,til,tril,uran,uva,verat,viol-t,zinc,zinc-ac,zing؛ صرف-ماخذ: —؛ گریڈ: arg-n:3→2,bry:2→1,cann-i:3→1,cann-s:3→1,canth:3→2,caps:2→1,chel:2→1,lith:2→1,lyc:2→1,phos:2→1,prun-s:3→2,puls:3→2,seneg:2→1,sulph:3→2,thuj:3→2"
پیشاب کی نالی (URETHRA),اردو ہم آہنگی,—,161 راستہ-بڑھنے والی قطاروں کے اردو جملے,نئے کتابی راستوں پر top-down دوبارہ اخذ (مثلاً «اخراج، خون آلود» ← «اخراج، تیز و تند، خونی») — فہرست urethra_ur_refixed_keys.json؛ اگر پرانا مختصر انداز مطلوب ہو تو بتائیں
پیشاب کی نالی (URETHRA),اردو خود-بنے (ہاتھ سے),—,10 نئی hN قطاروں کے اردو جملے,نئی کتابی قطاریں جن کے پرانے جملے موجود نہ تھے — ہاتھ سے لکھے گئے (meta.auto=10)
پیشاب (URINE),باب-حد,—,"NAME=""URINE"" اینکر (آغاز)","kent0680.htm کے NAME=""URINE"" باب-سرخی اینکر سے آغاز — اس سے پہلے پورا P680 nav-ڈپ URETHRA مواد (کٹ)؛ p680 دم کے URINE ربرکس: ACRID (61 ادویہ) + ذیلی menses,during + ALBUMINOUS مین (109) — پھر P681 اینکر؛ جڑ قطار MEDI-T دہرائی <P>URINE</P> d0"
پیشاب (URINE),باب-حد,—,GENITALIA MALE سرخی (اختتام),"kent0690.htm کے اندر GENITALIA MALE باب سرخی (<a HREF=""...kentgenm.htm"">GENITALIA MALE</a> + NAME=""P693"" اینکر) سے پہلے کٹ؛ آخری مین ربرک YEAST-LIKE {caust:2, raph:2} (p692)؛ انڈیکس kenturin.htm — 13/13 صفحہ-اندراجات (680 سرخی/681..692)"
پیشاب (URINE),ڈپ سیکشن پالیسی,—,P685 / P690 اوورلیپ,kent0685 کا P685 سیکشن = kent0680 کا P685 عین مطابق (skip — اصل kent0680 سے)؛ kent0685 کا P690 = kent0690 کا P690 عین مطابق ڈپ (اصل kent0690 سے) — دونوں کا plain-text موازنہ صفر فرق
پیشاب (URINE),فائل-دم artifact,—,kent0680 دم: p686 nav-بلاک,"بغیر اینکر nav-بلاک (URINE p. 686 + سرخی-دہرائی «COPIOUS, amenorrhœa, with») — artifact قطار حذف؛ اصل COPIOUS قطار (7 ادویہ، p686) kent0685 P686 بلاک میں"
پیشاب (URINE),فائل-دم artifact,—,kent0685 دم: P690 nav-پیراگراف کٹ,P690 اینکر nav-پیراگراف کے اندر ہے — end-cut پیراگراف کے درمیان سے → EOF-flush «URINE» bare artifact حذف؛ اصل P690 مواد kent0690 سے مکمل
پیشاب (URINE),گہرائی clamp (کتابی یتیم-indentation),—,"ink, like (p683)","idx68 خام d2→d1 — کتاب میں @128.7 (d2 فاصلہ) مگر d1 والدین موجود نہیں (COLOR, black d0 @56.6 کے بعد سیدھا d2 قطار)؛ تمام بھائی رنگ (blackish/bluish/brown/clay/coffee-like/dark/greenish…) @92.7 d1 — PDF x-coord ثابت؛ معنوی سطح (سیاہ رنگ کی قسم) درست — اگر کتابی خام سطح مطلوب ہو تو بتائیں"
پیشاب (URINE),سمٹے ہوئے OOREP/انڈیکس راستے,—,انڈیکس بمقابلہ کتابی پورا راستہ,"kenturin انڈیکس/OOREP نے سیگمنٹ چھوڑے تھے: «COLOR, pale, fever, during» ← کتابی «COLOR, black, pale, fever, during» (pale @92.7 d1 — COLOR,black کی ذیلی)؛ «COLOR, yellow, dark» ← کتابی «COLOR, black, yellow, light, dark» (yellow,light @92.7 d1 ← dark @128.7 d2)؛ «SPECIFIC gravity, decreased» ← کتابی «SPECIFIC gravity increased, decreased» (decreased @92.7 increased کے تحت)؛ «ODOR, …» ← کتابی «ODOR offensive, …» — PDF x-coords سے ثابت؛ 73 منقولہ اردو جملے نئے راستوں پر top-down دوبارہ اخذ"
پیشاب (URINE),مبہم OOREP برتن,m63034,SPECIFIC gravity (بے-ادویہ),OOREP synthetic برتن — کتابی عین «SPECIFIC gravity increased» (39، p691 @56.6) ماخذی درخت پر؛ decreased اس کی d1 ذیلی (21، @92.7 — کتابی عین)
پیشاب (URINE),مبہم OOREP مجموعہ,r236,ODOR (155),OOREP یونین — کتابی خاندان ماخذی درخت پر: ODOR offensive مین + acrid pungent/ammoniacal/strong/intensely urinous… ذیلیاں (p688-689)
پیشاب (URINE),نئے hN (4),—,"URINE جڑ + CONSTITUENTS + MILKY during + MILKY during,after","ماخذ-اکیلے قطاریں جن کا کوئی OOREP ریکارڈ نہیں: جڑ URINE (d0) · «CONSTITUENTS, where there is diminution of, there is increase of stools» (1 ادویہ Colch.، p685 — OOREP میں ہجے «diminition» غلط تھا — o62796 legacy) · «MILKY, during» (2، p687) · «MILKY, during, after» (1 Nat-m. 2، p687)"
پیشاب (URINE),ادویات ماخذی مطابق,r94,COLOR,"پرانے 258 (OOREP یونین) ↔ ماخذی COLOR, black 22 (p683 @56.6) — کتابی خاندان درخت پر: brown 61/dark 152/pale 149/red ~166/yellow,light 63 ذیلیوں سمیت"
پیشاب (URINE),ادویات ماخذی مطابق,r381,WATERY,"پرانے 95 (یونین) ↔ ماخذی «WATERY, clear as water» مین + ذیلیاں (p692) — OOREP نے clear-as-water سیگمنٹ چھوڑا تھا"
پیشاب (URINE),ادویات ماخذی مطابق,o68633,CUTICLE,"پرانے 47 ↔ ماخذی «CUTICLE, forming on the surface of the (includes Fatty)» (p687) + ذیلیاں iridescent/whitish"
پیشاب (URINE),PDF آرٹی فاکٹ (6),—,2 فولیو-گلا + 4 لیبل-ریپ گلا,"فولیو-گلا: «kali1470ar» (ALBUMINOUS, pregnancy — kali-ar میں folio 1470 گلا) + «fl1478ac» (COPIOUS — fl-ac میں folio 1478) — ہائیفن-ریپ joiner سے؛ لیبل-ریپ گلا: CLOUDY white-clouds/turbid جوڑا + MILKY flour/hydrocephalus جوڑا — PDF extractor نے ذیلی-سرخی والدین کی ادویات کی دم سے جوڑ دی؛ سب PDF-طرفہ — ماخذ (homeoint) درست"
پیشاب (URINE),اردو ہم آہنگی,—,73 راستہ-بڑھنے والی قطاروں کے اردو جملے,نئے کتابی راستوں پر top-down دوبارہ اخذ (مثلاً «رنگ، بھورا، شاہ بلوط جیسا» ← «رنگ، سیاہ، بھورا، شاہ بلوط جیسا»؛ «بدبو، سڑے انڈوں جیسی» ← «بدبو، ناخوشگوار، سڑے انڈوں جیسی») — فہرست urine_ur_refixed_keys.json
پیشاب (URINE),اردو خود-بنے (ہاتھ سے),—,3 نئی hN قطاروں کے اردو جملے,CONSTITUENTS («اجزاء، جن کی جس قدر کمی ہو اُس قدر پاخانے میں اضافہ») · MILKY during («دودھ جیسا، دوران میں») · MILKY during after («دودھ جیسا، دوران میں، بعد میں») — ہاتھ سے لکھے (meta.auto=3)
تناسلی اعضاء (مرد) — GENITALIA MALE,باب-حد,—,"NAME=""P693"" اینکر (آغاز)","kent0690.htm کے GENITALIA MALE سرخی nav-اینکر (<a HREF=""...kentgenm.htm"">GENITALIA MALE</a> + NAME=""P693"") سے آغاز — nav-پیراگراف کی کٹی ہوئی قطار after_anchor سے skip؛ جڑ قطار MEDI-T دہرائی <P>GENITALIA MALE</P> d0؛ پہلا مین ABSCESS penis {bov, hippoz} (p693)؛ انڈیکس kentgenm.htm — 23/23 صفحہ-اندراجات (693 جڑ/694..714)"
تناسلی اعضاء (مرد) — GENITALIA MALE,باب-حد,—,GENITALIA FEMALE سرخی (اختتام),"kent0710.htm کے اندر GENITALIA FEMALE باب سرخی (<p>GENITALIA <a NAME=""FEMALE"">FEMALE</a></p>) سے پہلے کٹ؛ آخری ربرک WEAKNESS, coition, after, sensation of, stool, after {calc-p:2, calc:2} (p714)؛ نوٹ: «CONDYLOMATA, itching» مرد باب کی جائز p693 قطار ہے (خاتون باب کی پہلی قطار سے مختلف)"
تناسلی اعضاء (مرد) — GENITALIA MALE,ڈپ صفحات پالیسی,—,p695/p700/p705/p710 اوورلیپ,سرحدی صفحات پچھلی فائل میں اصل، اگلی فائل کے آغاز پر ڈپ (skip_until سے کٹ) — چاروں text-identical تصدیق شدہ (verify_genm_dups.py — صرف اندرونی <a NAME> ٹیگز کا فرق): p695 kent0690⟷kent0695، p700 kent0695⟷kent0700، p705 kent0700⟷kent0705، p710 kent0705⟷kent0710
تناسلی اعضاء (مرد) — GENITALIA MALE,فائل-دم artifact,—,kent0710 دم: FEMALE اینکر پیراگراف کٹ,"end-cut پیراگراف کے درمیان سے (<p>GENITALIA <a NAME=""FEMALE"">) → EOF-flush «GENITALIA» bare artifact حذف؛ باقی 4 فائلوں کے دم FOOT kentgenm کٹ سے صاف (بغیر artifact)"
تناسلی اعضاء (مرد) — GENITALIA MALE,گہرائی clamps (کتابی یتیم-indentation ×10),—,کتاب خود 2-مرحلہ جمپ چھاپتی ہے,"سب x-coord ثابت (genm_clamp_xcoords.json): idx20 p693 «erection, during» @128.7 (d2) مگر d1 والدین نہیں (BUBBLING d0 کے بعد سیدھا d2؛ بھائی Scrotum @92.7)؛ idx309 p699 INDURATION جوڑی (in-an-old-man + prepuce) @128.7؛ idx571 p704 «extending to testes» @164.7 (cramping d1 سے سیدھا d3)؛ idx601 p705 «burning from vesiculæ…» @164.7؛ idx607 p705 afternoon @164.7؛ idx679 p706 «end of» @164.7؛ idx766 p708 tearing-glans @164.7 (+urination,before @200.7 — کتابی سیڑھی)؛ idx834 p709 RETRACTION-prepuce @128.7؛ idx932 p712 SPOTS-granular @128.7؛ idx1001 p713 TWITCHING-glans @92.7 (یہ کتابی سطح ہی درست — MEDI-T ایک dir زیادہ) — خاندانی shift سے درخت درست، معنوی سطح محفوظ"
تناسلی اعضاء (مرد) — GENITALIA MALE,کتابی دہرائی merge,o38027,"ITCHING, Scrotum, morning",کتاب میں دو بار چھپی (p701: کرونولوجیکل سلسلہ میں coc-c + الفبائی دوبارہ carb-ac/cocc/gran — PDF L548/L554) — union 4 ادویات ایک قطار پر (KIDNEYS/BLADDER بابوں کا اصول)؛ صفر ادویہ نقصان
تناسلی اعضاء (مرد) — GENITALIA MALE,کتابی دہرائی merge,r1026,"ULCERS, Penis, painful","کتاب میں دو بار چھپی (p714: cor-r(1) + cor-r(2)/sil(2)) — union {cor-r:2, sil:2} ایک قطار پر؛ صفر ادویہ نقصان"
تناسلی اعضاء (مرد) — GENITALIA MALE,دستی J=1.00 جوڑا,o37937,"HAIR, falling of…","ایپ ہجہ «HAIR, falling of, offensive sweat, from» ← کتابی عین «HAIR, falling off, offensive sweat, from» (p698 — sulph 3=3) — راستہ کتابی ہجے پر"
تناسلی اعضاء (مرد) — GENITALIA MALE,دستی J=1.00 جوڑا,r381,"ITCHING, scratching agg. → scratching","OOREP لیبل «scratching agg.» غلط — ادویات {Iris., tril.} کتابی «ITCHING, scratching» (p700) کے عین؛ کتابی «scratching agg.» (Rhus-v.، p701) الگ قطار o38031 پر موجود"
تناسلی اعضاء (مرد) — GENITALIA MALE,مبہم OOREP یونین,o66704,SEXUAL passion (159),OOREP کا بڑا یونین برتن — کتابی خاندان ماخذی درخت پر: SEXUAL PASSION diminished/increased مین + مکمل ذیلیاں (p711-712) — PDF 1047/1053 حرف-بہ-حرف تصدیق
تناسلی اعضاء (مرد) — GENITALIA MALE,مبہم OOREP یونین,r933,SPOTS on penis (15),کتابی مین «SPOTS on penis» (Calc.، p712 @56.6) m38582 پر ماخذی درخت پر + ذیلیاں granular/red/glans/prepuce/scrotum/white اپنی ادویات کے ساتھ — r933 کے 15-یونین کی ادویات ذیلیوں میں موجود (twin h-فہرست میں چھپا)
تناسلی اعضاء (مرد) — GENITALIA MALE,مبہم OOREP توسیع,o38402,"PAIN, testes, emission, after","کتابی مختصر لیبل «after» (p702 @128.7 d2 — Kent کا run-on: emission,during کے بعد) ماخذی درخت پر نئے hN پر {mag-m, ox-ac, ph-ac:2}؛ OOREP کی توسیع «emission, after» legacy برتن"
تناسلی اعضاء (مرد) — GENITALIA MALE,مبہم OOREP کٹے راستے (6),o66680/81/88/89/92/97,PAIN … extending,"OOREP نے «extending» پر کاٹ دیا تھا — کتابی پورے راستے (extending to/through abdomen, into spermatic cord وغیرہ) ماخذی درخت پر جُڑے (o38409-412 وغیرہ) — یونین برتن legacy"
تناسلی اعضاء (مرد) — GENITALIA MALE,نئے hN (8),—,جڑ + 7 ماخذ-اکیلے,"جڑ GENITALIA MALE (d0) · «BUBBLING sensation penis, erection, during» (Kali-c.، p693 — OOREP split برتن o37679 legacy) · «ITCHING, Scrotum, scratching agg.» کو o38031 مل گیا تھا — باقی نئے: «PAIN, Testes, after» (p702) · «PAIN, sore, bruised, Testes, evening, 6 to 11 p.m.» (p707) · «PAIN, stitching, Testes, walking, while» + «, amel.» (p708 — OOREP برتن o38374/75 legacy) · «PRICKLING (See Tingling)» (p708 See-ref) · «SWELLING, Testes, suppressed gonorrhœa, from (See Inflammation)» (p713 See-ref)"
تناسلی اعضاء (مرد) — GENITALIA MALE,PDF آرٹی فاکٹ (6),—,4 فولیو-گلا + 1 لیبل-ریپ گلا,"فولیو-گلا (ہائیفن-ریپ میں folio نمبر ادویہ کے اندر): «mur1511ac» (mur-ac، ITCHING Scrotum — folio 1511) · «ol1515an» (ol-an، PAIN Testes — folio 1515) · «nit1537ac» (nit-ac، SEXUAL PASSION wanting — folio 1537) · «merc1538c» (merc-c، SWELLING Penis — folio 1538)؛ لیبل-ریپ: «attempt to satisfy, it, by every, until it drives him to onanism, and madness : Anan.» (p711 — PDF extractor نے والدین «morning» کی ادویات کی دم سے جوڑ دی؛ ماخذی درخت پر پوری قطار @128.7 d2) — سب PDF-طرفہ، ماخذ (homeoint) درست"
تناسلی اعضاء (مرد) — GENITALIA MALE,اردو ہم آہنگی,—,251 راستہ-بڑھنے والی قطاروں کے اردو جملے,نئے کتابی راستوں پر top-down دوبارہ اخذ (مثلاً «جماع، سے بیزاری، لذت غائب» ← «جماع، سے بیزاری، لذت (مزہ) غائب دھن، نہایت (شدت)») — فہرست genm_ur_refixed_keys.json
تناسلی اعضاء (مرد) — GENITALIA MALE,اردو خود-بنے (ہاتھ سے),—,7 نئی hN قطاروں کے اردو جملے,BUBBLING erection-during («…عضو کے تناؤ (ایریکشن) کے دوران») · 6 to 11 p.m. («شام، 6 سے 11 بجے») · walking-while («چلتے ہوئے») ×2 · PAIN Testes after («درد، خصیے، کے بعد») · PRICKLING («چبھن جیسی جلن») · suppressed gonorrhœa from («…سوزاک (گنوریا) سے») — ہاتھ سے لکھے (meta.auto=7)
تناسلی اعضاء (مرد) — GENITALIA MALE,اردو دستی صفائی,—,7 پرانے منقولہ جملے,2 لیبل-fallback (between-and کا منقطع «اور»؛ urination during-and-after) + 5 پرانے (amel./agg.) لاطینی مخففات والے جملے صاف — genm_ur_refix.tsv میں شامل
تناسلی اعضاء (عورت) — GENITALIA FEMALE,باب-حد,—,"NAME=""FEMALE"" اینکر (آغاز)","kent0710.htm کے اندر GENITALIA FEMALE سرخی اینکر (<p>GENITALIA <a NAME=""FEMALE"">FEMALE</a></p>) سے آغاز — اینکر غیر-P ہونے سے init_page=714؛ p714 قطاریں: جڑ GENITALIA FEMALE (d0) + ABORTION {76 ادویات} + 3 subs؛ پہلا p715 ربرک «fright, from» (انڈیکس p715 اندراج)؛ انڈیکس kentgenf.htm — 32/32 صفحہ-اندراجات (714 جڑ/715..745 — p722 اندراج «(See Acrid)» والا)"
تناسلی اعضاء (عورت) — GENITALIA FEMALE,باب-حد,—,LARYNX AND TRACHEA سرخی (اختتام),"kent0740.htm میں p745 مکمل (آخری ربرک WEAKNESS, sensation of, in region of uterus during passage of stool and urine {calc-p}) — kent0745.htm استعمال نہیں ہوئی (اس کا P745 سر = p745 ڈپ + P746 سے LARYNX باب)؛ سرحد kentlary.htm انڈیکس سے تصدیق: LARYNX AND TRACHEA (p. 746-762) کا پہلا صفحہ kent0745#P746"
تناسلی اعضاء (عورت) — GENITALIA FEMALE,ڈپ صفحات پالیسی,—,p715/720/725/730/735/740/745 اوورلیپ,سرحدی صفحات پچھلی فائل میں اصل، اگلی فائل کے آغاز پر ڈپ (skip_until سے کٹ) — ساتوں text-identical تصدیق شدہ (verify_genf_dups.py — فرق صرف اگلے nav پیراگراف کا link-text «GENITALIA FEMALE»/«LARYNX AND TRACHEA»): p715 kent0710⟷kent0715، p720 kent0715⟷kent0720، p725 kent0720⟷kent0725، p730 kent0725⟷kent0730، p735 kent0730⟷kent0735، p740 kent0735⟷kent0740، p745 kent0740⟷kent0745
تناسلی اعضاء (عورت) — GENITALIA FEMALE,فائل راستے,—,kentrep1/kentrep2 دو ڈائریاں,kent0710-0720 books/kentrep1/ میں، kent0725-0745 books/kentrep2/ میں (kentgenf.htm انڈیکس کے hrefs سے تصدیق) — kent0750 ہر جگہ 404 (استعمال نہیں ہوتی)
تناسلی اعضاء (عورت) — GENITALIA FEMALE,پارسر فکس (MEDI-T unclosed <p>),—,‏<p>MAIN : rem<dir>‏ / ‏<p>----------<dir>‏ گلو,female فائلوں میں MEDI-T پیراگراف بند نہیں کرتا: مین-قطار کے اندر <dir> (مثلاً CONGESTION، DESIRE diminished، CONSTRICTION) اور separator+<dir> گلو (‏<p>----------<dir><p>itching…‏) — پرانا flush منطق 60 قطاریں ضائع کر رہا تھا (ہر skip-سرحد صفحے کی پہلی اصل قطار بھی)؛ فکس: <p>‎ پر پچھلا پیراگراف flush + para_depth پیراگراف-آغاز پر capture (درمیانی <dir> والد کی depth نہیں بدلتا) — genm فائلوں میں یہ گلو نہیں تھا (وہیں پرانا کوڈ کافی تھا)
تناسلی اعضاء (عورت) — GENITALIA FEMALE,گہرائی clamps (×6),—,کتابی یتیم-indentation / MEDI-T اضافی <dir>,"سب x-coord ثابت (genf_clamp_xcoords.json): idx36 p715 «menses, after» @128.7 (d2-x) مگر d1 والدین نہیں — کتابی یتیم (genm idx20 BUBBLING جیسا)؛ idx87 p716 «morning» @128.7 (DESIRE diminished glued لیبل — OOREP/app بھی یہی r98-r100؛ morning/sexual-excitement کتاب میں increased سے گہرے @128.7 مگر app-level d1 بھائی)؛ idx121 p717 right @128.7 = left @128.7 (بھائی سطح — MEDI-T نے right پر ایک dir زیادہ)؛ idx172 p718 standing-agg @128.7 = walking-agg؛ idx650 p732 «amel.» @236.7 یتیم (back-amel @200.7 — d4 بھائی)؛ idx1257 p743 morning @128.7 = afternoon"
تناسلی اعضاء (عورت) — GENITALIA FEMALE,کتابی دہرائی merge,—,"PAIN, Ovaries, extending to abdomen",کتاب میں دو بار چھپی (p732+p733) — union 3 ادویات ایک قطار پر (KIDNEYS/BLADDER/GENM بابوں کا اصول)؛ صفر ادویہ نقصان
تناسلی اعضاء (عورت) — GENITALIA FEMALE,PDF آرٹی فاکٹ (9+1 drift),—,7 فولیو-گلا + 1 لیبل-ریپ + 1 gushing-swallow,"فولیو-گلا (folio نمبر ادویہ کے اندر): merc1559c (LEUCORRHŒA bloody) · coc1566c (MENSES black) · merc1567c (MENSES copious) · rhus1575t (METRORRHAGIA) · kali1603c (PAIN sore tenderness) · merci1613r (TUMORS fibroid) + 1 اضافی (girls-little علاقے کا cina.gushing:bell گلو)؛ لیبل-ریپ: «:agar» (PAIN, bearing down… — PDF نے کو لون ادویہ سے جوڑ دیا، ماخذی agar درست)؛ gushing-swallow: PDF extractor نے «gushing : Bell., cham., …» (13 ادویات) کو «girls, little : Cina.» میں نگل دیا — ماخذی درخت پر دونوں قطاریں مکمل؛ drift اسی کے بعد بازیافت — سب PDF-طرفہ، ماخذ (homeoint) درست"
تناسلی اعضاء (عورت) — GENITALIA FEMALE,مبہم OOREP یونین,r109,DESIRE (98),OOREP کا بڑا یونین برتن — کتاب میں bare DESIRE مین نہیں (کتابی عین «DESIRE diminished» glued لیبل p716)؛ مکمل خاندان ماخذی درخت پر: diminished + increased (مکمل ذیلیاں p716-717) + violent + virgins + widows — PDF 1349/1358 حرف-بہ-حرف
تناسلی اعضاء (عورت) — GENITALIA FEMALE,مبہم OOREP یونین,r430,MENSES (262),"OOREP یونین برتن — کتاب میں MENSES سیکشن «MENSES, daytime only» (p724) سے شروع ہوتا ہے، bare MENSES قطار نہیں؛ مکمل خاندان ماخذی درخت پر (daytime only + black/copious/lactation/pain/suppressed وغیرہ p724-729) — ادویات ذیلیوں میں"
تناسلی اعضاء (عورت) — GENITALIA FEMALE,مبہم OOREP یونین,o66663,CANCER (54),کتابی مینز ماخذی درخت پر: CANCER of ovaries / Uterus (scirrhus) / Vagina (p714-715) — OOREP یونین کی ادویات ذیلیوں میں محفوظ
تناسلی اعضاء (عورت) — GENITALIA FEMALE,مبہم OOREP کٹے راستے (15+),o66588/89/96، o66602/11/17/23/24/29/41/43/48/52، r782، r813,PAIN/MENSES … کٹے,"OOREP نے «extending/lying/night/walking/during» پر راستے کاٹ دیے تھے — کتابی پورے راستے ماخذی درخت پر جُڑے (مثلاً r782 «PAIN, uterus, coition, after» ← کتابی «PAIN, Uterus (See Abdomen, Pain), coition, during, after» p733) — یونین برتن legacy فائل میں"
تناسلی اعضاء (عورت) — GENITALIA FEMALE,نئے hN (22),—,جڑ + 21 ماخذ-اکیلے,"جڑ GENITALIA FEMALE (d0، p714) · COITION aversion → enjoyment absent → easy/painful/wanting (p715 — OOREP «COITION, orgasm» برتن o66565 legacy) · CONTRACTIONS Uterus during (p716) · EXCORIATION leucorrhœa-from See-ref (p718) · HEAT Vagina during (p718) · LEUCORRHŒA corrosive/excoriating See-refs (p721/722) · MOVEMENTS like a fœtus See-ref (p731) · PAIN Ovaries extending-to-abdomen ذیلیاں right/small-of-back/to-heart/uterus + to-heart (p732) · PAIN Uterus coition-during-after / stool-during-after (p733/734) · PAIN biting boring ovaries-left-menses-during / biting Uterus / burning as-if-burst (p736/737) · PROLAPSUS Vagina lifting/pregnancy/stool (p743)"
تناسلی اعضاء (عورت) — GENITALIA FEMALE,اردو ہم آہنگی,—,344 راستہ-بڑھنے والی قطاروں کے اردو جملے,"نئے کتابی راستوں پر top-down دوبارہ اخذ (مثلاً «MENSES, copious, walking agg.» ← «MENSES, daytime only, copious, walking agg.» جملہ والدین سے) — فہرست genf_ur_refixed_keys.json"
تناسلی اعضاء (عورت) — GENITALIA FEMALE,اردو خود-بنے (ہاتھ سے),—,21 نئی hN قطاروں کے اردو جملے,easy/painful/wanting («دل کی جوشی آسان/درد بھری/نہ آنا») · contractions-during («سکڑاؤ، رحم، دوران میں») · excoriation-from («کھرچاؤ، سفید پانی (لیوکوریا) سے») · heat-vagina-during · corrosive/excoriating («خوردہ (جلانے والا)»/«کھرچنے والا») · movements-like-a-fœtus («جنین جیسی حرکات») · biting-boring پورا راستہ · as-if-burst («جیسے کچھ پھٹ گیا ہو») · extending-to-abdomen ذیلیاں 4 («دائیں/کمر کے نچلے حصے تک/دل تک/رحم تک») · coition/stool during-after («جماع/پاخانہ کے دوران، بعد میں») · prolapsus Vagina 3 («اٹھانے سے/حمل کے دوران میں/پاخانہ کے دوران میں») — ہاتھ سے لکھے (meta.auto=21)
حلقوم اور سانس کی نالی — LARYNX AND TRACHEA,باب-حد,—,"NAME=""P746"" اینکر (آغاز)","kent0745.htm کے nav پیراگراف کے اندر P746 صفحہ-اینکر (<p><a HREF=""…kentlary.htm"">LARYNX AND TRACHEA</a><b><font> <a NAME=""P746"">p. 746</a></p>) سے آغاز — P-اینکر ہونے سے after_anchor=0: slot-1 = nav-text para «LARYNX and trachea» (سرخ)، slot-2 = separator، جڑ LARYNX AND TRACHEA (d0) slot-3 سے؛ p746: جڑ + ANÆSTHESIA, larynx {Kali-br.} + CANCER {5} + CATARRH {74} + morning/evening/night ذیلیاں؛ انڈیکس kentlary.htm — 17/17 صفحہ-اندراجات (صرف صفحہ-نمبر 746..762 — kentgenf جیسے rubric اندراجات نہیں)"
حلقوم اور سانس کی نالی — LARYNX AND TRACHEA,باب-حد,—,RESPIRATION سرخی اینکر (اختتام),"kent0760.htm کے اندر NAME=""RESPIRATION"" سرخی اینکر پر اختتام (<p><a NAME=""RESPIRATION"">RESPIRATION</a></p> — HREF-less heading para) — آخری ربرک WHISTLING, lying on left side {arg-n} (p762)؛ kent0765 استعمال نہیں (p763+ RESPIRATION باب)؛ kentresp.htm انڈیکس سے تصدیق: RESPIRATION کا پہلا صفحہ kent0760#RESPIRATION + P763/P764 بھی اسی فائل میں"
حلقوم اور سانس کی نالی — LARYNX AND TRACHEA,ڈپ صفحات پالیسی,—,p750/755/760 اوورلیپ,سرحدی صفحات پچھلی فائل میں اصل، اگلی فائل کے آغاز پر ڈپ (skip_until سے کٹ) — تینوں text-identical تصدیق شدہ (verify_lary_dups.py — فرق صرف اگلے nav پیراگراف کا link-text): p750 kent0745⟷kent0750، p755 kent0750⟷kent0755، p760 kent0755⟷kent0760
حلقوم اور سانس کی نالی — LARYNX AND TRACHEA,MEDI-T صفحہ-سرخی paras (17),—,ہر P-اینکر کے بعد والد-سیاق para,"ہر صفحہ-اینکر کے بعد MEDI-T اپنا والد-سیاق para ڈالتا ہے (مثلاً p751 «MUCUS, larynx»، p762 «VOICE, weak, evening in bed» — اصل مین «VOICE, barking») — کتاب میں یہ قطاریں نہیں (PDF index 1581/1651 سے تصدیق: صفحہ کا آغاز براہ راست ربرک سے)؛ after_anchor slot-1 پر skip؛ 17/17 صفحہ-سرخی سیاق ہر صفحے کی پہلی قطار کے راستے سے مطابق (parse_lary_source.py — See-ref/مخفف فرق برداشت)"
حلقوم اور سانس کی نالی — LARYNX AND TRACHEA,گہرائی clamps (×11),—,9 کتابی یتیم-indentation + 2 MEDI-T اضافی <dir>,سب x-coord ثابت (lary_clamp_xcoords.json) — 9 کتابی یتیم (x = خام سطح: کتاب خود گہری چھاپتی ہے، درمیانی والد کتاب میں بھی نہیں): idx60 p747 CRAWLING-morning @128.7 (prev CRAWLING @56.6)، idx118 p748 FOREIGN-morning @128.7، idx132 p749 INFLAMMATION-evening-agg @128.7، idx237 p751 PAIN-morning @128.7، idx358 p754 stitching-evening @164.7 (prev @92.7)، idx382 p755 PHTHISIS-short-hacking @128.7، idx445 p756 SWOLLEN-evening @128.7، idx454 p757 TICKLING-daytime @128.7، idx583 p760 VOICE-walking-amel @200.7 (بھائی against-the-wind @164.7)؛ 2 MEDI-T اضافی <dir> (x = fixed سطح: کتاب اتلی): idx368 p755 swallowing-when @164.7 (raw d5→d3)، idx426 p756 SENSITIVE-morning @92.7 (raw d2→d1)
حلقوم اور سانس کی نالی — LARYNX AND TRACHEA,کتابی دہرائی,—,کوئی نہیں,دوہرے راستے = 0 (parser تصدیق) — genf/genm کے برعکس کوئی کتابی دہرائی جوڑی نہیں
حلقوم اور سانس کی نالی — LARYNX AND TRACHEA,PDF آرٹی فاکٹ (2),—,2 فولیو-گلا,"فولیو-گلا (folio نمبر صفحہ-اختتام کی ہائیفن-ورپ ادویہ کے اندر): ferr1642ar (VOICE, barking, hoarseness — «Ferr-ar.» صفحہ-اختتام پر «Ferr-» + folio 1642 + اگلا صفحہ «ar.») · ox1648ac (VOICE, barking, rough — «Ox-ac.» + folio 1648) — دونوں PDF-طرفہ، homeoint پر مکمل ادویہ؛ 665/667 حرف-بہ-حرف + صفر drift/دونوں-طرفہ باقیات"
حلقوم اور سانس کی نالی — LARYNX AND TRACHEA,دستی J=1.00 جوڑے (9),—,OOREP لیبل-فرق، ادویات عین,"وقت-فارمیٹ: o45443 (DRYNESS larynx night «2 p.m. to 3 p.m.» ← کتابی «2 to 3 p.m.» Kali-c.2 p748) · o45589 (PAIN burning trachea «6 p.m. to 8 p.m.» ← «6 to 8 p.m.» Thuj.1 p753) · o45788 (TICKLING afternoon «3 p.m. to 4 p.m.» ← «3 to 4 p.m.» Calc-f.1 p757)؛ agg.-لاحقہ (OOREP bare modality پر agg. لگاتا ہے — genm r381 اصول): o45364 (CONSTRICTION air-open-in agg. ← bare Hep.2/Kali-c.1 p746) · o45804 (TICKLING lying-while agg. ← bare 4 ادویہ p757) · o45859 (VOICE hoarseness air-open-in agg. ← کتابی air, cold, open, in Bry./Mang.3/Nux-m.2 p759) · o45910 (VOICE walking-in-open-air agg. ← bare 5 ادویہ p760)؛ extending-سیگمنٹ (OOREP نے «extending» ڈالا — کتاب میں نہیں): o45689 (PAIN stitching extending pharynx-to ← بغیر extending Dros.1 p755) · o45690 (…extending vertex ← بغیر Arg-m.1 p755)"
حلقوم اور سانس کی نالی — LARYNX AND TRACHEA,مبہم OOREP یونین,r166/r206/r334/r497,IRRITATION 184 · MUCUS 134 · PAIN rawness 110 · TICKLING 192,"OOREP کے بڑے یونین برتن — کتابی مینز ماخذی درخت پر: «IRRITATION in air passages» (p750) · «MUCUS in the air passages» (p750 — Larynx 99 ادویہ) · «PAIN, larynx, rawness in air passages» (p754) · «TICKLING in the air passages» (p757) — ادویات مینز/ذیلیوں میں محفوظ، PDF 665/667 حرف-بہ-حرف"
حلقوم اور سانس کی نالی — LARYNX AND TRACHEA,مبہم OOREP کٹے راستے (36+),o67290/67293/67302/67310/67313/67316/67320/67324/67329 وغیرہ,CRAWLING/ITCHING/PHTHISIS/RATTLING/VOICE … کٹے,"OOREP نے والد-سیاق پر راستے کاٹ دیے تھے (مثلاً o67310 «PAIN, stitching, larynx, extending» — کتابی پورے extending راستے: to ear/pharynx-to/vertex ماخذی درخت پر) — یونین برتن legacy فائل میں محفوظ"
حلقوم اور سانس کی نالی — LARYNX AND TRACHEA,نئے hN (1),—,جڑ LARYNX AND TRACHEA,جڑ LARYNX AND TRACHEA (d0، p746، بے-ادویات) — h001؛ باقی تمام 667 ماخذی قطاریں موجودہ ایپ ریکارڈوں سے جُڑیں (655 لالچی + 9 دستی + 3 فال بیک) — genf (22 hN)/genm (8 hN) کے برعکس LARYNX میں OOREP نے کوئی ماخذ-اکیلا ربرک نہیں چھوڑا
حلقوم اور سانس کی نالی — LARYNX AND TRACHEA,اردو ہم آہنگی,—,307 راستہ-بڑھنے والی قطاروں کے اردو جملے,"نئے کتابی راستوں پر top-down دوبارہ اخذ (مثلاً «CONSTRICTION, larynx, cough, during» ← والد «جکڑن، حلقوم» + «کھانسی») + نئے fallback «from» → «سے» — فہرست lary_ur_refixed_keys.json"
حلقوم اور سانس کی نالی — LARYNX AND TRACHEA,اردو dedup + نقل,—,45 لگاتار-دوہرے سیگمنٹ سکڑے؛ 667 پرانے جملے منتقل؛ صفر auto,legacy جملوں کی وراثی دوہرائی («شام، شام» — پرانی فائل میں 66 واقعات) درخت کی 668 کلیدوں پر مکانیکی سکڑاؤ (lary_ur_dedup.tsv)؛ تمام 667 جُڑے ریکارڈوں کے پرانے جملے برقرار؛ کوئی خود-بنا جملہ نہیں (meta.auto=[]) — لاطینی صرف amel./agg. (21 جملے)
سانس — RESPIRATION,باب-حد,—,RESPIRATION سرخی اینکر (آغاز),"kent0760.htm کے اندر NAME=""RESPIRATION"" سرخی اینکر سے آغاز (<p><a NAME=""RESPIRATION"">RESPIRATION</a></p> — HREF-less heading para؛ non-P-اینکر → init_page=762)؛ نئی میکانزم drop_cut_para: سرخی-para خود skip (separator JUNK، جڑ RESPIRATION d0 bare-para سے)؛ p762: جڑ + ABDOMINAL {12} + ACCELERATED {120} + ذیلیاں + ANXIOUS {82}؛ انڈیکس kentresp.htm — 15 صفحہ-اندراجات P763..P777 (rubric-طرز) + جڑ صفحہ p762"
سانس — RESPIRATION,باب-حد,—,"NAME=""P778"" COUGH P-اینکر (اختتام)","kent0775.htm کے اندر NAME=""P778"" اینکر پر اختتام (COUGH nav para — <p><a HREF=""…kentcoug.htm"">COUGH</a><b><font> <a NAME=""P778"">p. 778</a></p>) — آخری ربرک WHISTLING, whooping cough, in {6 ادویہ} (p777)؛ kent0780 استعمال نہیں؛ kentcoug.htm انڈیکس سے تصدیق: COUGH پہلا صفحہ kent0775#P778"
سانس — RESPIRATION,ڈپ صفحات پالیسی,—,p765/770/775 اوورلیپ,سرحدی صفحات پچھلی فائل میں اصل، اگلی فائل کے آغاز پر ڈپ (skip_until سے کٹ) — تینوں text-identical تصدیق شدہ (verify_resp_dups.py — فرق صرف اگلے nav پیراگراف کا link-text): p765 kent0760⟷kent0765، p770 kent0765⟷kent0770، p775 kent0770⟷kent0775
سانس — RESPIRATION,MEDI-T صفحہ-سرخی paras (15),—,ہر P-اینکر کے بعد والد-سیاق para,"ہر صفحہ-اینکر کے بعد MEDI-T اپنا والد-سیاق para ڈالتا ہے (مثلاً p763 «ANXIOUS, morning»، p764 «ASTHMATIC, morning»، p770 «DIFFICULT, lying, amel.» — والد پچھلے صفحے پر ہوتا ہے) — کتاب میں یہ قطاریں نہیں (PDF index 1685–1719 سے تصدیق)؛ after_anchor سے skip؛ 15/15 صفحہ-سرخی سیاق ہر صفحے کی پہلی قطار کے راستے سے مطابق (parse_resp_source.py)"
سانس — RESPIRATION,گہرائی clamp (×1),—,1 کتابی یتیم-indentation,x-coord ثابت (resp_clamp_xcoords.json) — idx357 p770 «amel. : Alum.» @200.7 = خام سطح (raw d4→fixed d3؛ prev on-the-side @128.7 / next right-side @164.7) — کتاب خود گہری چھاپتی ہے، درمیانی والد کتاب میں بھی نہیں؛ lary کے 11 clamps کے برعکس RESPIRATION میں MEDI-T اضافی <dir> کی کوئی مثال نہیں
سانس — RESPIRATION,کتابی دہرائی,—,کوئی نہیں,دوہرے راستے = 0 (parser تصدیق) — کوئی کتابی دہرائی جوڑی نہیں
سانس — RESPIRATION,PDF آرٹی فاکٹ (2 واقعات),—,1 فولیو-گلا + 1 لیبل-ورپ,"فولیو-گلا: kali1662s (DIFFICULT, evening — «Kali-s.» صفحہ-اختتام پر «kali» + folio 1662 + اگلا صفحہ «s.» — p767)؛ لیبل-ورپ: کتابی ربرک «handkerchief, cannot bear to have, approach the mouth as it will cause dyspnœa : Arg-n., Lach.» (p769) — PDF extractor میں اگلی قطار (fright, after) کی ادویات میں گلا — drift 1 قطار؛ دونوں PDF-طرفہ، homeoint پر مکمل؛ 694/696 حرف-بہ-حرف + صفر homeoint-طرفہ فرق/دونوں-طرفہ باقیات"
سانس — RESPIRATION,دستی J=1.00 جوڑے (22),—,OOREP لیبل-فرق، ادویات عین,"وقت-فارمیٹ (8): o54699 (ASTHMATIC forenoon «10 a.m. to 11 a.m.» ← کتابی «10 to 11 a.m.» Ferr.2 p764) · o54724 (night «4 a.m. to 5 a.m.» ← «4 to 5 a.m.» 2 ادویہ p764) · o54797/o54800 (afternoon «5 p.m. to 7 p.m.»/«6 p.m. to 9 p.m.» ← «5 to 7»/«6 to 9» p767) · o54942/o54943/o54949 (night «1 a.m. to 2 a.m.»/«1 a.m. to 4 a.m.»/«2 a.m. to 3 a.m.» ← «1 to 2»/«1 to 4»/«2 to 3» + during-سیگمنٹ p768) · o54970 (palpitation «11 p.m. to 3 a.m.» ← «11 to 3 a.m.» p770)؛ agg.-لاحقہ (11 — OOREP bare modality پر agg. لگاتا ہے، کتابی قطار bare): o54634 (ARRESTED lying-while 4 ادویہ p763) · o54855/o54980/o54985/o55063 (eating/reading/riding/writing-while) · o54931 (morning-rising-after 4) · o54995 (sitting-bent-forwards 3) · o55018 (stool-during 3) · o54954 (night-bed-in 5) · o55097 (impeded lying-on-the-back 3) · o54815/o54817 (bending backward/forward — بازو-جھکانے کے نیچے)؛ دوران-نیند (1): o55205 (SLOW «expiration, during sleep» ← کتابی bare «during sleep» Chin./Ign. p775)"
سانس — RESPIRATION,مبہم OOREP یونین (8),o68029/o68031/o68036/o68049/r329/o68053/o68067/o68075,ASTHMATIC alternating 14 · cold 18 · DIFFICULT alternating 4 · heart-during 12 · lying 110 · lying-on 38 · sitting-bent 9 · warm 24,"OOREP کے بڑے یونین برتن — کتابی مینز/ذیلیاں ماخذی درخت پر: «alternating with eruptions» (p764) · «cold, from taking»+«cold air agg.» (p764) · «heart, during pain in» (p769) · «lying, while» (79) + on-the-back/on-the-side خاندان (p770) · «sitting, bent backwards»+«…forwards» (p771) · «warm bath» خاندان (p772) — ادویات مینز/ذیلیوں میں محفوظ، PDF 694/696 حرف-بہ-حرف"
سانس — RESPIRATION,OOREP bare/agg برتن (54+2),"o68079 (IMPEDED 112) · r233 (DIFFICULT, night 103) · o68035 (air 49) · o54860 (evening agg. 61) · o55040 (walking agg. 65) وغیرہ",bare والد کتاب میں نہیں یا agg-یونین دہرائی,"OOREP bare والد-برتن (کتاب میں صرف مستند ذیلیاں: IMPEDED → کتابی «IMPEDED, obstructed» d0 مین 82 · night → کتابی «night, during» 94)؛ agg-یونین دہرائیاں (کتابی قطار دوسرے ریکارڈ سے جُڑی: evening 54=r218 · bed-in 20=o68047 · on-the-back 18=r333 · motion 40=r355 · sitting 25=r389 · walking 57=r438)؛ 2 خالی m-کنٹینر (INTERMITTENT/VEHEMENT) — سب legacy فائل میں محفوظ"
سانس — RESPIRATION,نئے hN (1),—,جڑ RESPIRATION,جڑ RESPIRATION (d0، p762، بے-ادویات) — h001؛ باقی تمام 697 ماخذی قطاریں موجودہ ایپ ریکارڈوں سے جُڑیں (668 لالچی + 22 دستی + 7 فال بیک) — 22 دستی جوڑوں سے hN امیدوار (22 کتابی ربرک جو OOREP میں لیبل-فرق سے غائب تھے) ایپ ریکارڈوں سے جُڑے
سانس — RESPIRATION,اردو ہم آہنگی,—,142 راستہ-بڑھنے والی قطاروں کے اردو جملے,"نئے کتابی راستوں پر top-down دوبارہ اخذ (مثلاً «ACCELERATED, sleep, during, on awaking from» ← والد «نیند کے دوران» + «جاگنے پر») + وقت-فارمیٹ اصول «1 to 2 a.m.» → «1 سے 2 بجے» + فنکشن-الفاظ (after/during/before/while/from) سیاقی fallback — فہرست resp_ur_refixed_keys.json"
سانس — RESPIRATION,اردو دستی + نقل,—,5 ہاتھ-لکھے؛ 697 پرانے جملے منتقل؛ صفر auto,ہاتھ-لکھے (resp_ur_hand.tsv): against-the-wind «ہوا کے خلاف» (lary اصول) · going-to-sleep «سوتے ہوئے» ×2 · slow-during-sleep مختصر «نیند کے دوران» · does-not-agg «بگاڑ نہیں ہوتا»؛ تمام 697 جُڑے ریکارڈوں کے پرانے جملے برقرار (22 دستی جوڑوں سمیت — وقت-فارمیٹ پرانے «10 سے 11 بجے» انداز میں)؛ کوئی خود-بنا جملہ نہیں (meta.auto=[]) — لاطینی صرف amel./agg. (28 جملے)؛ «بگاڑ» بغیر agg.-سیگمنٹ والے راستوں پر پرانی فائل کا اپنا اصول (دوہری کلیدوں پر عین ایک جیسا جملہ — محفوظ منتقلی)
کھانسی — COUGH,باب-حد,—,"NAME=""P778"" COUGH P-اینکر (آغاز)","kent0775.htm کے اندر NAME=""P778"" P-اینکر سے آغاز (nav para کے اندر — <p><a HREF=""…kentcoug.htm"">COUGH</a><b><font> <a NAME=""P778"">p. 778</a></p>)؛ after_anchor میکانزم: slot-1 nav-text para + slot-2 سرخ «COUGH» عنوان-دہرائی para skip، separator JUNK، جڑ COUGH d0 slot-4 سے؛ p778: جڑ + DAYTIME {69} + ذیلیاں + MORNING {147} (MORNING کی ذیلیاں p779 پر)؛ انڈیکس kentcoug.htm — 35 rubric اندراجات = جڑ صفحہ p778 + P779..P811"
کھانسی — COUGH,باب-حد,—,"NAME=""P812"" EXPECTORATION P-اینکر (اختتام)","kent0810.htm کے اندر NAME=""P812"" اینکر پر اختتام (EXPECTORATION nav para) — آخری ربرک and coughing consecutively {Ant-t., nat-m.} (YAWNING ذیلی، p811)؛ kent0815 استعمال نہیں؛ یاد رہے: «EXPECTORATION amel.» جائز COUGH ربرک ہے (کھانسی کا بلغم سے آرام — p790)"
کھانسی — COUGH,ڈپ صفحات پالیسی,—,p780/785/790/795/800/805/810 اوورلیپ,سرحدی صفحات پچھلی فائل میں اصل، اگلی فائل کے آغاز پر ڈپ (skip_until سے کٹ) — ساتوں text-identical تصدیق شدہ (verify_cough_dups.py — فرق صرف اگلے nav پیراگراف کا link-text): p780 kent0775⟷kent0780، p785 kent0780⟷kent0785، p790 kent0785⟷kent0790، p795 kent0790⟷kent0795، p800 kent0795⟷kent0800، p805 kent0800⟷kent0805، p810 kent0805⟷kent0810
کھانسی — COUGH,MEDI-T صفحہ-سرخی paras (33) + سرخ جڑ-عنوان,—,ہر P-اینکر کے بعد والد-سیاق para,"ہر صفحہ-اینکر کے بعد MEDI-T اپنا والد-سیاق para ڈالتا ہے (مثلاً p779 «MORNING, 6 a.m.»، p780 «EVENING, bed, in»، p811 «WHOOPING, daytime» — والد پچھلے صفحے پر ہوتا ہے) — کتاب میں یہ قطاریں نہیں (PDF index 1720–1793 سے تصدیق)؛ after_anchor سے skip؛ 33/33 صفحہ-سرخی سیاق ہر صفحے کی پہلی قطار کے راستے سے مطابق؛ p778 کی slot-2 سرخ «COUGH» para (باب-عنوان دہرائی) بھی skip (parse_cough_source.py)"
کھانسی — COUGH,گہرائی clamps (×8),—,8 کتابی یتیم-indentation,سب x-coord ثابت (cough_clamp_xcoords.json) — x = خام سطح (کتاب خود گہری چھاپتی ہے): idx111 p781 «before» @164.7 (raw d3→d2؛ prev midnight @92.7 / next 10 p.m. @128.7) · idx190 p783 «forward agg.» @128.7 (d2→d1) · idx433 p788 «loose after eating» @164.7 (d3→d2) · idx597 p792 «amel.» @164.7 (d3→d2) · idx730 p795 «extending through trachea to tip of nose» @128.7 (d2→d1) · idx810 p797 «daytime» @128.7 (d2→d1) · idx816 p797 «daytime» @128.7 (d2→d1) · idx1079 p803 «wakens» @200.7 (d4→d3) — RESPIRATION کی طرح MEDI-T اضافی <dir> کی کوئی مثال نہیں
کھانسی — COUGH,کتابی دہرائی,—,کوئی نہیں,دوہرے راستے = 0 (parser تصدیق) — کوئی کتابی دہرائی جوڑی نہیں
کھانسی — COUGH,PDF آرٹی فاکٹ (15 واقعات / 25 قطاریں),—,10 لیبل-ورپ جوڑے + 4 فولیو-گلا + 1 جذب,"لیبل-ورپ جوڑے (PDF wrapped اگلا لیبل پچھلے ریکارڈ کی ادویات میں — ہر جوڑے میں 1 ادویہ-فرق + 1 fallback): raph.11a.m / apis.about / staph.withsopor / med.first / cina.spasmodic / stram.frightensthem / verb.crowing / crott.face / tarax.sensation / lactac.springsup؛ فولیو-گلا (ادویہ-نام کے اندر folio نمبر): rhus1696t (BREATHING deep) · ph1705ac (DRY evening) · carb1718s (HOARSE) · rhus1735t (RACKING)؛ جذب: OVERPOWERING, as if larynx were tickled… (p798) — colon اپنی سطر پر، PDF extractor نے پورا ربرک OVERHEATING (See Heated) کی ادویات میں ڈالا — drift 1 قطار؛ سب PDF-طرفہ، homeoint پر مکمل؛ 1428/1454 حرف-بہ-حرف + صفر homeoint-طرفہ فرق/دونوں-طرفہ باقیات"
کھانسی — COUGH,دستی J=1.00 جوڑے (71),—,OOREP لیبل-فرق، ادویات عین,وقت-فارمیٹ (48): OOREP «X a.m. to Y a.m.» ← کتابی «X to Y a.m.» — AFTERNOON (o11318/11322/11323/11324/11326/11327/11328/11331)، EVENING (o11693/11694/11698/11699/11701/11704/11705/11708)، FORENOON (o11762/11767/11768/11769)، MORNING (o12044/12045/12047/12049)، NIGHT (o12083/12084/12086/12089/12094/12095/12096/12097/12098/12099/12101/12104/12105)، HACKING o11790، SERIES o12322، SUFFOCATIVE o12511، TICKLING o12581، HOARSE o11865، DRY o11632، PAROXYSMAL o12153/o12193، STICKING o12470 (chest-سیگمنٹ ساقط)؛ agg.-لاحقہ (19 — genm r381 اصول): o11365/o11562/o11622/o11654/o11792/o11828/o11994/o12168/o12377/o12382/o12398/o12399/o12400/o12405/o12418/o12529/o12649/o11367/o11478؛ OOREP لیبل-خرابیاں (4 — PDF حرف-بہ-حرف کتاب کی تصدیق): o11611/o11612 (measles→menses) · o11543 (from cold→open air)؛ اضافی سیاق (2): o12494 (morning گھسایا) · o12587 (night گھسایا)؛ MULTI والدینی حل (7 جوڑے): o11693⟷o12671، o11699⟷o11701، o12047⟷o12049، o11331⟷o12153، o12084⟷o12470، o12097⟷o12193، o12099⟷o11865
کھانسی — COUGH,مبہم OOREP یونین (30),r688 (IRRITATION 189) · r780 (LYING 137) · o65267 (MOTION 78) · o65208 (COLD 64) · o65227 (DRY lying 32) · o65213 (DAYTIME only-or 3) · r56 (AFTERNOON 1 p.m. 3) · r1192 (STANDING agg. 11) · o65201/o65254/o65272/o65297/o65300/o65301/o65233/o65234/o65289/o65295 وغیرہ,OOREP یونین/برتن — کتابی راستے ماخذی درخت پر,"OOREP کے بڑے یونین برتن — کتابی مینز/ذیلیاں ماخذی درخت پر: IRRITATION مین 60 (d0 — نئے hN، p794) + larynx/trachea/uvula ذیلیاں · LYING agg. 100 (p796) + bed/face/evening خاندان · MOTION/ITCHING/PAROXYSMAL-constituting ذیلی خاندان · DAYTIME, only + or-cough-wakens (p778) · AFTERNOON 1 p.m. (Nat-s. نئے hN) + 1 to 2 p.m. (Puls. o11318 دستی) — ادویات مینز/ذیلیوں میں محفوظ، PDF 1428/1454 حرف-بہ-حرف"
کھانسی — COUGH,OOREP bare/agg برتن + خالی m (126+98),o12041 (MORNING agg. 155) · o11485 (DAYTIME agg. 82) · o12108 (NIGHT-midnight-after agg. 45) · o11387 (BREATHING deep agg. 68) · r151 (AIR 113) · o65304 (WARM 61) وغیرہ + 126 خالی m-کنٹینر,bare والد کتاب میں نہیں یا agg-یونین دہرائی,"OOREP bare والد-برتن (کتاب میں صرف مستند ذیلیاں: AIR → کتابی «AIR, damp cold/close/open» خاندان p782 · LYING → کتابی «LYING agg.» مین p796 · SITTING → کتابی «SITTING, while» مین p804)؛ agg-یونین دہرائیاں (کتابی قطار دوسرے ریکارڈ سے جُڑی: MORNING 147-مین · DAYTIME 69-مین · motion-on o11622 · sitting-while o11654 وغیرہ)؛ 126 خالی m-کنٹینر (BATHING/BENDING/COFFEE/SMOKING/TEA وغیرہ — مبہم 12 ان میں) — سب legacy فائل میں محفوظ"
کھانسی — COUGH,نئے hN (6),—,جڑ + 2 کتابی مین + 3 See-ref,"جڑ COUGH (d0، p778، بے-ادویات) · AFTERNOON, 1 p.m. (Nat-s. — OOREP 3-یونین r56 legacy) · IRRITATION in air passages, from (60 ادویہ — OOREP 189-یونین r688 legacy) · COAL (See Carbon) p783 · HARASSING (See Teasing) p792 · SHATTERING (See Racking) p802 — باقی تمام 1449 ماخذی قطاریں موجودہ ایپ ریکارڈوں سے جُڑیں (1371 لالچی + 71 دستی + 7 فال بیک)"
کھانسی — COUGH,اردو ہم آہنگی,—,230 راستہ-بڑھنے والی قطاروں کے اردو جملے,"نئے کتابی راستوں پر top-down دوبارہ اخذ (مثلاً «NIGHT, midnight, after, 1 to 2 a.m.» ← والد «رات، آدھی رات کے بعد» + «1 سے 2 بجے») + وقت-فارمیٹ اصول «X to Y a.m.» → «X سے Y بجے» + فنکشن-الفاظ fallback — فہرست cough_ur_refixed_keys.json"
کھانسی — COUGH,اردو دستی + نقل,—,15 ہاتھ-لکھے؛ 1449 پرانے جملے منتقل؛ 5 auto,ہاتھ-لکھے (cough_ur_hand.tsv): 12 وقت-فارمیٹ پرانی روایت («2 بجے اور 2.30 بجے» · «10.30 بجے» · «11 سے 12 بجے» · «رات 4 بجے تک» · «ہر نیند کے بعد») · IRRITATION-والد «سانس کی نالیوں میں خراش، اُس سے» (لاطینی from کی جگہ) · AFTERNOON 1 p.m. «سہ پہر، 1 بجے»؛ 1449 جُڑے ریکارڈوں کے پرانے جملے برقرار (71 دستی جوڑوں سمیت)؛ 5 لغت خود-بنے (جڑ «کھانسی — کھانسی» ہاتھ سے + coal/harassing/shattering/irritation — 2 کی ہاتھ اصلاح) — لاطینی صرف amel./agg. (47 جملے)
بلغم — EXPECTORATION,باب-حد,—,"NAME=""P812"" EXPECTORATION P-اینکر (آغاز)","kent0810.htm کے اندر NAME=""P812"" P-اینکر سے آغاز (nav para کے اندر — <p><a HREF=""…kentexpe.htm"">EXPECTORATION</a><b><font> <a NAME=""P812"">p. 812</a></p>)؛ after_anchor میکانزم: slot-1 nav-text para + slot-2 سرخ «EXPECTORATION» عنوان-دہرائی para skip، separator JUNK، جڑ EXPECTORATION d0 slot-4 سے (سرخی para <a NAME=""expectoration"">EXPECTORATION</a>)؛ p812: جڑ + DAYTIME only {61} + MORNING {104} (MORNING کی ذیلیاں بھی p812 ہی پر)؛ انڈیکس kentexpe.htm — 11 صفحہ-اندراجات = جڑ صفحہ p812 + P813..P821"
بلغم — EXPECTORATION,باب-حد,—,"NAME=""P822"" CHEST P-اینکر (اختتام)","kent0820.htm کے اندر NAME=""P822"" اینکر پر اختتام (CHEST nav para — HREF kentches.htm) — آخری ربرک orange colored {Kali-c., phos., puls.} (YELLOW ذیلی، p821)؛ FOOT regex میں kentches.htm شامل کیا گیا (فائل-دم کٹ)"
بلغم — EXPECTORATION,ڈپ صفحات پالیسی,—,p815/p820 اوورلیپ,سرحدی صفحات پچھلی فائل میں اصل، اگلی فائل کے آغاز پر ڈپ (skip_until سے کٹ) — دونوں text-identical تصدیق شدہ (verify_expectoration_dups.py — فرق صرف اگلے nav پیراگراف کا link-text): p815 kent0810⟷kent0815، p820 kent0815⟷kent0820
بلغم — EXPECTORATION,MEDI-T صفحہ-سرخی paras (10) + سرخ جڑ-عنوان,—,ہر P-اینکر کے بعد والد-سیاق para,"ہر صفحہ-اینکر کے بعد MEDI-T اپنا والد-سیاق para ڈالتا ہے (مثلاً p813 «BALLS, in shape of»، p815 «COPIOUS, paroxysmal cough, after each»، p821 «WHITE, albuminous» — والد پچھلے صفحے پر ہوتا ہے) — کتاب میں یہ قطاریں نہیں (PDF index 1794–1812 سے تصدیق)؛ after_anchor سے skip؛ 10/10 صفحہ-سرخی سیاق ہر صفحے کی پہلی قطار کے راستے سے مطابق؛ p812 کی slot-2 سرخ «EXPECTORATION» para (باب-عنوان دہرائی) بھی skip (parse_expectoration_source.py)"
بلغم — EXPECTORATION,گہرائی clamps,—,کوئی نہیں (صفر),خاندانی shift = 0 — گہرائی分布 115 d0 / 176 d1 / 49 d2 مکمل صاف (اب تک کا واحد باب جس میں نہ کوئی clamp ہو اور نہ کتابی دہرائی — URETHRA/PROSTATE کے بعد تیسرا صفر-clamp باب مگر یہاں دہرائی بھی صفر)
بلغم — EXPECTORATION,کتابی دہرائی,—,کوئی نہیں,دوہرے راستے = 0 (parser تصدیق) — کوئی کتابی دہرائی جوڑی نہیں
بلغم — EXPECTORATION,PDF alignment,—,339/339 حرف-بہ-حرف — صفر آرٹیفیکٹ,مکمل مطابقت: 339/339 ریکارڈ حرف-بہ-حرف عین — صفر ادویہ-فرق، صفر drift، صفر دونوں-طرفہ باقیات (verify_pdf_expectoration.py — کتابی ص 812-821، PDF index 1794–1812) — اب تک کا صاف ترین باب (کوئی لیبل-ورپ نہیں، کوئی فولیو-گلا نہیں)
بلغم — EXPECTORATION,دستی J=1.00 جوڑے (7),—,OOREP لیبل-فرق، ادویات عین,"وقت-فارمیٹ (6 — lary/resp/cough اصول): OOREP «X a.m. to Y a.m.» ← کتابی «X to Y a.m.» — o14730 (MORNING, 8 to 9 a.m. — Sil.) · o14764 (NOON, 12 to 3 p.m.) · o14709 (GREENISH, morning, 7 to 10 a.m.) · o14749 (MUCOUS, morning, 8 to 9 a.m.) · o14883 (YELLOW, morning, 7 to 10 a.m.) · o14879 (YELLOW, afternoon, 12 to 3 p.m.)؛ ہائیفن-کیس (1): o14795 (SLATE-COLORED ← کتابی SLATE colored — PDF حرف-بہ-حرف کتاب کی تصدیق، Kali-bi./Nat-a.)؛ نوٹ: o65415 «BALLS»/o65416 «BED»/o14570 «AIR, open agg.» — ادویات عین مگر ماخذ قطار پہلے stage-1 میں اصل ایپ قطاروں (r35/r39) اور جڑواں برتن o65414 سے جُڑ چکی — تینوں برتن legacy"
بلغم — EXPECTORATION,مبہم OOREP یونین (2) + برتن (12),o65412 (AIR 11-یونین) · o65421 (ODOR 79-یونین) · r76 (BLOODY 173) · r268 (TASTE 148) · o65424 (TASTE-eggs 18) · o65418 (BLOODY-menses 13) · o65419 (MORNING-rising 9) · o65415 (BALLS 10) · o65423 (TASTE-cheese 7) · o14570 (AIR-open-agg 7) · o65416 (BED 5) · o65425 (WALKING 6) · o14567 (AIR-cold-agg 3 جزوی),OOREP یونین/برتن — کتابی راستے ماخذی درخت پر,OOREP کے بڑے یونین برتن — کتابی مینز/ذیلیاں ماخذی درخت پر: AIR agg. مین 7 (p812) + cold/wind/open خاندان · ODOR of an old catarrh مین 7 (p817) + offensive 67/fetid 26 ذیلیاں · BLOODY-spitting مین 153 (p813) + مکمل ذیلی خاندان · TASTE of almonds مین + 48 ذیلیاں (p818–819) — ادویات مینز/ذیلیوں میں محفوظ، PDF 339/339 حرف-بہ-حرف + 26 خالی m-کنٹینر (BALL/BATTER/BILIOUS/BREAKFAST/HOUSE/LIQUIDS/SKIN/STARCH وغیرہ)
بلغم — EXPECTORATION,نئے hN (1),—,جڑ EXPECTORATION,"جڑ EXPECTORATION (d0، p812، بے-ادویات — سرخی-para <a NAME=""expectoration""> سے) — باقی تمام 339 ماخذی قطاریں موجودہ ایپ ریکارڈوں سے جُڑیں (332 لالچی + 7 دستی + 0 فال بیک) — اب تک کا بہترین میچ تناسب"
بلغم — EXPECTORATION,اردو ہم آہنگی,—,99 راستہ-بڑھنے والی قطاروں کے اردو جملے,نئے کتابی راستوں پر top-down دوبارہ اخذ: BLOODY خاندان (~44) — «خون آلود» کے بعد «خون تھوکنے کے ساتھ» درج (پرانے جملے سے سیگمنٹ-دارج — پرانے انداز 100%) · BALLS (2) — «شکل میں» درج · BED (1) — «بستر میں، اٹھ کر بیٹھنے پر» · TASTE خاندان (49) — والد «بادام جیسا» سے ہم آہنگ refix · 2 menses استثنا ہاتھ-لکھے («حیض سے پہلے، دوران میں» طرز) + morning-rising-on-after/night-midnight refix — فہرست expectoration_ur_refixed_keys.json + expectoration_ur_hand.tsv
بلغم — EXPECTORATION,اردو دستی + نقل,—,49 ہاتھ-اخذ؛ 339 پرانے جملے منتقل؛ صفر auto,ہاتھ-اخذ (expectoration_ur_hand.tsv): BLOODY/BALLS/BED خاندان 49 جملے پرانے جملوں سے سیگمنٹ-دارج؛ 339 جُڑے ریکارڈوں کے پرانے جملے برقرار (7 دستی جوڑوں سمیت)؛ جڑ «بلغم — بلغم» ہاتھ سے؛ 3 ہم جنس لگاتار سیگمنٹ سکڑے («صبح، صبح» طرز — dedup)؛ 163 پرانی non-tree کلیدیں محفوظ (فائل 503) — لاطینی صفر (اب تک کا سب سے صاف باب)
سینہ — CHEST,باب-حد,—,"NAME=""P822"" CHEST P-اینکر (آغاز)","kent0820.htm کے اندر NAME=""P822"" P-اینکر سے آغاز (nav para کے اندر — <p><a HREF=""…kentches.htm"">CHEST</a><b><font> <a NAME=""P822"">p. 822</a></p>)؛ after_anchor میکانزم: slot-1 nav-text para + slot-2 سرخ «CHEST» عنوان-دہرائی para skip، separator JUNK، جڑ CHEST d0 slot-4 سے؛ p822: جڑ + ABSCESS {Axilla 28/Lungs 21/Mammæ 18}؛ انڈیکس kentches.htm — 62 صفحہ-اندراجات = جڑ صفحہ p822 + P823..P883"
سینہ — CHEST,باب-حد,—,"NAME=""P884"" BACK P-اینکر (اختتام)","kent0880.htm کے اندر NAME=""P884"" اینکر پر اختتام (BACK nav para — HREF kentback.htm) — آخری ربرک WINE, agg. {bor.} (p883)؛ FOOT regex میں kentback.htm شامل کیا گیا (فائل-دم کٹ)؛ kent0885 استعمال نہیں"
سینہ — CHEST,ڈپ صفحات پالیسی,—,12 سرحدی صفحات p825/830/835/840/845/850/855/860/865/870/875/880,سرحدی صفحات پچھلی فائل میں اصل، اگلی فائل کے آغاز پر ڈپ (skip_until سے کٹ) — بارہوں text-identical تصدیق شدہ (verify_chest_dups.py — فرق صرف اگلے nav پیراگراف کا link-text)
سینہ — CHEST,MEDI-T صفحہ-سرخی paras (62) + سرخ جڑ-عنوان,—,ہر P-اینکر کے بعد والد-سیاق para,"ہر صفحہ-اینکر کے بعد MEDI-T اپنا والد-سیاق para ڈالتا ہے (مثلاً p823 «ANXIETY, evening (agg.)»، p834 «HÆMORRHAGE…»، p883 «WEAKNESS, heart…» — والد پچھلے صفحے پر ہوتا ہے) — کتاب میں یہ قطاریں نہیں (PDF index 1813–1951 سے تصدیق)؛ after_anchor سے skip؛ 62/62 صفحہ-سرخی سیاق ہر صفحے کی پہلی قطار کے راستے سے مطابق؛ p822 کی slot-2 سرخ «CHEST» para بھی skip (parse_chest_source.py)"
سینہ — CHEST,گہرائی clamps (9),—,سب کتابی یتیم-indentation (x = خام سطح),سب 9 x-coord ثابت (chest_clamp_xcoords.json): idx120 p824 «had ceased» @128.7 (raw d2→d1) · idx217 p826 «amel.» @164.7 (d3→d2) · idx327 p828 «on motion» @128.7 (d2→d1) · idx680 p834 «amel.» @164.7 (d3→d2) · idx687 p835 «numbness and tingling…» @128.7 (d2→d1) · idx871 p839 «amel.» @164.7 (d3→d2) · idx880 p839 «arm backward» @164.7 (d3→d2) · idx2258 p865 «6 p.m.» @200.7 (d4→d3) · idx3102 p881 «encysted» @128.7 (d2→d1) — کوئی MEDI-T اضافی <dir> نہیں؛ idx680/871 کی PDF تلاش ترتیب-سیاق (prev→clamp→next) سے — عام لیبل «amel.» کے دوسرے واقعات سے بچا
سینہ — CHEST,کتابی دہرائی (6) — union merge,—,livid · Redness/redness · coughing-when · extending-to-back · undulating · wandering,کتاب خود دہراتی ہے — union ادویات: DISCOLORATION-blueness-clavicle-near-livid p829 {Ars.}+{Plb.} · Redness (14، p829) + redness (4، p830) کیس-مختلف union 18 · PAIN-Sternum-coughing-when p849 20+14=25 · PAIN-Sternum-extending-to-back p849 3+3=5 · undulating p844 {3}+p873 See-ref (بے-ادویات) · wandering p845 {9}+p873 See-ref — p873 کے See-refs d1 (x=92.7 تصدیق PDF1931)
سینہ — CHEST,کتابی flat d2 — OOREP والد-استنباط مسترد,—,PAIN-Sternum-behind خاندان (p849) + PAIN-boring-Mammæ خاندان (p852),کتاب «behind» (16 ادویات) اور اس کے بعد کے ربرکس (coughing-when/drinking/food-had-lodged/inspiration/sitting-erect/swallowing/walking-fast/extending-to-back) سب x=128.7 (d2) چھاپتی ہے — بغیر اضافی انڈینٹ (PDF1875)؛ OOREP نے انہیں behind کی ذیلیاں بنایا تھا — مسترد، کتاب flat d2 اسی طرح p852 پر boring-Mammæ: extending-to-back/pressure-agg سب x=128.7 (PDF1883) — OOREP mammae-والد مسترد
سینہ — CHEST,homeoint-اضافی row خارج (lifting),r2517,"PAIN, stitching, sides, lifting {bar-c, phos}","homeoint HTML میں موجود (p869، laughing کے بعد) مگر مطبوعہ کتاب میں ناموجود — PDF1923 حرف-سطح: «laughing : Acon., laur., nicc.» کے فوراً بعد «lying, while : Puls., rumx., seneg.»؛ kent-full.txt + pdfplumber دونوں extraction متفق؛ کہیں اور بھی نہیں (تمام lifting واقعات چیک — PDF1861/1871/1917/1926/1930 دوسرے خاندانوں کے)؛ OOREP r2517 میں موجود — پالیسی: کتاب اتھارٹی → ماخذی درخت سے خارج، r2517 legacy محفوظ (ادویات نقصان صفر)"
سینہ — CHEST,PDF alignment,—,3160/3162 حرف-بہ-حرف + 2 فولیو-گلا (PDF-طرفہ),"3160/3162 ریکارڈ حرف-بہ-حرف عین + 2 PDF-طرفہ فولیو-گلا: «ALIVE (moving)…eating, after» colch.1779chest (folio 1779 + running-header گلا) · «PAIN, rawness…» nat1867m (folio 1867 نام کے اندر) — صفر drift، صفر دونوں-طرفہ باقیات (verify_pdf_chest.py — کتابی ص 822-883، PDF index 1813–1951)"
سینہ — CHEST,دستی J=1.00 جوڑے (82),—,OOREP لیبل-فرق، ادویات عین,وقت-فارمیٹ (~13 — lary/resp/cough اصول): OOREP «4 a.m. to 5 a.m.» ← کتابی «4 to 5 a.m.» — o7555/o7580 (ANXIETY 4-or-5) · o8123 (HEAT 1 to 3) · o8369 (OPPRESSION 10-or-11) · o8570 (PAIN 4 to 5 right side) · o10187 (PALPITATION 3 to 5) · o10287/10288/10291 (NIGHT 1-2/11-3/4-5) · o10400/10410 (PERSPIRATION 5-9/5-6)؛ agg-لاحقہ (~40 — genm-r381 اصول): o7704/o7757/o7786/o7789/o7796/o7813/o8330/o8365/o8463/o9292/o9294/o9315/o9417/o10088 وغیرہ؛ cut-path/inserted (~15): o7621/o7622 (CEASE would)، o8144/o8871/o8872/o8873 (extending داخل)، o8490 (on inspiration داخل)، o9023 (agg. گم)، r1065/r1071/r1313/r1314/r2519 (during/on/while گم)، o9358/o9520/o9816/o9986-9989؛ OOREP mammae/behind-گروپ بندی (9 — کتاب flat d2): o7859/o7862/o7864 (DISCOLORATION)، o8605/o8606 (boring)، o9580/o9582-86 (sternum-behind)؛ PURPURA (o10457 — کتاب d0 اپنا مین)؛ entity (r600 — GALACTORRH&#140;A ← Œ)
سینہ — CHEST,مبہم OOREP برتن (93) + legacy (280),o65050 (PAIN-stitching-extending 61) · o65014 (PAIN-motion 49) · o64962 (OPPRESSION-walking 41) · o65109 (PALPITATION-waking 39) · o65009 (PAIN-lying 39) · o64954 (OPPRESSION-lying 23) · r30 (ANXIETY 152) · r239 (CONSTRICTION 219) · o64924 (DISCOLORATION 63) · o7867 (redness 31) · r624 (HÆMORRHAGE-menses 17) · o64943 (MILK-menses 8) وغیرہ,OOREP یونین/برتن — کتابی راستے ماخذی درخت پر,OOREP کے بڑے یونین برتن — کتابی مینز/ذیلیاں ماخذی درخت پر (PDF 3160/3162 حرف-بہ-حرف) + 40 خالی m-کنٹینر — کل 280 legacy محفوظ، ادویات نقصان صفر
سینہ — CHEST,نئے hN (4),—,جڑ CHEST + DISCOLORATION-yellow + PAIN-stitching-lying-side-on + REDNESS See-ref,"h001 جڑ CHEST (d0، p822، بے-ادویات — سرخی-para سے) · h002 «DISCOLORATION, blueness clavicle, near, yellow» {2} (p829 — OOREP mammae-گروپ میں تھا، ادویات مختلف) · h003 «PAIN, stitching, lying, while, side, on» {1} (p864) · h004 «REDNESS (See Discoloration)» (p879 — بے-ادویات See-ref) — باقی تمام 3153 ماخذی قطاریں موجودہ ایپ ریکارڈوں سے جُڑیں (3048 لالچی + 82 دستی + 23 فال بیک)"
سینہ — CHEST,اردو ہم آہنگی,—,948 راستہ-بڑھنے والی قطاروں کے اردو جملے (key-فرق معیار),نئے کتابی راستوں پر top-down دوبارہ اخذ — معیار: پرانی کلید ≠ runtime کلید (ligature-normalized — 250 جھوٹے æ/ae فرق خارج): agg.-لاحقہ پرانی روایت («X سے بگاڑ/آرام») · وقت «X سے Y بجے» · فنکشن-الفاظ FUNC پہلے («جب کہ» — گلوسری کے «جب کہ / دوران» سے پہلے — 96 قطاریں بہتر) · d0-والد جڑ-پیشوند درست (PURPURA بگ — «سینہ —،» دوبارہ — درست) — فہرست chest_ur_refixed_keys.json + chest_ur_grown.json
سینہ — CHEST,اردو دستی + نقل,—,15 ہاتھ-لکھے؛ 3152 پرانے جملے منتقل؛ صفر auto,ہاتھ-لکھے (refix_chest_ur.py HAND): PURPURA «خونی دھبے (پرپورا)» · GALACTORRHŒA «دودھ کا بہاؤ» (entity-کلید سے بازیافت) · INFLAMMATION-bronchial خاندان 10 (پرانا قدرتی جملہ «سوزش، سانس کی نالیوں کی (برونکائٹس)» برقرار — book 1-لیبل بمقابلہ OOREP 2-سیگمنٹ) · palpitating-up-agg · DISCOLORATION-yellow · stitching-lying-side-on · REDNESS؛ 3157/3157 مکمل؛ 274 ہم جنس لگاتار سیگمنٹ سکڑے؛ 1482 پرانی non-tree کلیدیں محفوظ (فائل 4639) — لاطینی صفر (بغیر استثنا)
