صفحہ,صفحہ کا شمار,شناخت,قطار,اصل ماخذی ربرک,موجودہ اردو,درست/اصلاح شدہ ربرک یا فیصلہ نوٹ,اصلاح کے بعد اردو
5,154,o46240,1,"ANXIETY, midnight, before, on waking, amel., on rising, 11 p.m.",,,
5,154,o46240,2,,بے چینی — رات 11 بجے,,
5,154,o46240,3,,,"صفحہ 5: «11 p.m.» ماخذ میں midnight, before کا ہم درجہ ہے، on waking کا بچہ نہیں",
5,154,o46240,4,,,,بے چینی — رات 11 بجے
5,155,h0155,1,"ANXIETY, midnight, before, on waking, amel., on rising, after",,,
5,155,h0155,2,,بے چینی — آدھی رات سے پہلے جاگنے پر، اٹھ بیٹھنے سے آرام، اٹھنے کے بعد پھر بے چینی,,
5,155,h0155,3,,,"صفحہ 5: «after» ماخذ میں midnight, before کا ہم درجہ ہے",
5,155,h0155,4,,,,بے چینی — آدھی رات سے پہلے جاگنے پر، اٹھ بیٹھنے سے آرام، اٹھنے کے بعد پھر بے چینی
5,156,o46237,1,"ANXIETY, midnight, before, on waking, amel., on rising, after, on waking",,,
5,156,o46237,2,,بے چینی — آدھی رات کے بعد جاگنے پر,,
5,156,o46237,3,,,والدین کی اصلاح سے مکمل راستہ بدلا (متن وہی),
5,156,o46237,4,,,,بے چینی — آدھی رات کے بعد جاگنے پر
5,157,h0157,1,"ANXIETY, midnight, before, on waking, amel., on rising, after, 1 to 3 a.m.",,,
5,157,h0157,2,,بے چینی — رات 1 سے 3 بجے,,
5,157,h0157,3,,,والدین کی اصلاح سے مکمل راستہ بدلا (متن وہی),
5,157,h0157,4,,,,بے چینی — رات 1 سے 3 بجے
5,158,o46233,1,"ANXIETY, midnight, before, on waking, amel., on rising, after, 2 a.m.",,,
5,158,o46233,2,,بے چینی — رات 2 بجے,,
5,158,o46233,3,,,والدین کی اصلاح سے مکمل راستہ بدلا (متن وہی),
5,158,o46233,4,,,,بے چینی — رات 2 بجے
5,159,o46238,1,"ANXIETY, midnight, before, on waking, amel., on rising, after, until 2 a.m.",,,
5,159,o46238,2,,بے چینی — آدھی رات کے بعد، رات 2 بجے تک,,
5,159,o46238,3,,,والدین کی اصلاح سے مکمل راستہ بدلا (متن وہی),
5,159,o46238,4,,,,بے چینی — آدھی رات کے بعد، رات 2 بجے تک
5,160,h0160,1,"ANXIETY, midnight, before, on waking, amel., on rising, after, 3 a.m.",,,
5,160,h0160,2,,بے چینی — رات 3 بجے,,
5,160,h0160,3,,,والدین کی اصلاح سے مکمل راستہ بدلا (متن وہی),
5,160,h0160,4,,,,بے چینی — رات 3 بجے
5,161,o46235,1,"ANXIETY, midnight, before, on waking, amel., on rising, after, 3 a.m., after",,,
5,161,o46235,2,,بے چینی — رات 3 بجے کے بعد,,
5,161,o46235,3,,,والدین کی اصلاح سے مکمل راستہ بدلا (متن وہی),
5,161,o46235,4,,,,بے چینی — رات 3 بجے کے بعد
5,162,o46236,1,"ANXIETY, midnight, before, on waking, amel., on rising, after, 4 a.m.",,,
5,162,o46236,2,,بے چینی — رات 4 بجے,,
5,162,o46236,3,,,والدین کی اصلاح سے مکمل راستہ بدلا (متن وہی),
5,162,o46236,4,,,,بے چینی — رات 4 بجے
6,181.5,h0181,1,"ANXIETY, chill, during",,,
6,181.5,h0181,2,,بے چینی — سردی لگنے کے دوران,,
6,181.5,h0181,3,,,"صفحہ 6 کی سرخی ANXIETY, chill, during — ماخذ میں الگ ربرک، پارسر سے رہ گیا",
6,181.5,h0181,4,,,,بے چینی — سردی لگنے کے دوران
6,182,r184,1,"ANXIETY, chill, before, during",,,
6,182,r184,2,,بے چینی — سردی لگنے کے دوران,,
6,182,r184,3,,,"صفحہ 6: «during» نئے ربرک chill, during کا بچہ ہے (chill, before کا نہیں)",
6,182,r184,4,,,,بے چینی — سردی لگنے کے دوران، دورانِ سردی
6,183,r185,1,"ANXIETY, chill, before, after",,,
6,183,r185,2,,بے چینی — سردی لگنے کے بعد,,
6,183,r185,3,,,"صفحہ 6: «after» نئے ربرک chill, during کا بچہ ہے",
6,183,r185,4,,,,بے چینی — سردی لگنے کے دوران، بعد میں
12,476,r476,1,"COMPANY aversion to, morning, forenoon",,,
12,476,r476,2,,لوگوں سے بیزاری — دوپہر سے پہلے,,
12,476,r476,3,,,صفحہ 12: یہ سطریں ماخذ میں COMPANY aversion to کی ہم درجہ اولاد ہیں، صبح کے نیچے نہیں,
12,476,r476,4,,,,لوگوں سے بیزاری — دوپہر سے پہلے
12,477,r477,1,"COMPANY aversion to, morning, alternating with bursts of pleasantry and sarcasm",,,
12,477,r477,2,,لوگوں سے بیزاری — باری باری خوش طبعی اور طنز کے دورے,,
12,477,r477,3,,,صفحہ 12: یہ سطریں ماخذ میں COMPANY aversion to کی ہم درجہ اولاد ہیں، صبح کے نیچے نہیں,
12,477,r477,4,,,,لوگوں سے بیزاری — باری باری خوش طبعی اور طنز کے دورے
12,478,r478,1,"COMPANY aversion to, morning, amel., when alone",,,
12,478,r478,2,,لوگوں سے بیزاری — اکیلے ہونے پر آرام,,
12,478,r478,3,,,صفحہ 12: یہ سطریں ماخذ میں COMPANY aversion to کی ہم درجہ اولاد ہیں، صبح کے نیچے نہیں,
12,478,r478,4,,,,لوگوں سے بیزاری — اکیلے ہونے پر آرام
12,479,r479,1,"COMPANY aversion to, morning, avoids the sight of people",,,
12,479,r479,2,,لوگوں سے بیزاری — کسی کو دیکھنا نہیں چاہتا,,
12,479,r479,3,,,صفحہ 12: یہ سطریں ماخذ میں COMPANY aversion to کی ہم درجہ اولاد ہیں، صبح کے نیچے نہیں,
12,479,r479,4,,,,لوگوں سے بیزاری — کسی کو دیکھنا نہیں چاہتا
12,480,r480,1,"COMPANY aversion to, morning, avoids the sight of people, and lies with closed eyes",,,
12,480,r480,2,,لوگوں سے بیزاری — کسی کو دیکھنا نہیں چاہتا، آنکھیں بند کیے پڑا رہتا ہے,,
12,480,r480,3,,,والدین کی اصلاح سے مکمل راستہ بدلا (متن وہی),
12,480,r480,4,,,,لوگوں سے بیزاری — کسی کو دیکھنا نہیں چاہتا، آنکھیں بند کیے پڑا رہتا ہے
12,481,r481,1,"COMPANY aversion to, morning, avoids the sight of people, and shuts herself up",,,
12,481,r481,2,,لوگوں سے بیزاری — کسی کو دیکھنا نہیں چاہتی، اپنے آپ کو کمرے میں بند کر لیتی ہے,,
12,481,r481,3,,,والدین کی اصلاح سے مکمل راستہ بدلا (متن وہی),
12,481,r481,4,,,,لوگوں سے بیزاری — کسی کو دیکھنا نہیں چاہتی، اپنے آپ کو کمرے میں بند کر لیتی ہے
12,482,r482,1,"COMPANY aversion to, morning, avoids the sight of people, country away from people, wants to get into the",,,
12,482,r482,2,,لوگوں سے بیزاری — کسی کو دیکھنا نہیں چاہتا، لوگوں سے دور دیہات میں چلا جانا چاہتا ہے,,
12,482,r482,3,,,والدین کی اصلاح سے مکمل راستہ بدلا (متن وہی),
12,482,r482,4,,,,لوگوں سے بیزاری — کسی کو دیکھنا نہیں چاہتا، لوگوں سے دور دیہات میں چلا جانا چاہتا ہے
12,483,r483,1,"COMPANY aversion to, morning, desires solitude to practice masturbation",,,
12,483,r483,2,,لوگوں سے بیزاری — تنہائی چاہے تاکہ مشت زنی کرے,,
12,483,r483,3,,,صفحہ 12: یہ سطریں ماخذ میں COMPANY aversion to کی ہم درجہ اولاد ہیں، صبح کے نیچے نہیں,
12,483,r483,4,,,,لوگوں سے بیزاری — تنہائی چاہے تاکہ مشت زنی کرے
12,484,o46447,1,"COMPANY aversion to, morning, desires solitude to practice masturbation, to indulge her fancy",,,
12,484,o46447,2,,لوگوں سے بیزاری — تنہائی چاہے تاکہ اپنے خیالوں میں کھوئی رہے,,
12,484,o46447,3,,,والدین کی اصلاح سے مکمل راستہ بدلا (متن وہی),
12,484,o46447,4,,,,لوگوں سے بیزاری — تنہائی چاہے تاکہ اپنے خیالوں میں کھوئی رہے
12,485,o46448,1,"COMPANY aversion to, morning, desires solitude to practice masturbation, to indulge her fancy, lie with closed eyes",,,
12,485,o46448,2,,لوگوں سے بیزاری — تنہائی چاہے تاکہ آنکھیں بند کیے پڑی رہے,,
12,485,o46448,3,,,والدین کی اصلاح سے مکمل راستہ بدلا (متن وہی),
12,485,o46448,4,,,,لوگوں سے بیزاری — تنہائی چاہے تاکہ آنکھیں بند کیے پڑی رہے
12,486,r486,1,"COMPANY aversion to, morning, dreads being alone, yet",,,
12,486,r486,2,,لوگوں سے بیزاری — پھر بھی اکیلے رہنے سے ڈرتا ہے,,
12,486,r486,3,,,صفحہ 12: یہ سطریں ماخذ میں COMPANY aversion to کی ہم درجہ اولاد ہیں، صبح کے نیچے نہیں,
12,486,r486,4,,,,لوگوں سے بیزاری — پھر بھی اکیلے رہنے سے ڈرتا ہے
12,487,r487,1,"COMPANY aversion to, morning, friends, of intimate",,,
12,487,r487,2,,لوگوں سے بیزاری — قریبی دوستوں سے بھی,,
12,487,r487,3,,,صفحہ 12: یہ سطریں ماخذ میں COMPANY aversion to کی ہم درجہ اولاد ہیں، صبح کے نیچے نہیں,
12,487,r487,4,,,,لوگوں سے بیزاری — قریبی دوستوں سے بھی
12,488,r488,1,"COMPANY aversion to, morning, heat, during",,,
12,488,r488,2,,لوگوں سے بیزاری — بخار کی گرمی کے دوران,,
12,488,r488,3,,,صفحہ 12: یہ سطریں ماخذ میں COMPANY aversion to کی ہم درجہ اولاد ہیں، صبح کے نیچے نہیں,
12,488,r488,4,,,,لوگوں سے بیزاری — بخار کی گرمی کے دوران
12,489,r489,1,"COMPANY aversion to, morning, meeting of friends, whom he imagines he has offended",,,
12,489,r489,2,,لوگوں سے بیزاری — ان دوستوں سے ملنے سے بچتا ہے جنہیں وہ سمجھتا ہے کہ ناراض کر چکا ہے,,
12,489,r489,3,,,صفحہ 12: یہ سطریں ماخذ میں COMPANY aversion to کی ہم درجہ اولاد ہیں، صبح کے نیچے نہیں,
12,489,r489,4,,,,لوگوں سے بیزاری — ان دوستوں سے ملنے سے بچتا ہے جنہیں وہ سمجھتا ہے کہ ناراض کر چکا ہے
12,490,r490,1,"COMPANY aversion to, morning, menses, during",,,
12,490,r490,2,,لوگوں سے بیزاری — حیض کے دوران,,
12,490,r490,3,,,صفحہ 12: یہ سطریں ماخذ میں COMPANY aversion to کی ہم درجہ اولاد ہیں، صبح کے نیچے نہیں,
12,490,r490,4,,,,لوگوں سے بیزاری — حیض کے دوران
12,491,r491,1,"COMPANY aversion to, morning, menses, during, desires to be let alone",,,
12,491,r491,2,,لوگوں سے بیزاری — حیض کے دوران، چاہتی ہے کہ اسے اکیلا چھوڑ دیا جائے,,
12,491,r491,3,,,والدین کی اصلاح سے مکمل راستہ بدلا (متن وہی),
12,491,r491,4,,,,لوگوں سے بیزاری — حیض کے دوران، چاہتی ہے کہ اسے اکیلا چھوڑ دیا جائے
12,492,r492,1,"COMPANY aversion to, morning, perspiration, during",,,
12,492,r492,2,,لوگوں سے بیزاری — پسینے کے دوران,,
12,492,r492,3,,,صفحہ 12: یہ سطریں ماخذ میں COMPANY aversion to کی ہم درجہ اولاد ہیں، صبح کے نیچے نہیں,
12,492,r492,4,,,,لوگوں سے بیزاری — پسینے کے دوران
12,493,r493,1,"COMPANY aversion to, morning, pregnant, when",,,
12,493,r493,2,,لوگوں سے بیزاری — حمل کے دوران,,
12,493,r493,3,,,صفحہ 12: یہ سطریں ماخذ میں COMPANY aversion to کی ہم درجہ اولاد ہیں، صبح کے نیچے نہیں,
12,493,r493,4,,,,لوگوں سے بیزاری — حمل کے دوران
12,494,r494,1,"COMPANY aversion to, morning, presence of strangers, to",,,
12,494,r494,2,,لوگوں سے بیزاری — اجنبیوں کی موجودگی سے,,
12,494,r494,3,,,صفحہ 12: یہ سطریں ماخذ میں COMPANY aversion to کی ہم درجہ اولاد ہیں، صبح کے نیچے نہیں,
12,494,r494,4,,,,لوگوں سے بیزاری — اجنبیوں کی موجودگی سے
12,495,o46460,1,"COMPANY aversion to, morning, presence of strangers, to, people intolerable to her during stool",,,
12,495,o46460,2,,لوگوں سے بیزاری — پاخانے کے وقت لوگوں کی موجودگی برداشت نہیں,,
12,495,o46460,3,,,والدین کی اصلاح سے مکمل راستہ بدلا (متن وہی),
12,495,o46460,4,,,,لوگوں سے بیزاری — پاخانے کے وقت لوگوں کی موجودگی برداشت نہیں
12,496,o46461,1,"COMPANY aversion to, morning, presence of strangers, to, people intolerable to her during stool, during urination",,,
12,496,o46461,2,,لوگوں سے بیزاری — پیشاب کے وقت لوگوں کی موجودگی برداشت نہیں,,
12,496,o46461,3,,,والدین کی اصلاح سے مکمل راستہ بدلا (متن وہی),
12,496,o46461,4,,,,لوگوں سے بیزاری — پیشاب کے وقت لوگوں کی موجودگی برداشت نہیں
12,497,r497,1,"COMPANY aversion to, morning, smiling faces",,,
12,497,r497,2,,لوگوں سے بیزاری — مسکراتے چہروں سے,,
12,497,r497,3,,,صفحہ 12: یہ سطریں ماخذ میں COMPANY aversion to کی ہم درجہ اولاد ہیں، صبح کے نیچے نہیں,
12,497,r497,4,,,,لوگوں سے بیزاری — مسکراتے چہروں سے
12,498,r498,1,"COMPANY aversion to, morning, walk alone, want to",,,
12,498,r498,2,,لوگوں سے بیزاری — اکیلے چلنا پھرنا چاہتا ہے,,
12,498,r498,3,,,صفحہ 12: یہ سطریں ماخذ میں COMPANY aversion to کی ہم درجہ اولاد ہیں، صبح کے نیچے نہیں,
12,498,r498,4,,,,لوگوں سے بیزاری — اکیلے چلنا پھرنا چاہتا ہے
17,664,r664,1,"DEATH, desires (See Loathing of Life), morning, on waking, forenoon",,,
17,664,r664,2,,موت کی خواہش، دوپہر سے پہلے,,
17,664,r664,3,,,صفحہ 17: ماخذ میں یہ سطریں موت کی خواہش کی ہم درجہ اولاد ہیں، صبح جاگنے کے نیچے نہیں,
17,664,r664,4,,,,موت کی خواہش، دوپہر سے پہلے
17,665,r665,1,"DEATH, desires (See Loathing of Life), morning, on waking, afternoon",,,
17,665,r665,2,,موت کی خواہش، سہ پہر,,
17,665,r665,3,,,صفحہ 17: ماخذ میں یہ سطریں موت کی خواہش کی ہم درجہ اولاد ہیں، صبح جاگنے کے نیچے نہیں,
17,665,r665,4,,,,موت کی خواہش، سہ پہر
17,666,r666,1,"DEATH, desires (See Loathing of Life), morning, on waking, evening",,,
17,666,r666,2,,موت کی خواہش، شام,,
17,666,r666,3,,,صفحہ 17: ماخذ میں یہ سطریں موت کی خواہش کی ہم درجہ اولاد ہیں، صبح جاگنے کے نیچے نہیں,
17,666,r666,4,,,,موت کی خواہش، شام
17,667,r667,1,"DEATH, desires (See Loathing of Life), morning, on waking, chill, during",,,
17,667,r667,2,,موت کی خواہش، سردی لگنے کے دوران,,
17,667,r667,3,,,صفحہ 17: ماخذ میں یہ سطریں موت کی خواہش کی ہم درجہ اولاد ہیں، صبح جاگنے کے نیچے نہیں,
17,667,r667,4,,,,موت کی خواہش، سردی لگنے کے دوران
17,668,r668,1,"DEATH, desires (See Loathing of Life), morning, on waking, convalescence, during",,,
17,668,r668,2,,موت کی خواہش، صحت یابی کے دوران,,
17,668,r668,3,,,صفحہ 17: ماخذ میں یہ سطریں موت کی خواہش کی ہم درجہ اولاد ہیں، صبح جاگنے کے نیچے نہیں,
17,668,r668,4,,,,موت کی خواہش، صحت یابی کے دوران
17,669,r669,1,"DEATH, desires (See Loathing of Life), morning, on waking, menses, during",,,
17,669,r669,2,,موت کی خواہش، حیض کے دوران,,
17,669,r669,3,,,صفحہ 17: ماخذ میں یہ سطریں موت کی خواہش کی ہم درجہ اولاد ہیں، صبح جاگنے کے نیچے نہیں,
17,669,r669,4,,,,موت کی خواہش، حیض کے دوران
17,670,o46629,1,"DEATH, desires (See Loathing of Life), morning, on waking, walking in open air while",,,
17,670,o46629,2,,موت کی خواہش، کھلی ہوا میں چلتے ہوئے,,
17,670,o46629,3,,,صفحہ 17: ماخذ میں یہ سطریں موت کی خواہش کی ہم درجہ اولاد ہیں، صبح جاگنے کے نیچے نہیں,
17,670,o46629,4,,,,موت کی خواہش، کھلی ہوا میں چلتے ہوئے
53,2519,o48397,1,"IDEAS abundant, clearness of mind, forenoon, evening",,,
53,2519,o48397,2,,خیالات کی کثرت (ذہن میں خیالوں کا ہجوم) — شام,,
53,2519,o48397,3,,,"صفحہ 53: ماخذ میں یہ سطریں IDEAS abundant, clearness of mind کی اولاد ہیں، forenoon کے نیچے نہیں",
53,2519,o48397,4,,,,خیالات کی کثرت (ذہن میں خیالوں کا ہجوم) — شام
53,2520,o48398,1,"IDEAS abundant, clearness of mind, forenoon, evening, bed, in",,,
53,2520,o48398,2,,خیالات کی کثرت (ذہن میں خیالوں کا ہجوم) — شام، بستر میں,,
53,2520,o48398,3,,,والدین کی اصلاح سے مکمل راستہ بدلا (متن وہی),
53,2520,o48398,4,,,,خیالات کی کثرت (ذہن میں خیالوں کا ہجوم) — شام، بستر میں
53,2521,o48401,1,"IDEAS abundant, clearness of mind, forenoon, night",,,
53,2521,o48401,2,,خیالات کی کثرت (ذہن میں خیالوں کا ہجوم) — رات,,
53,2521,o48401,3,,,"صفحہ 53: ماخذ میں یہ سطریں IDEAS abundant, clearness of mind کی اولاد ہیں، forenoon کے نیچے نہیں",
53,2521,o48401,4,,,,خیالات کی کثرت (ذہن میں خیالوں کا ہجوم) — رات
53,2522,o48394,1,"IDEAS abundant, clearness of mind, forenoon, chill, during",,,
53,2522,o48394,2,,خیالات کی کثرت (ذہن میں خیالوں کا ہجوم) — سردی لگنے کے دوران,,
53,2522,o48394,3,,,"صفحہ 53: ماخذ میں یہ سطریں IDEAS abundant, clearness of mind کی اولاد ہیں، forenoon کے نیچے نہیں",
53,2522,o48394,4,,,,خیالات کی کثرت (ذہن میں خیالوں کا ہجوم) — سردی لگنے کے دوران
53,2523,o48396,1,"IDEAS abundant, clearness of mind, forenoon, closing the eyes",,,
53,2523,o48396,2,,خیالات کی کثرت (ذہن میں خیالوں کا ہجوم) — آنکھیں بند کرنے پر,,
53,2523,o48396,3,,,"صفحہ 53: ماخذ میں یہ سطریں IDEAS abundant, clearness of mind کی اولاد ہیں، forenoon کے نیچے نہیں",
53,2523,o48396,4,,,,خیالات کی کثرت (ذہن میں خیالوں کا ہجوم) — آنکھیں بند کرنے پر
53,2524,o48400,1,"IDEAS abundant, clearness of mind, forenoon, heat, during",,,
53,2524,o48400,2,,خیالات کی کثرت (ذہن میں خیالوں کا ہجوم) — بخار کی گرمی کے دوران,,
53,2524,o48400,3,,,"صفحہ 53: ماخذ میں یہ سطریں IDEAS abundant, clearness of mind کی اولاد ہیں، forenoon کے نیچے نہیں",
53,2524,o48400,4,,,,خیالات کی کثرت (ذہن میں خیالوں کا ہجوم) — بخار کی گرمی کے دوران
53,2525,o48402,1,"IDEAS abundant, clearness of mind, forenoon, persistent",,,
53,2525,o48402,2,,خیالات کی کثرت (ذہن میں خیالوں کا ہجوم) — ایک ہی خیال چمٹا رہے,,
53,2525,o48402,3,,,"صفحہ 53: ماخذ میں یہ سطریں IDEAS abundant, clearness of mind کی اولاد ہیں، forenoon کے نیچے نہیں",
53,2525,o48402,4,,,,خیالات کی کثرت (ذہن میں خیالوں کا ہجوم) — ایک ہی خیال چمٹا رہے
53,2526,o48403,1,"IDEAS abundant, clearness of mind, forenoon, perspiration, during",,,
53,2526,o48403,2,,خیالات کی کثرت (ذہن میں خیالوں کا ہجوم) — پسینے کے دوران,,
53,2526,o48403,3,,,"صفحہ 53: ماخذ میں یہ سطریں IDEAS abundant, clearness of mind کی اولاد ہیں، forenoon کے نیچے نہیں",
53,2526,o48403,4,,,,خیالات کی کثرت (ذہن میں خیالوں کا ہجوم) — پسینے کے دوران
53,2527,o48404,1,"IDEAS abundant, clearness of mind, forenoon, urination, after",,,
53,2527,o48404,2,,خیالات کی کثرت (ذہن میں خیالوں کا ہجوم) — پیشاب کے بعد,,
53,2527,o48404,3,,,"صفحہ 53: ماخذ میں یہ سطریں IDEAS abundant, clearness of mind کی اولاد ہیں، forenoon کے نیچے نہیں",
53,2527,o48404,4,,,,خیالات کی کثرت (ذہن میں خیالوں کا ہجوم) — پیشاب کے بعد
64,3001,r3023,1,"MEMORY active (See Ideas), evening, alternating with dullness",,,
64,3001,r3023,2,,حافظہ تیز — باری باری ذہنی سستی کے ساتھ,,
64,3001,r3023,3,,,صفحہ 64: «alternating with dullness» ماخذ میں evening کا ہم درجہ ہے,
64,3001,r3023,4,,,,حافظہ تیز — باری باری ذہنی سستی کے ساتھ
64,3002,o48850,1,"MEMORY active (See Ideas), evening, alternating with dullness, with weak memory",,,
64,3002,o48850,2,,حافظہ تیز — باری باری کمزور حافظے کے ساتھ,,
64,3002,o48850,3,,,والدین کی اصلاح سے مکمل راستہ بدلا (متن وہی),
64,3002,o48850,4,,,,حافظہ تیز — باری باری کمزور حافظے کے ساتھ
64,3003,o48849,1,"MEMORY active (See Ideas), evening, alternating with dullness, with weak memory, lassitude",,,
64,3003,o48849,2,,حافظہ تیز — باری باری تھکاوٹ کے ساتھ,,
64,3003,o48849,3,,,والدین کی اصلاح سے مکمل راستہ بدلا (متن وہی),
64,3003,o48849,4,,,,حافظہ تیز — باری باری تھکاوٹ کے ساتھ
64,3004,r3026,1,"MEMORY active (See Ideas), evening, suppressing sexual desire, from",,,
64,3004,r3026,2,,حافظہ تیز — جنسی خواہش دبانے سے,,
64,3004,r3026,3,,,"صفحہ 64: «suppressing sexual desire, from» ماخذ میں evening کا ہم درجہ ہے",
64,3004,r3026,4,,,,حافظہ تیز — جنسی خواہش دبانے سے
67,3081.5,h3081,1,"MISTAKES in calculating, words, mispronounces",,,
67,3081.5,h3081,2,,غلطیاں — الفاظ غلط ادا کرتا ہے,,
67,3081.5,h3081,3,,,"صفحہ 67 کی سرخی MISTAKES, words, mispronounces — ماخذ میں الگ شاخ، پارسر سے رہ گیا",
67,3081.5,h3081,4,,,,غلطیاں — الفاظ غلط ادا کرتا ہے
67,3082,r3110,1,"MISTAKES in calculating, words, misplacing, mispronounces",,,
67,3082,r3110,2,,غلطیاں — الفاظ غلط ادا کرتا ہے,,
67,3082,r3110,3,,,"صفحہ 67: «mispronounces» نئے ربرک words, mispronounces کا بچہ ہے (words, misplacing کا نہیں)",
67,3082,r3110,4,,,,غلطیاں — الفاظ غلط ادا کرتا ہے، غلط تلفظ سے
68,3121,r3150,1,"MOOD, agreeable, changeable, variable, etc.",,,
68,3121,r3150,2,,مزاج بدلتا ہوا، متلون وغیرہ,,
68,3121,r3150,3,,,"صفحہ 68 کی سرخی MOOD, changeable, variable, etc. — ماخذ میں الگ جڑی ربرک ہے (MOOD, agreeable کا بچہ نہیں)؛ علاج اسی ربرک کے ہیں",
68,3121,r3150,4,,,,مزاج بدلتا ہوا، متلون وغیرہ
68,3122,o48969,1,"MOOD, agreeable, changeable, variable, etc., evening",,,
68,3122,o48969,2,,مزاج بدلتا ہوا — شام,,
68,3122,o48969,3,,,والدین کی اصلاح سے مکمل راستہ بدلا (متن وہی),
68,3122,o48969,4,,,,مزاج بدلتا ہوا — شام
68,3123,o48970,1,"MOOD, agreeable, changeable, variable, etc., heat, during",,,
68,3123,o48970,2,,مزاج بدلتا ہوا — بخار کی گرمی کے دوران,,
68,3123,o48970,3,,,والدین کی اصلاح سے مکمل راستہ بدلا (متن وہی),
68,3123,o48970,4,,,,مزاج بدلتا ہوا — بخار کی گرمی کے دوران
68,3124,o48968,1,"MOOD, agreeable, changeable, variable, etc., dinner, after",,,
68,3124,o48968,2,,مزاج بدلتا ہوا — دوپہر کے کھانے کے بعد,,
68,3124,o48968,3,,,والدین کی اصلاح سے مکمل راستہ بدلا (متن وہی),
68,3124,o48968,4,,,,مزاج بدلتا ہوا — دوپہر کے کھانے کے بعد
68,3125,o48971,1,"MOOD, agreeable, changeable, variable, etc., perspiration, during",,,
68,3125,o48971,2,,مزاج بدلتا ہوا — پسینے کے دوران,,
68,3125,o48971,3,,,والدین کی اصلاح سے مکمل راستہ بدلا (متن وہی),
68,3125,o48971,4,,,,مزاج بدلتا ہوا — پسینے کے دوران
70,3248,r3277,1,"QUIET disposition, RAGE, fury (See Insanity, Mania, Delirium)",,,
70,3248,r3277,2,,طیش، غیظ و غضب — غضب، آپے سے باہر,,
70,3248,r3277,3,,,"صفحات 70-71: RAGE, fury ماخذ کے مطابق الگ جڑی ربرک ہے (حروفِ تہجی کا عنوان)، QUIET disposition کا بچہ نہیں",
70,3248,r3277,4,,,,طیش، غیظ و غضب — غضب، آپے سے باہر
70,3249,r3278,1,"QUIET disposition, evening",,,
70,3249,r3278,2,,طیش، غیظ و غضب — شام,,
70,3249,r3278,3,,,"صفحات 70-71: یہ سطریں RAGE, fury کی اولاد ہیں",
70,3249,r3278,4,,,,طیش، غیظ و غضب — شام
70,3250,r3279,1,"QUIET disposition, night",,,
70,3250,r3279,2,,طیش، غیظ و غضب — رات,,
70,3250,r3279,3,,,"صفحات 70-71: یہ سطریں RAGE, fury کی اولاد ہیں",
70,3250,r3279,4,,,,طیش، غیظ و غضب — رات
70,3251,r3280,1,"QUIET disposition, alone, while",,,
70,3251,r3280,2,,طیش، غیظ و غضب — اکیلے ہونے پر,,
70,3251,r3280,3,,,"صفحات 70-71: یہ سطریں RAGE, fury کی اولاد ہیں",
70,3251,r3280,4,,,,طیش، غیظ و غضب — اکیلے ہونے پر
70,3252,r3281,1,"QUIET disposition, alternating, affectionate disposition, with",,,
70,3252,r3281,2,,طیش، غیظ و غضب — باری باری محبت بھری طبیعت کے ساتھ,,
70,3252,r3281,3,,,"صفحات 70-71: یہ سطریں RAGE, fury کی اولاد ہیں",
70,3252,r3281,4,,,,طیش، غیظ و غضب — باری باری محبت بھری طبیعت کے ساتھ
71,3253,r3289,1,"QUIET disposition, alternating, affectionate disposition, with, consciousness",,,
71,3253,r3289,2,,طیش، غیظ و غضب — باری باری ہوش کے ساتھ,,
71,3253,r3289,3,,,والدین کی اصلاح سے مکمل راستہ بدلا (متن وہی),
71,3253,r3289,4,,,,طیش، غیظ و غضب — باری باری ہوش کے ساتھ
71,3254,r3290,1,"QUIET disposition, alternating, affectionate disposition, with, convulsions, with",,,
71,3254,r3290,2,,طیش، غیظ و غضب — باری باری تشنج کے ساتھ,,
71,3254,r3290,3,,,والدین کی اصلاح سے مکمل راستہ بدلا (متن وہی),
71,3254,r3290,4,,,,طیش، غیظ و غضب — باری باری تشنج کے ساتھ
71,3255,r3291,1,"QUIET disposition, alternating, affectionate disposition, with, religious excitement, with",,,
71,3255,r3291,2,,طیش، غیظ و غضب — باری باری مذہبی جوش کے ساتھ,,
71,3255,r3291,3,,,والدین کی اصلاح سے مکمل راستہ بدلا (متن وہی),
71,3255,r3291,4,,,,طیش، غیظ و غضب — باری باری مذہبی جوش کے ساتھ
71,3256,r3292,1,"QUIET disposition, aroused, when",,,
71,3256,r3292,2,,طیش، غیظ و غضب — جگانے پر,,
71,3256,r3292,3,,,"صفحات 70-71: یہ سطریں RAGE, fury کی اولاد ہیں (QUIET disposition کی نہیں)",
71,3256,r3292,4,,,,طیش، غیظ و غضب — جگانے پر
71,3257,r3293,1,"QUIET disposition, cold applications to head amel.",,,
71,3257,r3293,2,,طیش، غیظ و غضب — سر پر ٹھنڈی پٹیوں سے آرام,,
71,3257,r3293,3,,,"صفحات 70-71: یہ سطریں RAGE, fury کی اولاد ہیں (QUIET disposition کی نہیں)",
71,3257,r3293,4,,,,طیش، غیظ و غضب — سر پر ٹھنڈی پٹیوں سے آرام
71,3258,r3294,1,"QUIET disposition, constant",,,
71,3258,r3294,2,,طیش، غیظ و غضب — مسلسل,,
71,3258,r3294,3,,,"صفحات 70-71: یہ سطریں RAGE, fury کی اولاد ہیں (QUIET disposition کی نہیں)",
71,3258,r3294,4,,,,طیش، غیظ و غضب — مسلسل
71,3259,r3295,1,"QUIET disposition, convulsive",,,
71,3259,r3295,2,,طیش، غیظ و غضب — تشنجی,,
71,3259,r3295,3,,,"صفحات 70-71: یہ سطریں RAGE, fury کی اولاد ہیں (QUIET disposition کی نہیں)",
71,3259,r3295,4,,,,طیش، غیظ و غضب — تشنجی
71,3260,r3296,1,"QUIET disposition, does not know his relatives",,,
71,3260,r3296,2,,طیش، غیظ و غضب — اپنے رشتہ داروں کو نہیں پہچانتا,,
71,3260,r3296,3,,,"صفحات 70-71: یہ سطریں RAGE, fury کی اولاد ہیں (QUIET disposition کی نہیں)",
71,3260,r3296,4,,,,طیش، غیظ و غضب — اپنے رشتہ داروں کو نہیں پہچانتا
71,3261,r3297,1,"QUIET disposition, drinking, while",,,
71,3261,r3297,2,,طیش، غیظ و غضب — پیتے ہوئے,,
71,3261,r3297,3,,,"صفحات 70-71: یہ سطریں RAGE, fury کی اولاد ہیں (QUIET disposition کی نہیں)",
71,3261,r3297,4,,,,طیش، غیظ و غضب — پیتے ہوئے
71,3262,r3298,1,"QUIET disposition, epilepsy, after",,,
71,3262,r3298,2,,طیش، غیظ و غضب — مرگی کے دورے کے بعد,,
71,3262,r3298,3,,,"صفحات 70-71: یہ سطریں RAGE, fury کی اولاد ہیں (QUIET disposition کی نہیں)",
71,3262,r3298,4,,,,طیش، غیظ و غضب — مرگی کے دورے کے بعد
71,3263,r3299,1,"QUIET disposition, epilepsy, after, with",,,
71,3263,r3299,2,,طیش، غیظ و غضب — مرگی کے ساتھ,,
71,3263,r3299,3,,,والدین کی اصلاح سے مکمل راستہ بدلا (متن وہی),
71,3263,r3299,4,,,,طیش، غیظ و غضب — مرگی کے ساتھ
71,3264,r3300,1,"QUIET disposition, headache, with",,,
71,3264,r3300,2,,طیش، غیظ و غضب — سر درد کے ساتھ,,
71,3264,r3300,3,,,"صفحات 70-71: یہ سطریں RAGE, fury کی اولاد ہیں (QUIET disposition کی نہیں)",
71,3264,r3300,4,,,,طیش، غیظ و غضب — سر درد کے ساتھ
71,3265,r3301,1,"QUIET disposition, insults, after",,,
71,3265,r3301,2,,طیش، غیظ و غضب — بے عزتی کے بعد,,
71,3265,r3301,3,,,"صفحات 70-71: یہ سطریں RAGE, fury کی اولاد ہیں (QUIET disposition کی نہیں)",
71,3265,r3301,4,,,,طیش، غیظ و غضب — بے عزتی کے بعد
71,3266,r3302,1,"QUIET disposition, kill people, tries to",,,
71,3266,r3302,2,,طیش، غیظ و غضب — لوگوں کو قتل کرنے کی کوشش کرتا ہے,,
71,3266,r3302,3,,,"صفحات 70-71: یہ سطریں RAGE, fury کی اولاد ہیں (QUIET disposition کی نہیں)",
71,3266,r3302,4,,,,طیش، غیظ و غضب — لوگوں کو قتل کرنے کی کوشش کرتا ہے
71,3267,r3303,1,"QUIET disposition, menses, during",,,
71,3267,r3303,2,,طیش، غیظ و غضب — حیض کے دوران,,
71,3267,r3303,3,,,"صفحات 70-71: یہ سطریں RAGE, fury کی اولاد ہیں (QUIET disposition کی نہیں)",
71,3267,r3303,4,,,,طیش، غیظ و غضب — حیض کے دوران
71,3268,r3304,1,"QUIET disposition, mischievous",,,
71,3268,r3304,2,,طیش، غیظ و غضب — شرارت بھرا,,
71,3268,r3304,3,,,"صفحات 70-71: یہ سطریں RAGE, fury کی اولاد ہیں (QUIET disposition کی نہیں)",
71,3268,r3304,4,,,,طیش، غیظ و غضب — شرارت بھرا
71,3269,r3305,1,"QUIET disposition, pulls hair of bystanders",,,
71,3269,r3305,2,,طیش، غیظ و غضب — پاس کھڑے لوگوں کے بال کھینچتا ہے,,
71,3269,r3305,3,,,"صفحات 70-71: یہ سطریں RAGE, fury کی اولاد ہیں (QUIET disposition کی نہیں)",
71,3269,r3305,4,,,,طیش، غیظ و غضب — پاس کھڑے لوگوں کے بال کھینچتا ہے
71,3270,r3306,1,"QUIET disposition, shining objects, from",,,
71,3270,r3306,2,,طیش، غیظ و غضب — چمکدار چیزوں سے,,
71,3270,r3306,3,,,"صفحات 70-71: یہ سطریں RAGE, fury کی اولاد ہیں (QUIET disposition کی نہیں)",
71,3270,r3306,4,,,,طیش، غیظ و غضب — چمکدار چیزوں سے
71,3271,r3307,1,"QUIET disposition, staring looks, with",,,
71,3271,r3307,2,,طیش، غیظ و غضب — گھورتی نظروں کے ساتھ,,
71,3271,r3307,3,,,"صفحات 70-71: یہ سطریں RAGE, fury کی اولاد ہیں (QUIET disposition کی نہیں)",
71,3271,r3307,4,,,,طیش، غیظ و غضب — گھورتی نظروں کے ساتھ
71,3272,r3308,1,"QUIET disposition, strength increased",,,
71,3272,r3308,2,,طیش، غیظ و غضب — طاقت بڑھ جاتی ہے,,
71,3272,r3308,3,,,"صفحات 70-71: یہ سطریں RAGE, fury کی اولاد ہیں (QUIET disposition کی نہیں)",
71,3272,r3308,4,,,,طیش، غیظ و غضب — طاقت بڑھ جاتی ہے
71,3273,r3309,1,"QUIET disposition, touch, renewed by",,,
71,3273,r3309,2,,طیش، غیظ و غضب — چھونے سے پھر بھڑک اٹھے,,
71,3273,r3309,3,,,"صفحات 70-71: یہ سطریں RAGE, fury کی اولاد ہیں (QUIET disposition کی نہیں)",
71,3273,r3309,4,,,,طیش، غیظ و غضب — چھونے سے پھر بھڑک اٹھے
71,3274,r3310,1,"QUIET disposition, trying to drink, when or touching larynx",,,
71,3274,r3310,2,,طیش، غیظ و غضب — پینے کی کوشش کرنے پر یا حلق چھونے پر,,
71,3274,r3310,3,,,"صفحات 70-71: یہ سطریں RAGE, fury کی اولاد ہیں (QUIET disposition کی نہیں)",
71,3274,r3310,4,,,,طیش، غیظ و غضب — پینے کی کوشش کرنے پر یا حلق چھونے پر
71,3275,r3311,1,"QUIET disposition, violent",,,
71,3275,r3311,2,,طیش، غیظ و غضب — شدید,,
71,3275,r3311,3,,,"صفحات 70-71: یہ سطریں RAGE, fury کی اولاد ہیں (QUIET disposition کی نہیں)",
71,3275,r3311,4,,,,طیش، غیظ و غضب — شدید
71,3276,r3312,1,"QUIET disposition, water, sight of",,,
71,3276,r3312,2,,طیش، غیظ و غضب — پانی دیکھنے سے,,
71,3276,r3312,3,,,"صفحات 70-71: یہ سطریں RAGE, fury کی اولاد ہیں (QUIET disposition کی نہیں)",
71,3276,r3312,4,,,,طیش، غیظ و غضب — پانی دیکھنے سے
71,3283,o49116,1,"RECOGNIZE, does not his relatives, own house, well known streets",,,
71,3283,o49116,2,,پہچاننا — نہیں پہچانتا، جانی پہچانی گلیاں,,
71,3283,o49116,3,,,صفحہ 71: «well known streets» ماخذ میں own house کا ہم درجہ ہے,
71,3283,o49116,4,,,,پہچاننا — نہیں پہچانتا، جانی پہچانی گلیاں
87,3948,r3993,1,"THINKING, aversion to, morning, afternoon",,,
87,3948,r3993,2,,سوچنے سے بیزار، سہ پہر,,
87,3948,r3993,3,,,صفحہ 87: «afternoon» ماخذ میں morning کا ہم درجہ ہے,
87,3948,r3993,4,,,,سوچنے سے بیزار، سہ پہر
87,3949,r3994,1,"THINKING, aversion to, morning, afternoon, after walking in open air",,,
87,3949,r3994,2,,سوچنے سے بیزار، سہ پہر کھلی ہوا میں چلنے کے بعد,,
87,3949,r3994,3,,,والدین کی اصلاح سے مکمل راستہ بدلا (متن وہی),
87,3949,r3994,4,,,,سوچنے سے بیزار، سہ پہر کھلی ہوا میں چلنے کے بعد
87,3950,r3995,1,"THINKING, aversion to, morning, evening",,,
87,3950,r3995,2,,سوچنے سے بیزار، شام,,
87,3950,r3995,3,,,صفحہ 87: «evening» ماخذ میں morning کا ہم درجہ ہے,
87,3950,r3995,4,,,,سوچنے سے بیزار، شام
