شناخت,پرانا راستہ,ادویات,نوٹ
o64843,BALL in,4,OOREP مجموعہ/راستہ-آرٹی فاکٹ — کتابی راستے ماخذی درخت پر (تین-کالم.csv میں جوڑے دیکھیں)
m6818,CHILLS spread from the neck of the bladder,0,OOREP خالی m-کنٹینر — بے-ادویہ برتن، ماخذی درخت سے باہر، فائل میں محفوظ
o64844,"CONSTRICTION, neck, urination",8,OOREP مجموعہ/راستہ-آرٹی فاکٹ — کتابی راستے ماخذی درخت پر (تین-کالم.csv میں جوڑے دیکھیں)
o64845,"CONSTRICTION, urination",8,OOREP مجموعہ/راستہ-آرٹی فاکٹ — کتابی راستے ماخذی درخت پر (تین-کالم.csv میں جوڑے دیکھیں)
m6830,CONTRACTION,0,OOREP خالی m-کنٹینر — بے-ادویہ برتن، ماخذی درخت سے باہر، فائل میں محفوظ
o64846,"CRAMP in, urination",3,OOREP مجموعہ/راستہ-آرٹی فاکٹ — کتابی راستے ماخذی درخت پر (تین-کالم.csv میں جوڑے دیکھیں)
m6836,CRAWLING,0,OOREP خالی m-کنٹینر — بے-ادویہ برتن، ماخذی درخت سے باہر، فائل میں محفوظ
m6837,DROPS came out of,0,OOREP خالی m-کنٹینر — بے-ادویہ برتن، ماخذی درخت سے باہر، فائل میں محفوظ
m6838,EMPTINESS,0,OOREP خالی m-کنٹینر — بے-ادویہ برتن، ماخذی درخت سے باہر، فائل میں محفوظ
m6839,FALLS to side lain on,0,OOREP خالی m-کنٹینر — بے-ادویہ برتن، ماخذی درخت سے باہر، فائل میں محفوظ
r37,FULLNESS,0,OOREP خالی m-کنٹینر — بے-ادویہ برتن، ماخذی درخت سے باہر، فائل میں محفوظ
m6861,ITCHING in region of bladder with urging to urinate,0,OOREP خالی m-کنٹینر — بے-ادویہ برتن، ماخذی درخت سے باہر، فائل میں محفوظ
m6862,ITCHING,0,OOREP خالی m-کنٹینر — بے-ادویہ برتن، ماخذی درخت سے باہر، فائل میں محفوظ
m6863,JAR,0,OOREP خالی m-کنٹینر — بے-ادویہ برتن، ماخذی درخت سے باہر، فائل میں محفوظ
m6865,OBSTRUCTION,0,OOREP خالی m-کنٹینر — بے-ادویہ برتن، ماخذی درخت سے باہر، فائل میں محفوظ
o64847,"PAIN, aching, urination",9,OOREP مجموعہ/راستہ-آرٹی فاکٹ — کتابی راستے ماخذی درخت پر (تین-کالم.csv میں جوڑے دیکھیں)
o64848,"PAIN, burning, neck, urination",17,OOREP مجموعہ/راستہ-آرٹی فاکٹ — کتابی راستے ماخذی درخت پر (تین-کالم.csv میں جوڑے دیکھیں)
o64849,"PAIN, burning, urination",32,OOREP مجموعہ/راستہ-آرٹی فاکٹ — کتابی راستے ماخذی درخت پر (تین-کالم.csv میں جوڑے دیکھیں)
o64850,"PAIN, cutting, neck, urination",8,OOREP مجموعہ/راستہ-آرٹی فاکٹ — کتابی راستے ماخذی درخت پر (تین-کالم.csv میں جوڑے دیکھیں)
o64851,"PAIN, cutting, urination",21,OOREP مجموعہ/راستہ-آرٹی فاکٹ — کتابی راستے ماخذی درخت پر (تین-کالم.csv میں جوڑے دیکھیں)
o64852,"PAIN, dragging, urination",8,OOREP مجموعہ/راستہ-آرٹی فاکٹ — کتابی راستے ماخذی درخت پر (تین-کالم.csv میں جوڑے دیکھیں)
o6941,"PAIN, evening, urination, after",1,OOREP مجموعہ/راستہ-آرٹی فاکٹ — کتابی راستے ماخذی درخت پر (تین-کالم.csv میں جوڑے دیکھیں)
o64853,"PAIN, extending",8,"OOREP کٹی لیبل «PAIN, extending» (8) — کتاب میں مکمل راستے (extending to kidney…) ماخذی درخت پر"
o64854,"PAIN, moving",2,OOREP مجموعہ/راستہ-آرٹی فاکٹ — کتابی راستے ماخذی درخت پر (تین-کالم.csv میں جوڑے دیکھیں)
o64855,"PAIN, neck, urination",15,OOREP مجموعہ/راستہ-آرٹی فاکٹ — کتابی راستے ماخذی درخت پر (تین-کالم.csv میں جوڑے دیکھیں)
r188,"PAIN, pressing",100,OOREP مجموعہ/راستہ-آرٹی فاکٹ — کتابی راستے ماخذی درخت پر (تین-کالم.csv میں جوڑے دیکھیں)
o64857,"PAIN, pressing, neck, urination",14,OOREP مجموعہ/راستہ-آرٹی فاکٹ — کتابی راستے ماخذی درخت پر (تین-کالم.csv میں جوڑے دیکھیں)
o64858,"PAIN, pressing, urination",39,OOREP مجموعہ/راستہ-آرٹی فاکٹ — کتابی راستے ماخذی درخت پر (تین-کالم.csv میں جوڑے دیکھیں)
o64859,"PAIN, sore",34,OOREP مجموعہ/راستہ-آرٹی فاکٹ — کتابی راستے ماخذی درخت پر (تین-کالم.csv میں جوڑے دیکھیں)
o64860,"PAIN, sore, urination",2,OOREP مجموعہ/راستہ-آرٹی فاکٹ — کتابی راستے ماخذی درخت پر (تین-کالم.csv میں جوڑے دیکھیں)
o64861,"PAIN, stitching, stinging, extending",8,"OOREP کٹی لیبل «PAIN, stitching, stinging, extending» (8) — کتابی «…extending from kidney to bladder» ماخذی درخت پر"
o64862,"PAIN, stitching, stinging, neck, urination",8,OOREP مجموعہ/راستہ-آرٹی فاکٹ — کتابی راستے ماخذی درخت پر (تین-کالم.csv میں جوڑے دیکھیں)
o64863,"PAIN, stitching, stinging, urging to urinate",3,OOREP مجموعہ/راستہ-آرٹی فاکٹ — کتابی راستے ماخذی درخت پر (تین-کالم.csv میں جوڑے دیکھیں)
o64864,"PAIN, stitching, stinging, urination",8,OOREP مجموعہ/راستہ-آرٹی فاکٹ — کتابی راستے ماخذی درخت پر (تین-کالم.csv میں جوڑے دیکھیں)
o64865,"PAIN, urinating",28,OOREP مجموعہ/راستہ-آرٹی فاکٹ — کتابی راستے ماخذی درخت پر (تین-کالم.csv میں جوڑے دیکھیں)
o64866,"PARALYTIC weakness, sensation of",9,OOREP مجموعہ/راستہ-آرٹی فاکٹ — کتابی راستے ماخذی درخت پر (تین-کالم.csv میں جوڑے دیکھیں)
r289,RETENTION,130,OOREP مجموعہ «RETENTION» (130 unions) — کتابی مین «RETENTION of urine (See Urination Retarded)» (115) ماخذی درخت پر
o64868,"RETENTION, cold",7,OOREP مجموعہ/راستہ-آرٹی فاکٹ — کتابی راستے ماخذی درخت پر (تین-کالم.csv میں جوڑے دیکھیں)
o7103,"RETENTION, night, 3 a.m. to 6 a.m.",1,OOREP مجموعہ/راستہ-آرٹی فاکٹ — کتابی راستے ماخذی درخت پر (تین-کالم.csv میں جوڑے دیکھیں)
m7112,SHOCKS,0,OOREP خالی m-کنٹینر — بے-ادویہ برتن، ماخذی درخت سے باہر، فائل میں محفوظ
o64869,"SPASM, urination",9,OOREP مجموعہ/راستہ-آرٹی فاکٹ — کتابی راستے ماخذی درخت پر (تین-کالم.csv میں جوڑے دیکھیں)
m7122,STONE in,0,OOREP خالی m-کنٹینر — بے-ادویہ برتن، ماخذی درخت سے باہر، فائل میں محفوظ
o64870,"TENESMUS, stool",8,OOREP مجموعہ/راستہ-آرٹی فاکٹ — کتابی راستے ماخذی درخت پر (تین-کالم.csv میں جوڑے دیکھیں)
m7144,TWITCHING,0,OOREP خالی m-کنٹینر — بے-ادویہ برتن، ماخذی درخت سے باہر، فائل میں محفوظ
r380,URGING,241,OOREP مجموعہ «URGING» (241 unions) — کتابی مین «URGING to urinate (morbid desire)» (152) ماخذی درخت پر
o64872,"URGING, frequent, flatus",2,OOREP مجموعہ/راستہ-آرٹی فاکٹ — کتابی راستے ماخذی درخت پر (تین-کالم.csv میں جوڑے دیکھیں)
o64873,"URGING, frequent, menses",19,OOREP مجموعہ/راستہ-آرٹی فاکٹ — کتابی راستے ماخذی درخت پر (تین-کالم.csv میں جوڑے دیکھیں)
o7214,"URGING, lying, on back agg.",2,OOREP مجموعہ/راستہ-آرٹی فاکٹ — کتابی راستے ماخذی درخت پر (تین-کالم.csv میں جوڑے دیکھیں)
o64874,"URGING, menses",19,OOREP مجموعہ/راستہ-آرٹی فاکٹ — کتابی راستے ماخذی درخت پر (تین-کالم.csv میں جوڑے دیکھیں)
o7224,"URGING, morning, 8 a.m. to 9 a.m.",1,OOREP مجموعہ/راستہ-آرٹی فاکٹ — کتابی راستے ماخذی درخت پر (تین-کالم.csv میں جوڑے دیکھیں)
o7229,"URGING, night, 12 p.m. and 3 a.m., between",1,OOREP مجموعہ/راستہ-آرٹی فاکٹ — کتابی راستے ماخذی درخت پر (تین-کالم.csv میں جوڑے دیکھیں)
o64875,"URGING, sitting",5,OOREP مجموعہ/راستہ-آرٹی فاکٹ — کتابی راستے ماخذی درخت پر (تین-کالم.csv میں جوڑے دیکھیں)
o7252,"URGING, sitting, while agg.",4,OOREP مجموعہ/راستہ-آرٹی فاکٹ — کتابی راستے ماخذی درخت پر (تین-کالم.csv میں جوڑے دیکھیں)
o7262,"URGING, sudden, morning, waking, on",2,OOREP مجموعہ/راستہ-آرٹی فاکٹ — کتابی راستے ماخذی درخت پر (تین-کالم.csv میں جوڑے دیکھیں)
o64876,"URGING, water, hearing",6,OOREP مجموعہ/راستہ-آرٹی فاکٹ — کتابی راستے ماخذی درخت پر (تین-کالم.csv میں جوڑے دیکھیں)
r492,URINATION,288,OOREP مجموعہ/راستہ-آرٹی فاکٹ — کتابی راستے ماخذی درخت پر (تین-کالم.csv میں جوڑے دیکھیں)
o64877,"URINATION, dribbling (by drops), afternoon",2,"OOREP برتن «dribbling (by drops), afternoon» (2) — کتابی «frequent, afternoon» (7)/«afternoon, rising from seat, on» (1) ماخذی درخت پر"
r504,"URINATION, dribbling (by drops), involuntary",39,"OOREP اضافی برتن «dribbling (by drops), involuntary» (39) — r606 (175) اسی ماخذی قطار پر، union ادویات محفوظ"
r507,"URINATION, dribbling (by drops), involuntary, delayed, if",1,"OOREP اضافی برتن «…involuntary, delayed, if» (1) — r631 (7) اسی ماخذی قطار پر"
r509,"URINATION, dribbling (by drops), involuntary, menses, during",2,"OOREP اضافی برتن «…involuntary, menses, during» (2) — r640 (5) اسی ماخذی قطار پر"
o64878,"URINATION, dribbling (by drops), sitting",2,OOREP مجموعہ/راستہ-آرٹی فاکٹ — کتابی راستے ماخذی درخت پر (تین-کالم.csv میں جوڑے دیکھیں)
o7319,"URINATION, dysuria, night, midnight, after, 3 a.m. to 5 a.m.",1,OOREP مجموعہ/راستہ-آرٹی فاکٹ — کتابی راستے ماخذی درخت پر (تین-کالم.csv میں جوڑے دیکھیں)
o7320,"URINATION, dysuria, pain in the sphincter vesicae, with hyperaesthesia of the skin down the course of the left sciatic nerve, pain in the left popliteus and hell, with coldness creeping over the whole course of the nerve, especially in the heel",1,OOREP مجموعہ/راستہ-آرٹی فاکٹ — کتابی راستے ماخذی درخت پر (تین-کالم.csv میں جوڑے دیکھیں)
o64880,"URINATION, dysuria, painful",15,OOREP مجموعہ/راستہ-آرٹی فاکٹ — کتابی راستے ماخذی درخت پر (تین-کالم.csv میں جوڑے دیکھیں)
o64881,"URINATION, dysuria, tenesmus of rectum, with",2,OOREP مجموعہ/راستہ-آرٹی فاکٹ — کتابی راستے ماخذی درخت پر (تین-کالم.csv میں جوڑے دیکھیں)
o7348,"URINATION, frequent, busily occupied, when, must run and pass a little urine",2,OOREP مجموعہ/راستہ-آرٹی فاکٹ — کتابی راستے ماخذی درخت پر (تین-کالم.csv میں جوڑے دیکھیں)
o7350,"URINATION, frequent, coffee, after",4,OOREP مجموعہ/راستہ-آرٹی فاکٹ — کتابی راستے ماخذی درخت پر (تین-کالم.csv میں جوڑے دیکھیں)
o7353,"URINATION, frequent, dinner after",2,OOREP مجموعہ/راستہ-آرٹی فاکٹ — کتابی راستے ماخذی درخت پر (تین-کالم.csv میں جوڑے دیکھیں)
o7354,"URINATION, frequent, emission of water-colored urine in small quantity",1,OOREP مجموعہ/راستہ-آرٹی فاکٹ — کتابی راستے ماخذی درخت پر (تین-کالم.csv میں جوڑے دیکھیں)
o7356,"URINATION, frequent, every other day",1,OOREP مجموعہ/راستہ-آرٹی فاکٹ — کتابی راستے ماخذی درخت پر (تین-کالم.csv میں جوڑے دیکھیں)
o7357,"URINATION, frequent, exertion, after",1,OOREP مجموعہ/راستہ-آرٹی فاکٹ — کتابی راستے ماخذی درخت پر (تین-کالم.csv میں جوڑے دیکھیں)
o7358,"URINATION, frequent, exposure to cold and wet",7,OOREP مجموعہ/راستہ-آرٹی فاکٹ — کتابی راستے ماخذی درخت پر (تین-کالم.csv میں جوڑے دیکھیں)
o7359,"URINATION, frequent, fever, during",11,OOREP مجموعہ/راستہ-آرٹی فاکٹ — کتابی راستے ماخذی درخت پر (تین-کالم.csv میں جوڑے دیکھیں)
o7360,"URINATION, frequent, fever, during, drinking, after",2,OOREP مجموعہ/راستہ-آرٹی فاکٹ — کتابی راستے ماخذی درخت پر (تین-کالم.csv میں جوڑے دیکھیں)
o7362,"URINATION, frequent, headache, with",5,OOREP مجموعہ/راستہ-آرٹی فاکٹ — کتابی راستے ماخذی درخت پر (تین-کالم.csv میں جوڑے دیکھیں)
o64882,"URINATION, frequent, menses",18,OOREP مجموعہ/راستہ-آرٹی فاکٹ — کتابی راستے ماخذی درخت پر (تین-کالم.csv میں جوڑے دیکھیں)
o7366,"URINATION, frequent, morning, rising, after",2,OOREP مجموعہ/راستہ-آرٹی فاکٹ — کتابی راستے ماخذی درخت پر (تین-کالم.csv میں جوڑے دیکھیں)
o7371,"URINATION, frequent, old people",1,OOREP مجموعہ/راستہ-آرٹی فاکٹ — کتابی راستے ماخذی درخت پر (تین-کالم.csv میں جوڑے دیکھیں)
o7372,"URINATION, frequent, pain in face, with",1,OOREP مجموعہ/راستہ-آرٹی فاکٹ — کتابی راستے ماخذی درخت پر (تین-کالم.csv میں جوڑے دیکھیں)
r625,"URINATION, involuntary, boys, in",1,"OOREP کٹا راستہ «URINATION, involuntary, boys, in» (1) — کتابی «dribbling (by drops), involuntary, boys, in» ماخذی درخت پر"
o64883,"URINATION, involuntary, chill",6,OOREP مجموعہ/راستہ-آرٹی فاکٹ — کتابی راستے ماخذی درخت پر (تین-کالم.csv میں جوڑے دیکھیں)
o64884,"URINATION, involuntary, motion",9,OOREP مجموعہ/راستہ-آرٹی فاکٹ — کتابی راستے ماخذی درخت پر (تین-کالم.csv میں جوڑے دیکھیں)
o7418,"URINATION, involuntary, night (incontinence in bed), midnight, after, 5 a.m.",1,OOREP مجموعہ/راستہ-آرٹی فاکٹ — کتابی راستے ماخذی درخت پر (تین-کالم.csv میں جوڑے دیکھیں)
o64885,"URINATION, involuntary, sitting",7,OOREP مجموعہ/راستہ-آرٹی فاکٹ — کتابی راستے ماخذی درخت پر (تین-کالم.csv میں جوڑے دیکھیں)
o64886,"URINATION, involuntary, stool",38,OOREP مجموعہ/راستہ-آرٹی فاکٹ — کتابی راستے ماخذی درخت پر (تین-کالم.csv میں جوڑے دیکھیں)
o7446,"URINATION, involuntary, walking, while agg.",26,OOREP مجموعہ/راستہ-آرٹی فاکٹ — کتابی راستے ماخذی درخت پر (تین-کالم.csv میں جوڑے دیکھیں)
o7448,"URINATION, involuntary, water running from a hydrant, on seeing",2,OOREP مجموعہ/راستہ-آرٹی فاکٹ — کتابی راستے ماخذی درخت پر (تین-کالم.csv میں جوڑے دیکھیں)
o7449,"URINATION, involuntary, weakly children, in",1,"OOREP کٹا راستہ «URINATION, involuntary, weakly children, in» (1) — کتابی «dribbling (by drops), weakly children, in» نئی hN قطار"
r676,"URINATION, retarded",67,OOREP مجموعہ/راستہ-آرٹی فاکٹ — کتابی راستے ماخذی درخت پر (تین-کالم.csv میں جوڑے دیکھیں)
o64889,"URINATION, retarded, listening",4,OOREP مجموعہ/راستہ-آرٹی فاکٹ — کتابی راستے ماخذی درخت پر (تین-کالم.csv میں جوڑے دیکھیں)
o64890,"URINATION, retarded, long while",2,OOREP مجموعہ/راستہ-آرٹی فاکٹ — کتابی راستے ماخذی درخت پر (تین-کالم.csv میں جوڑے دیکھیں)
o64891,"URINATION, retarded, press, must",29,OOREP مجموعہ/راستہ-آرٹی فاکٹ — کتابی راستے ماخذی درخت پر (تین-کالم.csv میں جوڑے دیکھیں)
o64892,"URINATION, retarded, press, must, continue to, must",3,OOREP مجموعہ/راستہ-آرٹی فاکٹ — کتابی راستے ماخذی درخت پر (تین-کالم.csv میں جوڑے دیکھیں)
o64893,"URINATION, retarded, sitting",3,OOREP مجموعہ/راستہ-آرٹی فاکٹ — کتابی راستے ماخذی درخت پر (تین-کالم.csv میں جوڑے دیکھیں)
o64894,"URINATION, retarded, standing",6,OOREP مجموعہ/راستہ-آرٹی فاکٹ — کتابی راستے ماخذی درخت پر (تین-کالم.csv میں جوڑے دیکھیں)
m7501,WORM in,0,OOREP خالی m-کنٹینر — بے-ادویہ برتن، ماخذی درخت سے باہر، فائل میں محفوظ
