صفحہ,گہرائی,مکمل راستہ (مطبوعہ کتاب),ادویات (گریڈ)
667,0,PROSTATE GLAND,
667,0,"BALL, sensation of sitting on a","cann-i(1), chim(2), sep(3), sil(1)"
667,0,EMISSION prostatic fluid,"agar(1), agn(2), alum(1), am-c(1), anac(2), apis(2), aur(2), bell(1), calc(2), cann-s(1), canth(1), casc(1), chim(1), con(1), daph(1), dig(1), elaps(2), ery-a(2), eupho(2), gels(1), hep(2), lyc(2), lyss(1), mag-c(2), mang(1), nat-c(2), nat-m(2), nit-ac(2), nux-m(1), petr(2), ph-ac(3), phos(2), pic-ac(1), plb(1), psor(2), puls(2), sabal(1), sel(3), sep(3), sil(2), spig(2), staph(3), sulph(2), tab(1), tarent(1), thuj(2), zinc(2)"
667,1,"EMISSION prostatic fluid, dribbling","phos(2), sel(3)"
667,1,"EMISSION prostatic fluid, easily discharged, so that even an emission of flatus causes",mag-c(1)
667,1,"EMISSION prostatic fluid, emotion, with every","con(3), hep(1), puls(1), sel(1), zinc(1)"
667,1,"EMISSION prostatic fluid, erections, during","nit-ac(1), ph-ac(3), puls(2)"
667,2,"EMISSION prostatic fluid, erections, during, without","aur(1), bell(1), cann-s(1), con(1), eupho(1), lyc(2), lyss(1), nat-m(2), phos(2), sel(3), thuj(1)"
667,1,"EMISSION prostatic fluid, flatus, while passing","con(1), mag-c(2)"
667,1,"EMISSION prostatic fluid, fondling women, while","agn(1), con(3)"
667,1,"EMISSION prostatic fluid, lascivious thoughts, during","con(3), lyc(2), nat-m(2), nit-ac(3), ph-ac(2), phos(2), pic-ac(1)"
667,1,"EMISSION prostatic fluid, sitting, while",sel(2)
667,1,"EMISSION prostatic fluid, stool, with","agar(1), agn(2), alum(1), am-c(1), anac(1), ars(1), aur-m(1), calc(2), carb-v(1), carl(1), caust(2), con(3), cor-r(1), elaps(1), hep(2), ign(2), iod(2), kali-bi(2), nat-c(2), nat-m(2), nat-p(1), nit-ac(2), nux-v(3), petr(2), ph-ac(3), phos(2), sel(3), sep(3), sil(2), staph(1), sulph(1), zinc(2)"
667,2,"EMISSION prostatic fluid, stool, with, difficult, with","agn(2), alum(1), am-c(1), anac(1), arn(1), cann-i(1), carb-v(2), con(1), gels(1), hep(2), nat-c(2), nit-ac(3), ph-ac(3), phos(2), psor(1), sep(2), sil(3), staph(2), sulph(3), zinc(1)"
667,2,"EMISSION prostatic fluid, stool, with, soft, with","anac(1), sel(2)"
667,2,"EMISSION prostatic fluid, stool, with, after","am-c(1), anac(1), calc(2), caust(2), cur(1), hep(2), iod(2), kali-c(2), lyss(1), nat-c(2), nit-ac(2), phos(1), sel(2), sep(2), sil(2), sulph(3), zinc(1)"
667,1,"EMISSION prostatic fluid, talking to a young lady, while","nat-m(2), phos(2)"
667,1,"EMISSION prostatic fluid, thinking of it",nat-m(1)
667,1,"EMISSION prostatic fluid, urination, before",psor(1)
667,2,"EMISSION prostatic fluid, urination, before, during","anac(1), hep(1), nat-c(1), nit-ac(1), sep(1), sulph(1)"
667,2,"EMISSION prostatic fluid, urination, before, after","anac(1), calc(1), cur(1), daph(2), hep(2), hipp(1), kali-c(2), lyc(1), lyss(1), nat-c(2), nat-m(1), sel(1), sep(2), sil(2), sulph(3)"
667,1,"EMISSION prostatic fluid, walking, while","agn(1), sel(3), sil(1)"
667,0,ENLARGEMENT,"aloe(1), alum(1), am-m(2), apis(2), asar(1), aspar(1), aur-m(2), bar-c(3), benz-ac(2), berb(2), cact(1), calc(3), cann-s(1), canth(1), chim(2), cic(1), clem(1), con(3), cop(1), dig(3), ferr-m(2), hyos(2), iod(2), kali-i(2), kali-p(1), lith(1), lyc(2), med(2), merc(2), nat-c(2), nat-p(1), nat-s(2), nit-ac(2), nux-v(1), pareir(2), phos(2), psor(2), puls(3), sec(2), sel(2), senec(1), sil(2), spong(2), staph(2), sulph(2), thuj(2), uva(1)"
667,1,"ENLARGEMENT, dribbling urine after stool and urine",sel(3)
667,1,"ENLARGEMENT, senile","aloe(1), bar-c(3), benz-ac(2), con(2), dig(3), iod(2), nux-v(1), sabal(1), sel(3), staph(2), sulph(1)"
667,1,"ENLARGEMENT, sensation of","alum(1), berb(1), bry(1), chim(1), cycl(1), nux-v(1), ther(2)"
667,0,FESTERING sensation,cycl(1)
667,0,FULLNESS,"alum(1), berb(1), bry(1), chim(2), cycl(2), nux-v(1)"
667,0,GURGLING sensation,phyt(1)
667,0,HARDNESS,"con(3), cop(2), iod(1), med(1), plb(1), senec(1), sil(2), thuj(2)"
667,1,"HARDNESS, without enlargement",cop(1)
667,0,HEAT,"ptel(1), puls(2)"
667,0,HEAVINESS,"cact(1), caust(1), con(2), cop(2), graph(1), hydrc(1), puls(1), sulph(1)"
667,1,"HEAVINESS, lascivious thoughts, during",graph(2)
667,0,INDURATION,"con(2), cop(2), iod(2), plb(1), psor(2), sel(2), senec(1), sil(2), sulph(2), thuj(3)"
668,0,INFLAMMATION,"acon(1), aesc(1), agn(1), alum(1), apis(3), arn(1), bell(1), bov(1), cact(1), cann-i(1), canth(1), caps(2), caust(2), chim(3), con(2), cop(2), cub(2), cycl(1), dig(2), hep(2), hipp(1), kali-bi(2), lach(1), lil-t(1), lith(1), lyc(2), med(1), merc(2), merc-d(1), nux-v(2), pareir(1), petr(2), ph-ac(2), puls(3), sabal(1), sec(1), sel(2), senec(1), sep(2), sil(2), staph(2), sul-ac(1), sulph(2), thuj(2), zinc(1)"
668,1,"INFLAMMATION, suppressed gonorrhœa, from","bell(1), cop(2), cupr(1), dig(2), med(2), merc(2), nit-ac(3), nux-v(2), petr(2), puls(2), sep(2), staph(1), sulph(2), thuj(3)"
668,0,IRRITATION in,"cact(1), dig(2), gnaph(1)"
668,0,JERKING in region of,form(1)
668,0,"ONANISM, complaints after",tarent(1)
668,0,PAIN,"acon(1), all-c(2), alum(2), apis(1), asaf(1), bell(2), berb(1), bov(1), brom(1), cact(1), calc-p(1), caps(2), caust(2), chim(2), con(2), cop(1), cub(2), cupr-ar(1), cycl(2), dig(1), gnaph(1), graph(1), laur(1), lyc(2), lyss(1), merc(1), ol-an(1), pareir(1), phos(2), podo(1), polyg-h(1), puls(2), rhus-t(2), sel(1), staph(2), sul-i(1), sulph(1), tarent(1), thuj(1)"
668,1,"PAIN, blowing nose, on",alum(1)
668,1,"PAIN, cancer, in",crot-h(1)
668,1,"PAIN, coition, after","all-c(2), alum(1), caps(1), psor(2), sel(1)"
668,1,"PAIN, erection, during",alum(1)
668,1,"PAIN, gonorrhœa, during","caps(2), cub(1)"
668,1,"PAIN, jarring agg.",bell(3)
668,1,"PAIN, riding agg.",staph(1)
668,1,"PAIN, sitting, while","chim(2), cycl(2), dig(1), rhus-t(1)"
668,1,"PAIN, standing",cycl(1)
668,1,"PAIN, stool, urging to","cycl(2), rhus-t(1)"
668,2,"PAIN, stool, urging to, after",phos(1)
668,1,"PAIN, urination, during","apis(2), cop(1), lyc(1), pareir(1)"
668,2,"PAIN, urination, during, at close of",coca(1)
668,2,"PAIN, urination, during, after","lyc(1), puls(3)"
668,1,"PAIN, urinate, urging to","cycl(2), rhus-t(2)"
668,1,"PAIN, walking agg.","all-c(1), brom(1), cycl(2), staph(1)"
668,2,"PAIN, walking agg., amel.",rhus-t(2)
668,1,"PAIN, aching",thuj(1)
668,2,"PAIN, aching, bladder, and, deep in pelvis, morning and forenoon after coition",all-c(1)
668,2,"PAIN, aching, sitting and walking, while",cycl(1)
668,1,"PAIN, biting","carb-an(1), con(1)"
668,1,"PAIN, burning","all-c(1), ambr(1), cop(1), lyss(1), ph-ac(1)"
668,1,"PAIN, constrictive","canth(1), caust(2), puls(1), sulph(1)"
668,1,"PAIN, dragging","nat-a(1), sil(1)"
668,1,"PAIN, drawing","clem(1), cycl(2), kali-bi(1), mez(1)"
668,2,"PAIN, drawing, sitting or walking",cycl(2)
668,1,"PAIN, pressing","all-c(1), alum(2), apis(1), asaf(1), berb(1), brom(1), cact(1), caust(2), chim(1), con(2), cycl(2), laur(1), lyc(2), merc(1), ol-an(1), phos(2), puls(2), sel(2), sulph(1), thuj(1)"
668,2,"PAIN, pressing, coition, during",alum(2)
668,2,"PAIN, pressing, erection, at beginning of",alum(2)
668,2,"PAIN, pressing, nose, on blowing",alum(1)
668,2,"PAIN, pressing, standing",cycl(1)
668,2,"PAIN, pressing, urination, during",lyc(2)
668,3,"PAIN, pressing, urination, during, after","lyc(1), puls(3)"
668,2,"PAIN, pressing, walking, while","all-c(1), brom(1), cycl(2)"
668,1,"PAIN, pulsating","caust(1), polyg-h(1)"
668,2,"PAIN, pulsating, region of",bov(1)
668,3,"PAIN, pulsating, region of, straining to urinate, while",dig(1)
668,1,"PAIN, shooting (See Stitching)",
668,1,"PAIN, soreness","alum(1), chim(3), cycl(2), rhus-t(2), sul-ac(1)"
668,1,"PAIN, sticking",nit-ac(1)
668,1,"PAIN, stitching","bov(1), calc-p(1), con(2), cycl(2), kali-bi(1), kali-c(1), kali-n(1), lyc(1), puls(2)"
668,2,"PAIN, stitching, afternoon","aur(1), kali-bi(1)"
668,2,"PAIN, stitching, urination, during","cact(1), caust(1), cop(1), cycl(1), kali-n(1), merc-d(1), pareir(1), sel(1)"
668,2,"PAIN, stitching, walking agg.",kali-bi(2)
668,2,"PAIN, stitching, extending to genitals",bov(1)
668,0,"QUIVERING, nervous",form(1)
668,0,SUPPURATION,"hep(1), sil(3)"
668,0,SWELLING,"cann-s(1), chel(1), chim(3), con(2), cop(1), cub(1), dig(2), dulc(1), hipp(1), iod(2), med(1), merc-d(1), puls(2), sel(1), senec(1), sep(1), staph(1), sul-ac(1), thuj(1)"
668,0,TENSION,"clem(1), lyc(1), thuj(1)"
668,0,TWITCHING,form(1)
668,0,UNEASINESS,ptel(1)
