شناخت,پرانا راستہ (ایپ),نیا راستہ (مطبوعہ کتاب),اردو جملہ,ادویات پرانی,ادویات ماخذی,فرق
o62139,"CONSTRICTION, extending, backward, while reflecting","CONSTRICTION, extending to bladder, backward, while reflecting",پیشاب کی نالی — جکڑن، پھیلتی ہوئی، پیچھے کی طرف، واپس پلٹتے وقت,1,1,یکساں
o62150,"CONTRACTION, suppressed gonorrhoea","CONTRACTION, suppressed gonorrhœa",پیشاب کی نالی — سکڑاؤ، سوزاک دب جانے سے,1,1,یکساں
o62267,"HAEMORRHAGE, suppressed gonorrhoea, after","HÆMORRHAGE, suppressed gonorrhœa, after",پیشاب کی نالی — خون کا بہاؤ، سوزاک دب جانے کے بعد,1,1,یکساں
o62278,"INFLAMMATION, burning, shooting pain and increased gonorrhoea, with","INFLAMMATION, burning, shooting pain and increased gonorrhœa, with",پیشاب کی نالی — سوزش، جلن، دوڑتا ہوا درد اور سوزاک میں اضافے کے ساتھ,2,2,یکساں
o62296,"ITCHING, gonorrhoea, with","ITCHING, gonorrhœa, with",پیشاب کی نالی — خارش، سوزاک کے ساتھ,4,4,یکساں
o62356,"PAIN, burning, anterior part, urination, during","PAIN, burning, anterior part, urination, during",پیشاب کی نالی — درد، جلتا ہوا، اگلے حصے میں، پیشاب کے دوران,20,20,یکساں
o62396,"PAIN, burning, shooting and increased gonorrhoea","PAIN, burning, shooting and increased gonorrhœa",پیشاب کی نالی — درد، جلتا ہوا، دوڑتا ہوا درد اور سوزاک میں اضافہ,2,2,یکساں
o62427,"PAIN, cutting, extending, from within outward","PAIN, cutting, extending backward, from within outward",پیشاب کی نالی — درد، کاٹتا ہوا، پھیلتا ہوا، اندر سے باہر کی طرف,1,1,یکساں
o62465,"PAIN, drawing, extending, from anus through urethra","PAIN, drawing, extending to anus, from anus through urethra",پیشاب کی نالی — درد، کھینچتا ہوا، پھیلتا ہوا، مقعد سے پیشاب کی نالی میں سے ہو کر,1,1,یکساں
o62466,"PAIN, drawing, extending, from, perinaeum into urethra","PAIN, drawing, extending to anus, from anus through urethra, perinæum into urethra",پیشاب کی نالی — درد، کھینچتا ہوا، پھیلتا ہوا، پاخانے اور پیشاب کے درمیان کے حصے سے پیشاب کی نالی میں,1,1,یکساں
o62519,"PAIN, stitching, anterior part, urination, after","PAIN, stitching, anterior part, urination, after",پیشاب کی نالی — درد، چبھتا ہوا، اگلے حصے میں، پیشاب کے بعد,1,1,یکساں
o62530,"PAIN, stitching, erections","PAIN, stitching, erections",پیشاب کی نالی — درد، چبھتا ہوا، عضو کی سختی,4,4,یکساں
r1,"AGGLUTINATION of meatus, morning","AGGLUTINATION of meatus, morning",پیشاب کی نالی — پیشاب کی نالی کے منہ کا چپک جانا، صبح,4,4,یکساں
r10,"COLDNESS, painful shoots, during","COLDNESS, painful shoots, during",پیشاب کی نالی — ٹھنڈک، تکلیف دہ جھٹکے، کے دوران,1,1,یکساں
r12,"CONSTRICTION, convulsive","CONSTRICTION, convulsive",پیشاب کی نالی — جکڑن، تشنجی,1,1,یکساں
r122,"DROPPING from, sensation of, urination, after","DROPPING from, sensation of, urination, after",پیشاب کی نالی — قطرہ ٹپکنے کا احساس، پیشاب کے بعد,1,1,یکساں
r124,DROP remains (See Sensation),DROP remains (See Sensation),پیشاب کی نالی — قطرہ باقی رہ جائے,0,0,یکساں
r125,"DRYNESS, sensation of","DRYNESS, sensation of",پیشاب کی نالی — خشکی کا احساس,2,2,یکساں
r126,EXCRESCENCES,EXCRESCENCES,پیشاب کی نالی — ابھار (مسے),1,1,یکساں
r127,FUNGOID growth,FUNGOID growth,پیشاب کی نالی — کھمبی جیسی بڑھوتی,5,5,یکساں
r128,"GNAWING, when not urinating","GNAWING, when not urinating",پیشاب کی نالی — کترنے کا احساس، پیشاب نہ کرتے وقت,1,1,یکساں
r13,"CONSTRICTION, smarting","CONSTRICTION, smarting",پیشاب کی نالی — جکڑن، چبھن کے ساتھ,1,1,یکساں
r131,"HARDNESS, meatus, of","HARDNESS, meatus, of",پیشاب کی نالی — سختی، پیشاب کی نالی کے منہ میں,1,1,یکساں
r132,HARD node,HARD node,پیشاب کی نالی — سخت گانٹھ,2,2,یکساں
r134,"HEAT, emission of semen, during","HEAT, emission of semen, during",پیشاب کی نالی — گرمی، منی کے اخراج کے دوران,1,1,یکساں
r135,"HEAT, voluptuous","HEAT, voluptuous",پیشاب کی نالی — گرمی، شہوانی,1,1,یکساں
r137,"HAEMORRHAGE, burning, with","HÆMORRHAGE, burning, with",پیشاب کی نالی — خون کا بہاؤ، جلن کے ساتھ,12,12,یکساں
r138,"HAEMORRHAGE, coition, during","HÆMORRHAGE, coition, during",پیشاب کی نالی — خون کا بہاؤ، جماع کے دوران,1,1,یکساں
r139,"HAEMORRHAGE, constipation, with","HÆMORRHAGE, constipation, with",پیشاب کی نالی — خون کا بہاؤ، قبض کے ساتھ,1,1,یکساں
r14,"CONSTRICTION, urination, during","CONSTRICTION, urination, during",پیشاب کی نالی — جکڑن، پیشاب کے دوران,12,12,یکساں
r140,"HAEMORRHAGE, cut, from a, haemorrhagic diathesis","HÆMORRHAGE, cut, from a, hæmorrhagic diathesis",پیشاب کی نالی — خون کا بہاؤ، کٹنے سے، خون بہنے کے مزاج کے ساتھ,1,1,یکساں
r141,"HAEMORRHAGE, erection, during","HÆMORRHAGE, erection, during",پیشاب کی نالی — خون کا بہاؤ، عضو کی سختی کے دوران,1,1,یکساں
r142,"HAEMORRHAGE, first part of urine, with","HÆMORRHAGE, first part of urine, with",پیشاب کی نالی — خون کا بہاؤ، پیشاب کے پہلے حصے کے ساتھ,1,1,یکساں
r143,"HAEMORRHAGE, menses, suppressed","HÆMORRHAGE, menses, suppressed",پیشاب کی نالی — خون کا بہاؤ، حیض بند ہونے پر,1,1,یکساں
r144,"HAEMORRHAGE, painful","HÆMORRHAGE, painful",پیشاب کی نالی — خون کا بہاؤ، دردناک,2,2,یکساں
r145,"HAEMORRHAGE, painless","HÆMORRHAGE, painless",پیشاب کی نالی — خون کا بہاؤ، بے درد,5,5,یکساں
r146,"HAEMORRHAGE, pains in kidneys and bladder, with","HÆMORRHAGE, pains in kidneys and bladder, with",پیشاب کی نالی — خون کا بہاؤ، گردوں اور مثانے کے درد کے ساتھ,2,2,یکساں
r148,"HAEMORRHAGE, paralysis of legs, with","HÆMORRHAGE, paralysis of legs, with",پیشاب کی نالی — خون کا بہاؤ، ٹانگوں کے فالج کے ساتھ,1,1,یکساں
r150,"HAEMORRHAGE, pure blood, clotted","HÆMORRHAGE, pure blood, clotted",پیشاب کی نالی — خون کا بہاؤ، خالص خون، جمے ہوئے لوتھڑے,5,5,یکساں
r151,"HAEMORRHAGE, pure blood, urinating, when not","HÆMORRHAGE, pure blood, urinating, when not",پیشاب کی نالی — خون کا بہاؤ، خالص خون، پیشاب نہ کرتے وقت,1,1,یکساں
r152,"HAEMORRHAGE, stool, during","HÆMORRHAGE, stool, during",پیشاب کی نالی — خون کا بہاؤ، پاخانے کے دوران,2,2,یکساں
r154,"HAEMORRHAGE, urination, after","HÆMORRHAGE, urination, after",پیشاب کی نالی — خون کا بہاؤ، پیشاب کے بعد,7,7,یکساں
r155,"HAEMORRHAGE, vicarious","HÆMORRHAGE, vicarious",پیشاب کی نالی — خون کا بہاؤ، کسی اور اخراج کی جگہ (متبادل),2,2,یکساں
r156,"INDURATION, chronic","INDURATION, chronic",پیشاب کی نالی — سختی، پرانا، دیرینہ,4,4,یکساں
r159,"INFLAMMATION, meatus","INFLAMMATION, meatus",پیشاب کی نالی — سوزش، پیشاب کی نالی کے منہ میں,23,23,یکساں
r16,"CONSTRICTION, extending to bladder","CONSTRICTION, extending to bladder",پیشاب کی نالی — جکڑن، مثانے تک پھیلتی ہوئی,3,3,یکساں
r161,"IRRITATION, meatus","IRRITATION, meatus",پیشاب کی نالی — خراش (چڑچڑاہٹ)، پیشاب کی نالی کے منہ میں,1,1,یکساں
r163,"ITCHING, morning","ITCHING, morning",پیشاب کی نالی — خارش، صبح,1,1,یکساں
r164,"ITCHING, afternoon","ITCHING, afternoon",پیشاب کی نالی — خارش، سہ پہر,1,1,یکساں
r165,"ITCHING, evening","ITCHING, evening",پیشاب کی نالی — خارش، شام,2,2,یکساں
r166,"ITCHING, desire to urinate, with","ITCHING, desire to urinate, with",پیشاب کی نالی — خارش، پیشاب کی خواہش کے ساتھ,1,1,یکساں
r167,"ITCHING, erections, during","ITCHING, erections, during",پیشاب کی نالی — خارش، عضو کی سختی کے دوران,2,2,یکساں
r168,"ITCHING, gleet, with","ITCHING, gleet, with",پیشاب کی نالی — خارش، گلیٹ (پرانا سوزاک) کے ساتھ,4,4,یکساں
r171,"ITCHING, preceding discharge of pus","ITCHING, preceding discharge of pus",پیشاب کی نالی — خارش، پیپ کے اخراج سے پہلے,1,1,یکساں
r172,"ITCHING, urination, before","ITCHING, urination, before",پیشاب کی نالی — خارش، پیشاب سے پہلے,4,4,یکساں
r175,"ITCHING, voluptuous","ITCHING, voluptuous",پیشاب کی نالی — خارش، شہوانی,5,5,یکساں
r176,"ITCHING, female","ITCHING, female",پیشاب کی نالی — خارش، عورتوں میں,3,3,یکساں
r178,"ITCHING, anterior part, urination, when not","ITCHING, anterior part, urination, when not",پیشاب کی نالی — خارش، اگلے حصے میں، پیشاب نہ کرتے وقت,3,3,یکساں
r180,"ITCHING, fossa navicularis, shooting, and, evening","ITCHING, fossa navicularis, shooting, and, evening",پیشاب کی نالی — خارش، پیشاب کی نالی کے گڑھے میں، دوڑتی ہوئی، شام,1,1,یکساں
r181,"ITCHING, fossa navicularis, urination, after","ITCHING, fossa navicularis, urination, after",پیشاب کی نالی — خارش، پیشاب کی نالی کے گڑھے میں، پیشاب کے بعد,1,1,یکساں
r182,"ITCHING, fossa navicularis, voluptuous","ITCHING, fossa navicularis, voluptuous",پیشاب کی نالی — خارش، پیشاب کی نالی کے گڑھے میں، شہوانی,2,2,یکساں
r184,"ITCHING, meatus, evening","ITCHING, meatus, evening",پیشاب کی نالی — خارش، پیشاب کی نالی کے منہ میں، شام,2,2,یکساں
r185,"ITCHING, meatus, coition, after","ITCHING, meatus, coition, after",پیشاب کی نالی — خارش، پیشاب کی نالی کے منہ میں، جماع کے بعد,1,1,یکساں
r186,"ITCHING, meatus, touched, when","ITCHING, meatus, touched, when",پیشاب کی نالی — خارش، پیشاب کی نالی کے منہ میں، چھونے پر,1,1,یکساں
r188,"ITCHING, meatus, urging to urinate, as if, constant","ITCHING, meatus, urging to urinate, as if, constant",پیشاب کی نالی — خارش، پیشاب کی نالی کے منہ میں، جیسے پیشاب کی خواہش ہو، مسلسل,1,1,یکساں
r189,"ITCHING, meatus, urging, during","ITCHING, meatus, urging, during",پیشاب کی نالی — خارش، پیشاب کی نالی کے منہ میں، خواہش، کے دوران,2,2,یکساں
r191,"ITCHING, meatus, voluptuous","ITCHING, meatus, voluptuous",پیشاب کی نالی — خارش، پیشاب کی نالی کے منہ میں، شہوانی,3,3,یکساں
r192,"ITCHING, meatus, walking","ITCHING, meatus, walking",پیشاب کی نالی — خارش، پیشاب کی نالی کے منہ میں، چلنے سے,1,1,یکساں
r193,JERKING,JERKING,پیشاب کی نالی — جھٹکے,13,13,یکساں
r194,"JERKING, standing, while","JERKING, standing, while",پیشاب کی نالی — جھٹکے، کھڑے ہوئے,1,1,یکساں
r195,"JERKING, urination, after","JERKING, urination, after",پیشاب کی نالی — جھٹکے، پیشاب کے بعد,1,1,یکساں
r196,"JERKING, voluptuous formication in fossa navicularis","JERKING, voluptuous formication in fossa navicularis",پیشاب کی نالی — جھٹکے، شہوانی چیونٹیاں رینگنے کا احساس پیشاب کی نالی کے گڑھے میں,1,1,یکساں
r197,KNOTTY sensation,KNOTTY sensation,پیشاب کی نالی — گانٹھ جیسا احساس,4,4,یکساں
r199,"MOISTURE, meatus, glutinous","MOISTURE, meatus, glutinous",پیشاب کی نالی — رطوبت، پیشاب کی نالی کے منہ میں، لیسدار,1,1,یکساں
r2,AIR passes from the female urethra during urination,AIR passes from the female urethra during urination,پیشاب کی نالی — عورتوں کی پیشاب کی نالی سے پیشاب کے دوران ہوا کا گزر,1,1,یکساں
r20,"CONTRACTION, morning, erection, during","CONTRACTION, morning, erection, during",پیشاب کی نالی — سکڑاؤ، صبح، عضو کی سختی کے دوران,1,1,یکساں
r200,"MOISTURE, meatus, yellow stain, causing a","MOISTURE, meatus, yellow stain, causing a",پیشاب کی نالی — رطوبت، پیشاب کی نالی کے منہ میں، زرد داغ بناتی ہوئی,1,1,یکساں
r201,"MUCUS, clogged up with coagulated","MUCUS, clogged up with coagulated",پیشاب کی نالی — بلغم، جما ہوا چپک کر بند ہو جائے,4,4,یکساں
r202,"NARROWNESS, sensation of","NARROWNESS, sensation of (See Swelling)",پیشاب کی نالی — تنگ ہونے کا احساس,5,5,یکساں
r203,"NODE, hard (See Hard)","NODE, hard (See Hard)",پیشاب کی نالی — گانٹھ، سخت,0,0,یکساں
r204,"NUMBNESS (See Sensation, absent)","NUMBNESS (See Sensation, absent)",پیشاب کی نالی — سن ہونا,7,7,یکساں
r205,"NUMBNESS (See Sensation, absent), uneasy feeling","NUMBNESS (See Sensation, absent), uneasy feeling",پیشاب کی نالی — سن ہونا، بے چینی کا احساس,1,1,یکساں
r207,"PAIN, daytime","PAIN, daytime",پیشاب کی نالی — درد، دن کے وقت,1,1,یکساں
r208,"PAIN, evening","PAIN, evening",پیشاب کی نالی — درد، شام,2,2,یکساں
r21,"CONTRACTION, internally","CONTRACTION, internally",پیشاب کی نالی — سکڑاؤ، اندر کی طرف,1,1,یکساں
r210,"PAIN, emissions, from, morning, on waking","PAIN, emissions, from, morning, on waking",پیشاب کی نالی — درد، احتلام سے، صبح، جاگنے پر,1,1,یکساں
r211,"PAIN, erections, during","PAIN, erections, during",پیشاب کی نالی — درد، عضو کی سختی کے دوران,1,1,یکساں
r213,"PAIN, paroxysmal","PAIN, paroxysmal",پیشاب کی نالی — درد، دوروں کی شکل میں,4,4,یکساں
r214,"PAIN, standing, while","PAIN, standing, while",پیشاب کی نالی — درد، کھڑے ہوئے,1,1,یکساں
r215,"PAIN, stool, before","PAIN, stool, before",پیشاب کی نالی — درد، پاخانے سے پہلے,1,1,یکساں
r216,"PAIN, urging to urinate, on","PAIN, urging to urinate, on",پیشاب کی نالی — درد، پیشاب کی خواہش ہونے پر,4,4,یکساں
r217,"PAIN, urinating, when not","PAIN, urinating, when not",پیشاب کی نالی — درد، پیشاب نہ کرتے وقت,6,6,یکساں
r218,"PAIN, urination, during","PAIN, urination, during",پیشاب کی نالی — درد، پیشاب کے دوران,31,31,یکساں
r22,"CONTRACTION, stool and urination, before","CONTRACTION, stool and urination, before",پیشاب کی نالی — سکڑاؤ، پاخانے اور پیشاب سے پہلے,1,1,یکساں
r222,"PAIN, waking, on","PAIN, waking, on",پیشاب کی نالی — درد، جاگنے پر,3,3,یکساں
r223,"PAIN, wet, after getting","PAIN, wet, after getting",پیشاب کی نالی — درد، بھیگنے کے بعد,1,1,یکساں
r224,"PAIN, anterior part when not urinating","PAIN, anterior part when not urinating",پیشاب کی نالی — درد، اگلا حصہ، پیشاب نہ کرتے وقت,2,2,یکساں
r227,"PAIN, fossa navicularis, urination, before","PAIN, fossa navicularis, urination, before",پیشاب کی نالی — درد، پیشاب کی نالی کے گڑھے میں، پیشاب سے پہلے,1,1,یکساں
r229,"PAIN, meatus, after urinating","PAIN, meatus, after urinating",پیشاب کی نالی — درد، پیشاب کی نالی کے منہ میں، پیشاب کے بعد,3,3,یکساں
r230,"PAIN, meatus, woman, in a","PAIN, meatus, woman, in a",پیشاب کی نالی — درد، پیشاب کی نالی کے منہ میں، عورت میں,2,2,یکساں
r231,"PAIN, meatus, extending backward","PAIN, meatus, extending backward",پیشاب کی نالی — درد، پیشاب کی نالی کے منہ میں، پیچھے کی طرف پھیلتا ہوا,1,1,یکساں
r232,"PAIN, aching","PAIN, aching",پیشاب کی نالی — درد، مسلسل درد,6,6,یکساں
r233,"PAIN, nephritic colic, with","PAIN, nephritic colic, with",پیشاب کی نالی — درد، گردے کے پتھر کے مروڑ کے ساتھ,1,1,یکساں
r235,"PAIN, meatus, urinating, when not","PAIN, meatus, urinating, when not",پیشاب کی نالی — درد، پیشاب کی نالی کے منہ میں، پیشاب نہ کرتے وقت,2,2,یکساں
r238,"PAIN, acute, urination, during","PAIN, acute, urination, during",پیشاب کی نالی — درد، تیز، پیشاب کے دوران,1,1,یکساں
r239,"PAIN, agonizing, from clots of blood passing","PAIN, agonizing, from clots of blood passing",پیشاب کی نالی — درد، ناقابلِ برداشت، خون کے لوتھڑے نکلنے سے,1,1,یکساں
r24,"CONTRACTION, urging to urinate, with","CONTRACTION, urging to urinate, with",پیشاب کی نالی — سکڑاؤ، پیشاب کی خواہش کے ساتھ,1,1,یکساں
r241,"PAIN, biting, morning","PAIN, biting, morning",پیشاب کی نالی — درد، کاٹتا ہوا، صبح,1,1,یکساں
r242,"PAIN, biting, evening, burning","PAIN, biting, evening, burning",پیشاب کی نالی — درد، کاٹتا ہوا، شام، جلن کے ساتھ,1,1,یکساں
r243,"PAIN, biting, itching, and, before urination","PAIN, biting, itching, and, before urination",پیشاب کی نالی — درد، کاٹتا ہوا، خارش اور، پیشاب سے پہلے,2,2,یکساں
r244,"PAIN, biting, urinating, when not","PAIN, biting, urinating, when not",پیشاب کی نالی — درد، کاٹتا ہوا، پیشاب نہ کرتے وقت,3,3,یکساں
r245,"PAIN, biting, urination, during","PAIN, biting, urination, during",پیشاب کی نالی — درد، کاٹتا ہوا، پیشاب کے دوران,19,19,یکساں
r25,"CONTRACTION, urination, during","CONTRACTION, urination, during",پیشاب کی نالی — سکڑاؤ، پیشاب کے دوران,4,4,یکساں
r250,"PAIN, biting, extending backward","PAIN, biting, extending backward",پیشاب کی نالی — درد، کاٹتا ہوا، پیچھے کی طرف پھیلتا ہوا,1,1,یکساں
r251,"PAIN, biting, anterior part","PAIN, biting, anterior part",پیشاب کی نالی — درد، کاٹتا ہوا، اگلے حصے میں,3,3,یکساں
r252,"PAIN, biting, anterior part, rest agg., walking amel.","PAIN, biting, anterior part, rest agg., walking amel.",پیشاب کی نالی — درد، کاٹتا ہوا، اگلے حصے میں، آرام سے بگاڑ، چلنے سے آرام,1,1,یکساں
r253,"PAIN, biting, fossa navicularis","PAIN, biting, fossa navicularis",پیشاب کی نالی — درد، کاٹتا ہوا، پیشاب کی نالی کے گڑھے میں,1,1,یکساں
r255,"PAIN, biting, meatus, morning, waking, on","PAIN, biting, meatus, morning, waking, on",پیشاب کی نالی — درد، کاٹتا ہوا، پیشاب کی نالی کے منہ میں، صبح، جاگنے پر,1,1,یکساں
r260,"PAIN, biting, posterior part","PAIN, biting, posterior part",پیشاب کی نالی — درد، کاٹتا ہوا، پچھلے حصے میں,2,2,یکساں
r262,"PAIN, burning, morning, erections after","PAIN, burning, morning, erections after",پیشاب کی نالی — درد، جلتا ہوا، صبح، عضو کی سختی کے بعد,1,1,یکساں
r264,"PAIN, burning, waking, on after emission","PAIN, burning, waking, on after emission",پیشاب کی نالی — درد، جلتا ہوا، جاگنے پر، احتلام کے بعد,1,1,یکساں
r265,"PAIN, burning, evening","PAIN, burning, evening",پیشاب کی نالی — درد، جلتا ہوا، شام,7,7,یکساں
r266,"PAIN, burning, evening, as if a drop of acrid urine would pass","PAIN, burning, evening, as if a drop of acrid urine would pass",پیشاب کی نالی — درد، جلتا ہوا، شام، جیسے تیز و تند پیشاب کا قطرہ نکلنے کو ہو,1,1,یکساں
r267,"PAIN, burning, night","PAIN, burning, night",پیشاب کی نالی — درد، جلتا ہوا، رات,5,5,یکساں
r268,"PAIN, burning, at all times","PAIN, burning, at all times",پیشاب کی نالی — درد، جلتا ہوا، ہر وقت,2,2,یکساں
r269,"PAIN, burning, coition, during","PAIN, burning, coition, during",پیشاب کی نالی — درد، جلتا ہوا، جماع کے دوران,8,8,یکساں
r27,"CONTRACTION, extending backward on urination","CONTRACTION, extending backward on urination",پیشاب کی نالی — سکڑاؤ، پیشاب کے وقت پیچھے کی طرف پھیلتا ہوا,1,1,یکساں
r272,"PAIN, burning, discharged, when semen is","PAIN, burning, discharged, when semen is",پیشاب کی نالی — درد، جلتا ہوا، منی نکلنے پر,17,17,یکساں
r273,"PAIN, burning, discharge of thin liquid after urination, from","PAIN, burning, discharge of thin liquid after urination, from",پیشاب کی نالی — درد، جلتا ہوا، پیشاب کے بعد پتلے مائع کے اخراج سے,1,1,یکساں
r274,"PAIN, burning, discharge of semen in coitus, in stricture, during","PAIN, burning, discharge of semen in coitus, in stricture, during",پیشاب کی نالی — درد، جلتا ہوا، جماع میں منی نکلنے پر، تنگی میں، کے دوران,1,1,یکساں
r275,"PAIN, burning, drops of urine passing, as if","PAIN, burning, drops of urine passing, as if",پیشاب کی نالی — درد، جلتا ہوا، جیسے پیشاب کے قطرے نکل رہے ہوں,2,2,یکساں
r276,"PAIN, burning, emission, during","PAIN, burning, emission, during",پیشاب کی نالی — درد، جلتا ہوا، احتلام کے دوران,7,7,یکساں
r278,"PAIN, burning, erections, during","PAIN, burning, erections, during",پیشاب کی نالی — درد، جلتا ہوا، عضو کی سختی کے دوران,10,10,یکساں
r28,"CONTRACTION, meatus","CONTRACTION, meatus",پیشاب کی نالی — سکڑاؤ، پیشاب کی نالی کے منہ میں,2,2,یکساں
r280,"PAIN, burning, exercise, during","PAIN, burning, exercise, during",پیشاب کی نالی — درد، جلتا ہوا، ورزش کے دوران,1,1,یکساں
r281,"PAIN, burning, menses, before (See Urine, Burning)","PAIN, burning, menses, before (See Urine, Burning)",پیشاب کی نالی — درد، جلتا ہوا، حیض سے پہلے,0,0,یکساں
r283,"PAIN, burning, rising, after","PAIN, burning, rising, after",پیشاب کی نالی — درد، جلتا ہوا، اٹھنے کے بعد,1,1,یکساں
r285,"PAIN, burning, sitting, while","PAIN, burning, sitting, while",پیشاب کی نالی — درد، جلتا ہوا، بیٹھے ہوئے,2,2,یکساں
r286,"PAIN, burning, stool, during","PAIN, burning, stool, during",پیشاب کی نالی — درد، جلتا ہوا، پاخانے کے دوران,1,1,یکساں
r288,"PAIN, burning, stream is interrupted, when","PAIN, burning, stream is interrupted, when",پیشاب کی نالی — درد، جلتا ہوا، جب دھار رک جائے,1,1,یکساں
r289,"PAIN, burning, touching, on","PAIN, burning, touching, on",پیشاب کی نالی — درد، جلتا ہوا، چھونے پر,3,3,یکساں
r29,CRACKS in meatus,CRACKS in meatus,پیشاب کی نالی — پیشاب کی نالی کے منہ میں دراڑیں,5,5,یکساں
r291,"PAIN, burning, urging to urinate, when effort is made to pass urine","PAIN, burning, urging to urinate, when effort is made to pass urine",پیشاب کی نالی — درد، جلتا ہوا، پیشاب کی خواہش، جب پیشاب کرنے کی کوشش کی جائے,2,2,یکساں
r292,"PAIN, burning, urinating, when not","PAIN, burning, urinating, when not",پیشاب کی نالی — درد، جلتا ہوا، پیشاب نہ کرتے وقت,17,17,یکساں
r293,"PAIN, burning, urination, before","PAIN, burning, urination, before",پیشاب کی نالی — درد، جلتا ہوا، پیشاب سے پہلے,29,29,یکساں
r3,"BALL rolling through, sensation of","BALL rolling through, sensation of",پیشاب کی نالی — گیند لڑھکنے کا احساس,1,1,یکساں
r30,CRAMP,CRAMP,پیشاب کی نالی — اینٹھن,3,3,یکساں
r301,"PAIN, burning, walking, while","PAIN, burning, walking, while",پیشاب کی نالی — درد، جلتا ہوا، چلتے ہوئے,1,1,یکساں
r303,"PAIN, burning, anterior part, emission, after an","PAIN, burning, anterior part, emission, after an",پیشاب کی نالی — درد، جلتا ہوا، اگلے حصے میں، احتلام کے بعد,2,2,یکساں
r304,"PAIN, burning, anterior part, urinating, when not","PAIN, burning, anterior part, urinating, when not",پیشاب کی نالی — درد، جلتا ہوا، اگلے حصے میں، پیشاب نہ کرتے وقت,9,9,یکساں
r305,"PAIN, anterior part, urination, during","PAIN, anterior part when not urinating, urination, during",پیشاب کی نالی — درد، اگلے حصے میں، پیشاب کے دوران,3,3,یکساں
r308,"PAIN, burning, fossa navicularis, burning drops","PAIN, burning, fossa navicularis, burning drops",پیشاب کی نالی — درد، جلتا ہوا، پیشاب کی نالی کے گڑھے میں، جلن والے قطرے,1,1,یکساں
r309,"PAIN, burning, fossa navicularis, urination, before","PAIN, burning, fossa navicularis, urination, before",پیشاب کی نالی — درد، جلتا ہوا، پیشاب کی نالی کے گڑھے میں، پیشاب سے پہلے,1,1,یکساں
r311,"PAIN, burning, glandular portion, urination, during","PAIN, burning, glandular portion, urination, during",پیشاب کی نالی — درد، جلتا ہوا، غدودی حصے میں، پیشاب کے دوران,6,6,یکساں
r314,"PAIN, burning, meatus, night","PAIN, burning, meatus, night",پیشاب کی نالی — درد، جلتا ہوا، پیشاب کی نالی کے منہ میں، رات,2,2,یکساں
r315,"PAIN, burning, meatus, coition, after","PAIN, burning, meatus, coition, after",پیشاب کی نالی — درد، جلتا ہوا، پیشاب کی نالی کے منہ میں، جماع کے بعد,2,2,یکساں
r316,"PAIN, burning, meatus, most violent","PAIN, burning, meatus, most violent",پیشاب کی نالی — درد، جلتا ہوا، پیشاب کی نالی کے منہ میں، شدید ترین,1,1,یکساں
r317,"PAIN, burning, meatus, quiet, when","PAIN, burning, meatus, quiet, when",پیشاب کی نالی — درد، جلتا ہوا، پیشاب کی نالی کے منہ میں، سکون میں ہونے پر,2,2,یکساں
r318,"PAIN, burning, meatus, sitting, while","PAIN, burning, meatus, sitting, while",پیشاب کی نالی — درد، جلتا ہوا، پیشاب کی نالی کے منہ میں، بیٹھے ہوئے,1,1,یکساں
r319,"PAIN, burning, meatus, urination, before","PAIN, burning, meatus, urination, before",پیشاب کی نالی — درد، جلتا ہوا، پیشاب کی نالی کے منہ میں، پیشاب سے پہلے,1,1,یکساں
r32,"CRAWLING, sticking","CRAWLING, sticking",پیشاب کی نالی — چیونٹیاں رینگنے کا احساس، چبھن کے ساتھ,1,1,یکساں
r323,"PAIN, burning, meatus, walking, while","PAIN, burning, meatus, walking, while",پیشاب کی نالی — درد، جلتا ہوا، پیشاب کی نالی کے منہ میں، چلتے ہوئے,1,1,یکساں
r324,"PAIN, burning, meatus, extending backward","PAIN, burning, meatus, extending backward",پیشاب کی نالی — درد، جلتا ہوا، پیشاب کی نالی کے منہ میں، پیچھے کی طرف پھیلتا ہوا,1,1,یکساں
r325,"PAIN, burning, posterior part","PAIN, burning, posterior part",پیشاب کی نالی — درد، جلتا ہوا، پچھلے حصے میں,4,4,گریڈ کتابی مطابق کیے
r326,"PAIN, burning, posterior part, emission, after","PAIN, burning, posterior part, emission, after",پیشاب کی نالی — درد، جلتا ہوا، پچھلے حصے میں، احتلام کے بعد,1,1,یکساں
r327,"PAIN, burning, posterior part, urination, during","PAIN, burning, posterior part, urination, during",پیشاب کی نالی — درد، جلتا ہوا، پچھلے حصے میں، پیشاب کے دوران,1,1,یکساں
r328,"PAIN, contracting","PAIN, contracting",پیشاب کی نالی — درد، سکڑتا ہوا,6,6,یکساں
r33,"CRAWLING, urinating, when not","CRAWLING, urinating, when not",پیشاب کی نالی — چیونٹیاں رینگنے کا احساس، پیشاب نہ کرتے وقت,1,1,یکساں
r330,"PAIN, cutting, morning","PAIN, cutting, morning",پیشاب کی نالی — درد، کاٹتا ہوا، صبح,3,3,یکساں
r331,"PAIN, cutting, forenoon","PAIN, cutting, forenoon",پیشاب کی نالی — درد، کاٹتا ہوا، دوپہر سے پہلے,1,1,یکساں
r332,"PAIN, cutting, evening, lying down, after","PAIN, cutting, evening, lying down, after",پیشاب کی نالی — درد، کاٹتا ہوا، شام، لیٹنے کے بعد,2,2,یکساں
r333,"PAIN, cutting, midnight","PAIN, cutting, midnight",پیشاب کی نالی — درد، کاٹتا ہوا، آدھی رات,1,1,یکساں
r334,"PAIN, cutting, biting, and, growing towards end of urination, even to last drop","PAIN, cutting, biting, and, growing towards end of urination, even to last drop",پیشاب کی نالی — درد، کاٹتا ہوا، کاٹنے کے ساتھ، اور پیشاب کے آخر تک بڑھتا ہوا، آخری قطرے تک,1,1,یکساں
r335,"PAIN, cutting, emission, during","PAIN, cutting, emission, during",پیشاب کی نالی — درد، کاٹتا ہوا، احتلام کے دوران,2,2,یکساں
r336,"PAIN, cutting, flatus, while passing","PAIN, cutting, flatus, while passing",پیشاب کی نالی — درد، کاٹتا ہوا، ریاح نکلتے وقت,2,2,یکساں
r337,"PAIN, cutting, ineffectual urging, with","PAIN, cutting, ineffectual urging, with",پیشاب کی نالی — درد، کاٹتا ہوا، بے سود خواہش کے ساتھ,1,1,یکساں
r338,"PAIN, cutting, menses, before, when urinating","PAIN, cutting, menses, before, when urinating",پیشاب کی نالی — درد، کاٹتا ہوا، حیض سے پہلے، پیشاب کرتے وقت,1,1,یکساں
r339,"PAIN, cutting, motion, on","PAIN, cutting, motion, on",پیشاب کی نالی — درد، کاٹتا ہوا، حرکت کرنے پر,1,1,یکساں
r34,"CRAWLING, urinating, during","CRAWLING, urinating, during",پیشاب کی نالی — چیونٹیاں رینگنے کا احساس، پیشاب کے دوران,3,3,یکساں
r340,"PAIN, cutting, paroxysmal","PAIN, cutting, paroxysmal",پیشاب کی نالی — درد، کاٹتا ہوا، دوروں کی شکل میں,2,2,یکساں
r341,"PAIN, cutting, pressing glans penis amel.","PAIN, cutting, pressing glans penis amel.",پیشاب کی نالی — درد، کاٹتا ہوا، عضو تناسل کے سرے کو دبانے سے آرام,1,1,یکساں
r342,"PAIN, cutting, stool, before","PAIN, cutting, stool, before",پیشاب کی نالی — درد، کاٹتا ہوا، پاخانے سے پہلے,2,2,یکساں
r345,"PAIN, cutting, urinating, when not","PAIN, cutting, urinating, when not",پیشاب کی نالی — درد، کاٹتا ہوا، پیشاب نہ کرتے وقت,9,9,یکساں
r353,"PAIN, cutting, walking, while","PAIN, cutting, walking, while",پیشاب کی نالی — درد، کاٹتا ہوا، چلتے ہوئے,1,1,یکساں
r355,"PAIN, cutting, extending backward, to anus when passing last drops","PAIN, cutting, extending backward, to anus when passing last drops",پیشاب کی نالی — درد، کاٹتا ہوا، پیچھے کی طرف پھیلتا ہوا، آخری قطرے نکلتے وقت مقعد تک,2,2,یکساں
r358,"PAIN, cutting, anterior part, urination, during","PAIN, cutting, anterior part, urination, during",پیشاب کی نالی — درد، کاٹتا ہوا، اگلے حصے میں، پیشاب کے دوران,5,5,یکساں
r36,"CRAWLING, fossa navicularis","CRAWLING, fossa navicularis",پیشاب کی نالی — چیونٹیاں رینگنے کا احساس، پیشاب کی نالی کے گڑھے میں,1,1,یکساں
r361,"PAIN, cutting, fossa navicularis, urination, after","PAIN, cutting, fossa navicularis, urination, after",پیشاب کی نالی — درد، کاٹتا ہوا، پیشاب کی نالی کے گڑھے میں، پیشاب کے بعد,2,2,یکساں
r363,"PAIN, cutting, meatus, sitting, while","PAIN, cutting, meatus, sitting, while",پیشاب کی نالی — درد، کاٹتا ہوا، پیشاب کی نالی کے منہ میں، بیٹھے ہوئے,1,1,یکساں
r364,"PAIN, cutting, meatus, urination, during","PAIN, cutting, meatus, urination, during",پیشاب کی نالی — درد، کاٹتا ہوا، پیشاب کی نالی کے منہ میں، پیشاب کے دوران,4,4,یکساں
r367,"PAIN, darting (See Stitching)","PAIN, darting (See Stitching)",پیشاب کی نالی — درد، تیر جیسا,0,0,یکساں
r368,"PAIN, dragging","PAIN, dragging",پیشاب کی نالی — درد، نیچے کو کھینچنے والا,8,8,یکساں
r369,"PAIN, dragging, extending into bladder after urination","PAIN, dragging, extending into bladder after urination",پیشاب کی نالی — درد، نیچے کو کھینچنے والا، پیشاب کے بعد مثانے میں پھیلتا ہوا,1,1,یکساں
r37,"CRAWLING, meatus","CRAWLING, meatus",پیشاب کی نالی — چیونٹیاں رینگنے کا احساس، پیشاب کی نالی کے منہ میں,4,4,یکساں
r370,"PAIN, dragging, as far as the tip, in evening, during urination","PAIN, dragging, as far as the tip, in evening, during urination",پیشاب کی نالی — درد، نیچے کو کھینچنے والا، سرے تک، شام کو، پیشاب کے دوران,1,1,یکساں
r372,"PAIN, drawing, morning, urinating, after","PAIN, drawing, morning, urinating, after",پیشاب کی نالی — درد، کھینچتا ہوا، صبح، پیشاب کے بعد,1,1,یکساں
r374,"PAIN, drawing, evening, urination, after","PAIN, drawing, evening, urination, after",پیشاب کی نالی — درد، کھینچتا ہوا، شام، پیشاب کے بعد,1,1,یکساں
r375,"PAIN, drawing, walking, while","PAIN, drawing, walking, while",پیشاب کی نالی — درد، کھینچتا ہوا، چلتے ہوئے,1,1,یکساں
r377,"PAIN, drawing, extending to anus","PAIN, drawing, extending to anus",پیشاب کی نالی — درد، کھینچتا ہوا، مقعد تک پھیلتا ہوا,1,1,یکساں
r38,"DISCHARGE, acrid","DISCHARGE, acrid",پیشاب کی نالی — اخراج، تیز و تند,9,9,یکساں
r381,"PAIN, drawing, anterior part, evening, urination, after","PAIN, drawing, anterior part, evening, urination, after",پیشاب کی نالی — درد، کھینچتا ہوا، اگلے حصے میں، شام، پیشاب کے بعد,1,1,یکساں
r382,"PAIN, drawing, anterior part, urinating, when not","PAIN, drawing, anterior part, urinating, when not",پیشاب کی نالی — درد، کھینچتا ہوا، اگلے حصے میں، پیشاب نہ کرتے وقت,3,3,یکساں
r383,"PAIN, drawing, fossa navicularis","PAIN, drawing, fossa navicularis",پیشاب کی نالی — درد، کھینچتا ہوا، پیشاب کی نالی کے گڑھے میں,2,2,یکساں
r385,"PAIN, drawing, meatus, evening, urination during","PAIN, drawing, meatus, evening, urination during",پیشاب کی نالی — درد، کھینچتا ہوا، پیشاب کی نالی کے منہ میں، شام، پیشاب کے دوران,1,1,یکساں
r387,"PAIN, pinching, urinating, when not","PAIN, pinching, urinating, when not",پیشاب کی نالی — درد، چٹکی لینے والا، پیشاب نہ کرتے وقت,1,1,یکساں
r388,"PAIN, pinching, urination, before","PAIN, pinching, urination, before",پیشاب کی نالی — درد، چٹکی لینے والا، پیشاب سے پہلے,1,1,یکساں
r389,"PAIN, pinching, meatus","PAIN, pinching, meatus",پیشاب کی نالی — درد، چٹکی لینے والا، پیشاب کی نالی کے منہ میں,2,2,یکساں
r391,"PAIN, pressing, evening, urination during","PAIN, pressing, evening, urination during",پیشاب کی نالی — درد، دبانے والا، شام، پیشاب کے دوران,1,1,یکساں
r392,"PAIN, pressing, urination, after","PAIN, pressing, urination, after",پیشاب کی نالی — درد، دبانے والا، پیشاب کے بعد,3,3,یکساں
r394,"PAIN, pressing, voluptuous, extending to anus","PAIN, pressing, voluptuous, extending to anus",پیشاب کی نالی — درد، دبانے والا، شہوانی، مقعد تک پھیلتا ہوا,1,1,یکساں
r395,"PAIN, pressing, meatus","PAIN, pressing, meatus",پیشاب کی نالی — درد، دبانے والا، پیشاب کی نالی کے منہ میں,3,3,یکساں
r396,"PAIN, pressing, meatus, when not urinating","PAIN, pressing, meatus, when not urinating",پیشاب کی نالی — درد، دبانے والا، پیشاب کی نالی کے منہ میں، پیشاب نہ کرتے وقت,1,1,یکساں
r397,"PAIN, pricking, urination, before","PAIN, pricking, urination, before",پیشاب کی نالی — درد، چبھن (سوئی جیسی)، پیشاب سے پہلے,1,1,یکساں
r399,"PAIN, pulsating, urinating, when not","PAIN, pulsating, urinating, when not",پیشاب کی نالی — درد، دھڑکتا ہوا، پیشاب نہ کرتے وقت,1,1,یکساں
r4,BUBBLING while sitting,BUBBLING while sitting,پیشاب کی نالی — بیٹھے ہوئے بلبلوں کی آواز,1,1,یکساں
r400,"PAIN, rasping, urination, during","PAIN, rasping, urination, during",پیشاب کی نالی — درد، رگڑنے والا (کھردرا)، پیشاب کے دوران,6,6,یکساں
r401,"PAIN, scalding (See Burning)","PAIN, scalding (See Burning)",پیشاب کی نالی — درد، جلن والا (جھلسا دینے والا),0,0,یکساں
r402,"PAIN, shooting (See Stitching)","PAIN, shooting (See Stitching)",پیشاب کی نالی — درد، دوڑتا ہوا,0,0,یکساں
r403,"PAIN, smarting (See Burning)","PAIN, smarting (See Burning)",پیشاب کی نالی — درد، چبھن والا (جھلسا دینے والا),0,0,یکساں
r405,"PAIN, soreness, erection, during","PAIN, soreness, erection, during",پیشاب کی نالی — درد، دکھن، عضو کی سختی کے دوران,1,1,یکساں
r406,"PAIN, soreness, urinating, when not","PAIN, soreness, urinating, when not",پیشاب کی نالی — درد، دکھن، پیشاب نہ کرتے وقت,2,2,یکساں
r407,"PAIN, soreness, urination, during","PAIN, soreness, urination, during",پیشاب کی نالی — درد، دکھن، پیشاب کے دوران,19,19,یکساں
r409,"PAIN, soreness, fossa navicularis","PAIN, soreness, fossa navicularis",پیشاب کی نالی — درد، دکھن، پیشاب کی نالی کے گڑھے میں,1,1,یکساں
r411,"PAIN, soreness, meatus, coition, after","PAIN, soreness, meatus, coition, after",پیشاب کی نالی — درد، دکھن، پیشاب کی نالی کے منہ میں، جماع کے بعد,2,2,یکساں
r412,"PAIN, sticking, urinating, when","PAIN, sticking, urinating, when",پیشاب کی نالی — درد، گڑتا ہوا، پیشاب کرتے وقت,8,8,یکساں
r413,"PAIN, stinging","PAIN, stinging",پیشاب کی نالی — درد، ڈنک جیسا,7,7,یکساں
r415,"PAIN, stitching, morning","PAIN, stitching, morning",پیشاب کی نالی — درد، چبھتا ہوا، صبح,3,3,یکساں
r416,"PAIN, stitching, forenoon","PAIN, stitching, forenoon",پیشاب کی نالی — درد، چبھتا ہوا، دوپہر سے پہلے,1,1,یکساں
r417,"PAIN, stitching, afternoon","PAIN, stitching, afternoon",پیشاب کی نالی — درد، چبھتا ہوا، سہ پہر,1,1,یکساں
r418,"PAIN, stitching, evening","PAIN, stitching, evening",پیشاب کی نالی — درد، چبھتا ہوا، شام,6,6,یکساں
r419,"PAIN, stitching, night, erections, during","PAIN, stitching, night, erections, during",پیشاب کی نالی — درد، چبھتا ہوا، رات، عضو کی سختی کے دوران,1,1,یکساں
r421,"PAIN, stitching, burning, urination, during","PAIN, stitching, burning, urination, during",پیشاب کی نالی — درد، چبھتا ہوا، جلتا ہوا، پیشاب کے دوران,1,1,یکساں
r422,"PAIN, stitching, coition, after","PAIN, stitching, coition, after",پیشاب کی نالی — درد، چبھتا ہوا، جماع کے بعد,2,2,یکساں
r424,"PAIN, stitching, cutting, ineffectual desire to urinate, with","PAIN, stitching, cutting, ineffectual desire to urinate, with",پیشاب کی نالی — درد، چبھتا ہوا، کاٹنے کے ساتھ، پیشاب کی بے سود خواہش کے ساتھ,1,1,یکساں
r425,"PAIN, stitching, cutting, twitching, when not urinating","PAIN, stitching, cutting, twitching, when not urinating",پیشاب کی نالی — درد، چبھتا ہوا، کاٹنے کے ساتھ، پھڑکاو کے ساتھ، پیشاب نہ کرتے وقت,1,1,یکساں
r426,"PAIN, stitching, drawing, when not urinating","PAIN, stitching, drawing, when not urinating",پیشاب کی نالی — درد، چبھتا ہوا، کھینچنے کے ساتھ، پیشاب نہ کرتے وقت,1,1,یکساں
r428,"PAIN, stitching, dull, shooting, on quiet emission of flatus","PAIN, stitching, dull, shooting, on quiet emission of flatus",پیشاب کی نالی — درد، چبھتا ہوا، مدھم، دوڑتا ہوا، خاموشی سے ریاح نکلنے پر,1,1,یکساں
r429,"PAIN, stitching, dull, urinating, when not","PAIN, stitching, dull, urinating, when not",پیشاب کی نالی — درد، چبھتا ہوا، مدھم، پیشاب نہ کرتے وقت,1,1,یکساں
r432,"PAIN, stitching, fine, meatus","PAIN, stitching, fine, meatus",پیشاب کی نالی — درد، چبھتا ہوا، باریک، پیشاب کی نالی کے منہ میں,1,1,یکساں
r433,"PAIN, stitching, flatus, when passing","PAIN, stitching, flatus, when passing",پیشاب کی نالی — درد، چبھتا ہوا، ریاح نکلتے وقت,1,1,یکساں
r434,"PAIN, stitching, itching, with, when not urinating","PAIN, stitching, itching, with, when not urinating",پیشاب کی نالی — درد، چبھتا ہوا، خارش کے ساتھ، پیشاب نہ کرتے وقت,1,1,یکساں
r435,"PAIN, stitching, motion, on","PAIN, stitching, motion, on",پیشاب کی نالی — درد، چبھتا ہوا، حرکت پر,2,2,یکساں
r436,"PAIN, stitching, rigors, with","PAIN, stitching, rigors, with",پیشاب کی نالی — درد، چبھتا ہوا، سردی لگنے (کپکپی) کے ساتھ,1,1,یکساں
r438,"PAIN, stitching, sitting, passing flatus, while","PAIN, stitching, sitting, passing flatus, while",پیشاب کی نالی — درد، چبھتا ہوا، بیٹھے ہوئے، ریاح نکلتے وقت,1,1,یکساں
r439,"PAIN, stitching, splinter-like","PAIN, stitching, splinter-like",پیشاب کی نالی — درد، چبھتا ہوا، پھانس جیسا,3,3,یکساں
r440,"PAIN, stitching, standing, on","PAIN, stitching, standing, on",پیشاب کی نالی — درد، چبھتا ہوا، کھڑے ہونے پر,2,2,یکساں
r441,"PAIN, stitching, stinging, coition, during","PAIN, stitching, stinging, coition, during",پیشاب کی نالی — درد، چبھتا ہوا، ڈنک جیسا، جماع کے دوران,1,1,یکساں
r443,"PAIN, stitching, stool, during","PAIN, stitching, stool, during",پیشاب کی نالی — درد، چبھتا ہوا، پاخانے کے دوران,4,4,یکساں
r444,"PAIN, stitching, sudden, sitting agg.","PAIN, stitching, sudden, sitting agg.",پیشاب کی نالی — درد، چبھتا ہوا، اچانک، بیٹھنے سے بگاڑ,1,1,یکساں
r445,"PAIN, stitching, synchronous with pulse","PAIN, stitching, synchronous with pulse",پیشاب کی نالی — درد، چبھتا ہوا، نبض کے ساتھ ساتھ,2,2,یکساں
r446,"PAIN, stitching, tickling","PAIN, stitching, tickling",پیشاب کی نالی — درد، چبھتا ہوا، گدگدی,1,1,یکساں
r447,"PAIN, stitching, twinging like lightening, from before backward","PAIN, stitching, twinging like lightening, from before backward",پیشاب کی نالی — درد، چبھتا ہوا، ہلکے اینٹھن والا، بجلی کی طرح، آگے سے پیچھے کی طرف,2,2,یکساں
r448,"PAIN, stitching, urging, with","PAIN, stitching, urging, with",پیشاب کی نالی — درد، چبھتا ہوا، خواہش کے ساتھ,9,9,یکساں
r449,"PAIN, stitching, urinating, when not","PAIN, stitching, urinating, when not",پیشاب کی نالی — درد، چبھتا ہوا، پیشاب نہ کرتے وقت,18,18,یکساں
r450,"PAIN, stitching, urination, before","PAIN, stitching, urination, before",پیشاب کی نالی — درد، چبھتا ہوا، پیشاب سے پہلے,7,7,یکساں
r451,"PAIN, stitching, urination, before, urging, when","PAIN, stitching, urination, before, urging, when",پیشاب کی نالی — درد، چبھتا ہوا، پیشاب سے پہلے، خواہش ہونے پر,1,1,یکساں
r456,"PAIN, stitching, walking, while","PAIN, stitching, walking, while",پیشاب کی نالی — درد، چبھتا ہوا، چلتے ہوئے,4,4,یکساں
r458,"PAIN, stitching, extending towards abdomen, evening","PAIN, stitching, extending towards abdomen, evening",پیشاب کی نالی — درد، چبھتا ہوا، پیٹ کی طرف پھیلتا ہوا، شام,1,1,یکساں
r46,"DISCHARGE, acrid, copious (See Profuse)","DISCHARGE, acrid, copious (See Profuse)",پیشاب کی نالی — اخراج، تیز و تند، زیادہ مقدار میں,0,0,یکساں
r471,"PAIN, stitching, anterior part, urinating, when not","PAIN, stitching, anterior part, urinating, when not",پیشاب کی نالی — درد، چبھتا ہوا، اگلے حصے میں، پیشاب نہ کرتے وقت,6,6,یکساں
r473,"PAIN, stitching, fossa navicularis","PAIN, stitching, fossa navicularis",پیشاب کی نالی — درد، چبھتا ہوا، پیشاب کی نالی کے گڑھے میں,12,12,یکساں
r474,"PAIN, stitching, fossa navicularis, urination, on","PAIN, stitching, fossa navicularis, urination, on",پیشاب کی نالی — درد، چبھتا ہوا، پیشاب کی نالی کے گڑھے میں، پیشاب کرنے پر,1,1,یکساں
r476,"PAIN, stitching, meatus, evening","PAIN, stitching, meatus, evening",پیشاب کی نالی — درد، چبھتا ہوا، پیشاب کی نالی کے منہ میں، شام,2,2,یکساں
r477,"PAIN, stitching, meatus, night","PAIN, stitching, meatus, night",پیشاب کی نالی — درد، چبھتا ہوا، پیشاب کی نالی کے منہ میں، رات,1,1,یکساں
r478,"PAIN, stitching, meatus, copious urine, with","PAIN, stitching, meatus, copious urine, with",پیشاب کی نالی — درد، چبھتا ہوا، پیشاب کی نالی کے منہ میں، زیادہ پیشاب کے ساتھ,1,1,یکساں
r479,"PAIN, stitching, meatus, urinating, when not","PAIN, stitching, meatus, urinating, when not",پیشاب کی نالی — درد، چبھتا ہوا، پیشاب کی نالی کے منہ میں، پیشاب نہ کرتے وقت,4,4,یکساں
r480,"PAIN, stitching, meatus, urination, after","PAIN, stitching, meatus, urination, after",پیشاب کی نالی — درد، چبھتا ہوا، پیشاب کی نالی کے منہ میں، پیشاب کے بعد,2,2,یکساں
r482,"PAIN, tearing, morning, after urination","PAIN, tearing, morning, after urination",پیشاب کی نالی — درد، چیرتا ہوا، صبح، پیشاب کے بعد,1,1,یکساں
r483,"PAIN, tearing, afternoon, when seated","PAIN, tearing, afternoon, when seated",پیشاب کی نالی — درد، چیرتا ہوا، سہ پہر، بیٹھے ہوئے,2,2,یکساں
r484,"PAIN, tearing, erection, during","PAIN, tearing, erection, during",پیشاب کی نالی — درد، چیرتا ہوا، عضو کی سختی کے دوران,4,4,یکساں
r485,"PAIN, tearing, goes through the body, when urinating, that","PAIN, tearing, goes through the body, when urinating, that",پیشاب کی نالی — درد، چیرتا ہوا، پیشاب کرتے وقت سارے جسم میں سے گزرے,1,1,یکساں
r486,"PAIN, tearing, shooting, and, ascending through hypogastrium when walking in open air","PAIN, tearing, shooting, and, ascending through hypogastrium when walking in open air",پیشاب کی نالی — درد، چیرتا ہوا، دوڑتا ہوا، اور کھلی ہوا میں چلتے وقت ناف کے نیچے کے حصے میں چڑھتا ہوا,1,1,یکساں
r487,"PAIN, tearing, urinating, when not","PAIN, tearing, urinating, when not",پیشاب کی نالی — درد، چیرتا ہوا، پیشاب نہ کرتے وقت,7,7,یکساں
r488,"PAIN, tearing, urination, during","PAIN, tearing, urination, during",پیشاب کی نالی — درد، چیرتا ہوا، پیشاب کے دوران,7,7,یکساں
r491,"PAIN, tearing, walking in open air","PAIN, tearing, walking in open air",پیشاب کی نالی — درد، چیرتا ہوا، کھلی ہوا میں چلنا,1,1,یکساں
r493,"PAIN, tearing, zig-zags, toward hypogastrium, when walking in open air","PAIN, tearing, zig-zags, toward hypogastrium, when walking in open air",پیشاب کی نالی — درد، چیرتا ہوا، ٹیڑھے بل کھاتے ہوئے، ناف کے نیچے کے حصے کی طرف، کھلی ہوا میں چلتے وقت,1,1,یکساں
r494,"PAIN, tearing, extending forward","PAIN, tearing, extending forward",پیشاب کی نالی — درد، چیرتا ہوا، آگے کی طرف پھیلتا ہوا,1,1,یکساں
r499,"PAIN, tearing, meatus, female","PAIN, tearing, meatus, female",پیشاب کی نالی — درد، چیرتا ہوا، پیشاب کی نالی کے منہ میں، عورت میں,1,1,یکساں
r501,"PAIN, twinging, standing","PAIN, twinging, standing",پیشاب کی نالی — درد، ہلکا اینٹھن والا، کھڑے ہونے سے,1,1,یکساں
r502,"PAIN, twinging, extending from behind forward","PAIN, twinging, extending from behind forward",پیشاب کی نالی — درد، ہلکا اینٹھن والا، پیچھے سے آگے کی طرف پھیلتا ہوا,1,1,یکساں
r504,"PAIN, twinging, meatus, during a bath","PAIN, twinging, meatus, during a bath",پیشاب کی نالی — درد، ہلکا اینٹھن والا، پیشاب کی نالی کے منہ میں، غسل کے دوران,1,1,یکساں
r505,"PAIN, ulcerative, ulceration, as from sub-cutaneous","PAIN, ulcerative, ulceration, as from sub-cutaneous",پیشاب کی نالی — درد، ناسور والا، جیسے جلد کے نیچے ناسور ہو,4,4,یکساں
r508,POUTING meatus (See Swelling),POUTING meatus (See Swelling),پیشاب کی نالی — پیشاب کی نالی کے منہ کا باہر کو ابھرنا,0,0,یکساں
r510,"PULSATION, fossa navicularis, stitching and beating","PULSATION, fossa navicularis, stitching and beating",پیشاب کی نالی — دھڑکن، پیشاب کی نالی کے گڑھے میں، چبھن اور دھڑکاو کے ساتھ,1,1,یکساں
r512,"REDNESS, meatus, spots","REDNESS, meatus, spots",پیشاب کی نالی — سرخی، پیشاب کی نالی کے منہ میں، دھبے,1,1,یکساں
r513,"SENSATION absent, when urinating","SENSATION absent, when urinating",پیشاب کی نالی — احساس غائب، پیشاب کرتے وقت,16,16,یکساں
r522,SPASM,SPASM,پیشاب کی نالی — اینٹھن,2,2,یکساں
r523,"SPASM, with fissure of rectum","SPASM, with fissure of rectum",پیشاب کی نالی — اینٹھن، مقعد کی دراڑ کے ساتھ,1,1,یکساں
r525,"STRICTURE, spasmodic","STRICTURE, spasmodic",پیشاب کی نالی — تنگی (اسٹرکچر)، تشنجی,22,22,یکساں
r526,"STRICTURE, spasmodic, morning","STRICTURE, spasmodic, morning",پیشاب کی نالی — تنگی (اسٹرکچر)، تشنجی، صبح,1,1,یکساں
r527,"STRICTURE, sensation, of","STRICTURE, sensation, of",پیشاب کی نالی — تنگی کا احساس,5,5,یکساں
r529,"SWELLING, sensation, of","SWELLING, sensation, of",پیشاب کی نالی — سوجن کا احساس,7,7,یکساں
r530,"SWELLING, anterior part","SWELLING, anterior part",پیشاب کی نالی — سوجن، اگلے حصے میں,1,1,یکساں
r531,"SWELLING, orifice","SWELLING, orifice",پیشاب کی نالی — سوجن، سوراخ میں,12,12,یکساں
r532,"SWELLING, region of neck of bladder","SWELLING, region of neck of bladder",پیشاب کی نالی — سوجن، مثانے کے منہ کے علاقے میں,1,1,یکساں
r534,"TENSION, erections, during","TENSION, erections, during",پیشاب کی نالی — تناؤ، عضو کی سختی کے دوران,2,2,یکساں
r535,TICKLING (See Itching),TICKLING (See Itching),پیشاب کی نالی — گدگدی,0,0,یکساں
r537,"TINGLING, sitting","TINGLING, sitting",پیشاب کی نالی — جھنجھناہٹ (سنسناہٹ)، بیٹھے ہوئے,1,1,یکساں
r538,"TINGLING, urination, during","TINGLING, urination, during",پیشاب کی نالی — جھنجھناہٹ (سنسناہٹ)، پیشاب کے دوران,1,1,یکساں
r539,"TINGLING, fraenum, culmination at","TINGLING, frænum, culmination at",پیشاب کی نالی — جھنجھناہٹ (سنسناہٹ)، لگام (فرینم) میں، عروج پر,1,1,یکساں
r540,"TINGLING, meatus","TINGLING, meatus",پیشاب کی نالی — جھنجھناہٹ (سنسناہٹ)، پیشاب کی نالی کے منہ میں,8,8,یکساں
r541,TUMOR,TUMOR,پیشاب کی نالی — رسولی,1,1,یکساں
r543,"TWITCHING, burning seminal vesicles to glans penis","TWITCHING, burning seminal vesicles to glans penis",پیشاب کی نالی — پھڑکن، جلتی ہوئی منی کی تھیلیوں سے عضو تناسل کے سرے تک,1,1,یکساں
r544,"TWITCHING, ejaculation of semen, as if","TWITCHING, ejaculation of semen, as if",پیشاب کی نالی — پھڑکن، جیسے منی کا اخراج ہو رہا ہو,1,1,یکساں
r545,"TWITCHING, urinating, when not","TWITCHING, urinating, when not",پیشاب کی نالی — پھڑکن، پیشاب نہ کرتے وقت,1,1,یکساں
r546,"TWITCHING, anterior part","TWITCHING, anterior part",پیشاب کی نالی — پھڑکن، اگلے حصے میں,1,1,یکساں
r548,"ULCERATION, chancres","ULCERATION, chancres",پیشاب کی نالی — ناسور (زخم)، آتشک کے زخم (شینکر),2,2,یکساں
r550,"ULCERATION, meatus, sticking, with","ULCERATION, meatus, sticking, with",پیشاب کی نالی — ناسور (زخم)، پیشاب کی نالی کے منہ میں، چبھن کے ساتھ,1,1,یکساں
r551,"ULCERATION, meatus, urine retained, with sensation as if","ULCERATION, meatus, urine retained, with sensation as if",پیشاب کی نالی — ناسور (زخم)، پیشاب کی نالی کے منہ میں، جیسے پیشاب رکا ہوا ہو,1,1,یکساں
r552,"URINE, still flowing sensation of","URINE, still flowing sensation of",پیشاب کی نالی — پیشاب، اب بھی بہتے رہنے کا احساس,2,2,یکساں
r555,"VESICLES, meatus, forming ulcers","VESICLES, meatus, forming ulcers",پیشاب کی نالی — آبلے، پیشاب کی نالی کے منہ میں، ناسور بناتے ہوئے,1,1,یکساں
r556,VOLUPTUOUS sensation,VOLUPTUOUS sensation,پیشاب کی نالی — شہوانی احساس,4,4,یکساں
r557,"VOLUPTUOUS sensation, urination, during","VOLUPTUOUS sensation, urination, during",پیشاب کی نالی — شہوانی احساس، پیشاب کے دوران,2,2,یکساں
r6,"CHORDEE, burning in urethra, with","CHORDEE, burning in urethra, with",پیشاب کی نالی — عضو کی خمیدگی (کورڈی)، پیشاب کی نالی میں جلن کے ساتھ,1,1,یکساں
r7,"CHORDEE, extreme sensitiveness of urethra","CHORDEE, extreme sensitiveness of urethra",پیشاب کی نالی — عضو کی خمیدگی (کورڈی)، پیشاب کی نالی کی شدید حساسیت,1,1,یکساں
r8,CLOGGED by pieces of coagulated mucus,CLOGGED by pieces of coagulated mucus,پیشاب کی نالی — بلغم کے جمے ہوئے ٹکڑوں سے چپک کر بند ہونا,5,5,یکساں
r5,CHORDEE,CHORDEE,پیشاب کی نالی — عضو کی خمیدگی (کورڈی),37,36,ماخذی مطابق کیے (OOREP مجموعہ سے کتابی عین)
o62534,"PAIN, stitching, extending, anus, morning, urinating, after","PAIN, stitching, extending towards abdomen, evening, anus, morning, urinating, after",پیشاب کی نالی — درد، چبھتا ہوا، پیٹ کی طرف پھیلتا ہوا، شام، مقعد کا منہ، صبح پیشاب کرنا,1,1,یکساں
o62538,"PAIN, stitching, extending, forward, urinating, when not, urinating amel.","PAIN, stitching, extending towards abdomen, evening, forward, urinating, when not, urinating amel.",پیشاب کی نالی — درد، چبھتا ہوا، پیٹ کی طرف پھیلتا ہوا، شام، آگے کی طرف، پیشاب کرنا نہیں پیشاب کرنا آرام (amel.) — جس سے بہتر ہو,1,1,یکساں
o62539,"PAIN, stitching, extending, forward, urination, after","PAIN, stitching, extending towards abdomen, evening, forward, urination, after",پیشاب کی نالی — درد، چبھتا ہوا، پیٹ کی طرف پھیلتا ہوا، شام، آگے کی طرف، پیشاب کا عمل,1,1,یکساں
r110,"DISCHARGE, white, chronic, impotence, with, and fetid urine","DISCHARGE, acrid, white, chronic, impotence, with, and fetid urine",پیشاب کی نالی — اخراج، تیز و تند، سفید، پرانی (مزمن)، عاجزی (جنسی) کے ساتھ، بدبودار پیشاب,1,1,یکساں
r271,"PAIN, burning, coition, after, urination, during","PAIN, burning, coition, during, after, urination, during",پیشاب کی نالی — درد، جلتا ہوا، جماع کے دوران، بعد میں، پیشاب کا عمل,1,1,یکساں
r299,"PAIN, burning, urination, constriction, and, extending to bladder","PAIN, burning, urination, before, constriction, and, extending to bladder",پیشاب کی نالی — درد، جلتا ہوا، پیشاب سے پہلے، سکڑاؤ پھیلاؤ (درد کہاں تک) مثانہ,1,1,یکساں
r360,"PAIN, cutting, anterior part, urination, after, and lancinating","PAIN, cutting, anterior part, urination, during, after, and lancinating",پیشاب کی نالی — درد، کاٹتا ہوا، اگلے حصے میں، پیشاب کے دوران، بعد میں، چاقو چلنے جیسا چبھن,1,1,یکساں
r87,"DISCHARGE, mucous, viscid, purulent, urination, after","DISCHARGE, acrid, mucous, viscid, purulent, urination, after",پیشاب کی نالی — اخراج، تیز و تند، بلغم والا، چپکلیس (گاڑھا لیسدار) پیپ والا پیشاب کا عمل,1,1,یکساں
o62543,"PAIN, stitching, extending, meatus, from root of penis after urination","PAIN, stitching, extending towards abdomen, evening, meatus, from root of penis after urination",پیشاب کی نالی — درد، چبھتا ہوا، پیٹ کی طرف پھیلتا ہوا، شام، منہِ راستہ (نالی کا)، جڑ (ناک/دانت کی) عضوِ تناسل (مرد) پیشاب کا عمل,1,1,یکساں
r108,"DISCHARGE, white, chronic, anaemic subjects, in","DISCHARGE, acrid, white, chronic, anæmic subjects, in",پیشاب کی نالی — اخراج، تیز و تند، سفید، پرانی (مزمن)، مائیکرو (مخفف) مضامین/موضوعات,1,1,یکساں
r109,"DISCHARGE, white, chronic, impotence, with","DISCHARGE, acrid, white, chronic, impotence, with",پیشاب کی نالی — اخراج، تیز و تند، سفید، پرانی (مزمن)، عاجزی (جنسی) کے ساتھ,3,3,یکساں
r111,"DISCHARGE, white, chronic, nitrate of silver, after injection of","DISCHARGE, acrid, white, chronic, nitrate of silver, after injection of",پیشاب کی نالی — اخراج، تیز و تند، سفید، پرانی (مزمن)، نائٹریٹ (نمک) چاندی (چاندی کا ذائقہ) پیچ (ٹیکہ لگوانا),1,1,یکساں
r112,"DISCHARGE, white, chronic, urination, after","DISCHARGE, acrid, white, chronic, urination, after",پیشاب کی نالی — اخراج، تیز و تند، سفید، پرانی (مزمن)، پیشاب کا عمل,4,4,یکساں
r123,"DROPPING from, sensation of, urination, burning drops run along, after","DROPPING from, sensation of, urination, after, burning drops run along, after",پیشاب کی نالی — قطرہ ٹپکنے کا احساس، پیشاب کے بعد، جلن قطرے دوڑ (دوڑنے سے) ساتھ ساتھ (کے ساتھ),2,2,یکساں
r249,"PAIN, biting, urination, after, as if a drop were forcing its way out","PAIN, biting, urination, during, after, as if a drop were forcing its way out",پیشاب کی نالی — درد، کاٹتا ہوا، پیشاب کے دوران، بعد میں، قطرہ (ایک ایک کر کے) جیسے ہوں زبردستی کرتا ہوا راستہ باہر,1,1,یکساں
r257,"PAIN, biting, meatus, urination, during","PAIN, biting, meatus, morning, urination, during",پیشاب کی نالی — درد، کاٹتا ہوا، پیشاب کی نالی کے منہ میں، صبح، پیشاب کا عمل,4,4,یکساں
r295,"PAIN, burning, urination, beginning to urinate, when","PAIN, burning, urination, before, beginning to urinate, when",پیشاب کی نالی — درد، جلتا ہوا، پیشاب سے پہلے، شروع میں پیشاب کرنا,8,8,یکساں
r298,"PAIN, burning, urination, close, at","PAIN, burning, urination, before, close, at",پیشاب کی نالی — درد، جلتا ہوا، پیشاب سے پہلے، قریب/بند,5,5,یکساں
r306,"PAIN, burning, anterior part, urination, after","PAIN, burning, anterior part, urination, during, after",پیشاب کی نالی — درد، جلتا ہوا، اگلے حصے میں، پیشاب کے دوران، بعد میں,6,6,یکساں
r310,"PAIN, burning, fossa navicularis, urination, during","PAIN, burning, fossa navicularis, urination, before, during",پیشاب کی نالی — درد، جلتا ہوا، پیشاب کی نالی کے گڑھے میں، پیشاب سے پہلے، دوران میں,5,5,یکساں
r359,"PAIN, cutting, anterior part, urination, after","PAIN, cutting, anterior part, urination, during, after",پیشاب کی نالی — درد، کاٹتا ہوا، اگلے حصے میں، پیشاب کے دوران، بعد میں,3,3,یکساں
r365,"PAIN, cutting, meatus, urination, after","PAIN, cutting, meatus, urination, during, after",پیشاب کی نالی — درد، کاٹتا ہوا، پیشاب کی نالی کے منہ میں، پیشاب کے دوران، بعد میں,4,4,یکساں
r366,"PAIN, cutting, meatus, urination, at the close","PAIN, cutting, meatus, urination, during, at the close",پیشاب کی نالی — درد، کاٹتا ہوا، پیشاب کی نالی کے منہ میں، پیشاب کے دوران، قریب/بند,3,3,یکساں
r376,"PAIN, drawing, walking, in open air, on","PAIN, drawing, walking, while, in open air, on",پیشاب کی نالی — درد، کھینچتا ہوا، چلتے ہوئے، کھلی (ہوا) ہوا,1,1,یکساں
r454,"PAIN, stitching, urination, after, and after coition","PAIN, stitching, urination, before, after, and after coition",پیشاب کی نالی — درد، چبھتا ہوا، پیشاب سے پہلے، بعد میں، ہم بستری,1,1,یکساں
r457,"PAIN, stitching, walking, open air, in","PAIN, stitching, walking, while, open air, in",پیشاب کی نالی — درد، چبھتا ہوا، چلتے ہوئے، کھلی (ہوا) ہوا,2,2,یکساں
r490,"PAIN, tearing, urination, after, from root of penis to glans","PAIN, tearing, urination, during, after, from root of penis to glans",پیشاب کی نالی — درد، چیرتا ہوا، پیشاب کے دوران، بعد میں، جڑ (ناک/دانت کی) عضوِ تناسل (مرد) عضو کا سرہ,1,1,یکساں
r497,"PAIN, tearing, anterior part, urinating, when not","PAIN, tearing, anterior part, urinating, when, when not",پیشاب کی نالی — درد، چیرتا ہوا، اگلے حصے میں، پیشاب کے وقت، نہیں,2,2,یکساں
r71,"DISCHARGE, greenish, yellow, thick, with priapism","DISCHARGE, acrid, greenish, yellow, thick, with priapism",پیشاب کی نالی — اخراج، تیز و تند، سبز مائل، پیلا، گاڑھا کے ساتھ عضو کا مسلسل تناؤ (دردناک),3,3,یکساں
r76,"DISCHARGE, milky, sticky, urination, before","DISCHARGE, acrid, milky, sticky, urination, before",پیشاب کی نالی — اخراج، تیز و تند، دودھ جیسا، چپچپا، پیشاب کا عمل,1,1,یکساں
r80,"DISCHARGE, mucous, evening, chill, after a","DISCHARGE, acrid, mucous, evening, chill, after a",پیشاب کی نالی — اخراج، تیز و تند، بلغم والا، شام سردی لگنا,1,1,یکساں
r83,"DISCHARGE, mucous, gelatinous, urination, after","DISCHARGE, acrid, mucous, gelatinous, urination, after",پیشاب کی نالی — اخراج، تیز و تند، بلغم والا، جلپنی جیسا (رال جیسا) پیشاب کا عمل,1,1,یکساں
r475,"PAIN, stitching, meatus","PAIN, stitching, meatus",پیشاب کی نالی — درد، چبھتا ہوا، پیشاب کی نالی کے منہ میں,35,33,ماخذی مطابق کیے (OOREP مجموعہ سے کتابی عین)
r136,HAEMORRHAGE,HÆMORRHAGE,پیشاب کی نالی — خون کا بہاؤ,65,61,ماخذی مطابق کیے (OOREP مجموعہ سے کتابی عین)
o62166,"DISCHARGE, bloody, chronic diarrhoea, in","DISCHARGE, acrid, bloody, chronic diarrhœa, in",پیشاب کی نالی — اخراج، تیز و تند، خونی، پرانی (مزمن) دست,1,1,یکساں
o62186,"DISCHARGE, gonorrhoeal, syphilitics, in","DISCHARGE, acrid, gonorrhœal, syphilitics, in",پیشاب کی نالی — اخراج، تیز و تند، سوزاک (گنوریا)، آٹس والے (مریض),4,4,یکساں
o62261,"HAEMORRHAGE, pains in, stomach, and vomiting","HÆMORRHAGE, pains in kidneys and bladder, with, stomach, and vomiting",پیشاب کی نالی — خون کا بہاؤ، گردوں اور مثانے کے درد کے ساتھ، معدہ قے,1,1,یکساں
o62535,"PAIN, stitching, extending, backward","PAIN, stitching, extending towards abdomen, evening, backward",پیشاب کی نالی — درد، چبھتا ہوا، پیٹ کی طرف پھیلتا ہوا، شام، پیچھے کی طرف,10,10,یکساں
o62536,"PAIN, stitching, extending, bladder","PAIN, stitching, extending towards abdomen, evening, bladder",پیشاب کی نالی — درد، چبھتا ہوا، پیٹ کی طرف پھیلتا ہوا، شام، مثانہ,1,1,یکساں
o62537,"PAIN, stitching, extending, forward","PAIN, stitching, extending towards abdomen, evening, forward",پیشاب کی نالی — درد، چبھتا ہوا، پیٹ کی طرف پھیلتا ہوا، شام، آگے کی طرف,13,13,یکساں
o62540,"PAIN, stitching, extending, glans","PAIN, stitching, extending towards abdomen, evening, glans",پیشاب کی نالی — درد، چبھتا ہوا، پیٹ کی طرف پھیلتا ہوا، شام، عضو کا سرہ,4,4,یکساں
o62541,"PAIN, stitching, extending, hypogastrium","PAIN, stitching, extending towards abdomen, evening, hypogastrium",پیشاب کی نالی — درد، چبھتا ہوا، پیٹ کی طرف پھیلتا ہوا، شام، پیٹ کے نچلے حصے,2,2,یکساں
o62579,"PAIN, stitching, urination, during","PAIN, stitching, urination, before, during",پیشاب کی نالی — درد، چبھتا ہوا، پیشاب سے پہلے، دوران میں,20,20,یکساں
o62623,"SENSATION, cold drop of urine, passing, as if","SENSATION absent, when urinating, cold drop of urine, passing, as if",پیشاب کی نالی — احساس غائب، پیشاب کرتے وقت، سردی قطرہ (ایک ایک کر کے) پیشاب گزرنا (گیس/پیشاب),1,1,یکساں
o62625,"SENSATION, drops, passed, as if a few","SENSATION absent, when urinating, drops, passed, as if a few",پیشاب کی نالی — احساس غائب، پیشاب کرتے وقت، قطرے گزر گیا چند,2,2,یکساں
r102,"DISCHARGE, watery, moving about, on","DISCHARGE, acrid, watery, moving about, on",پیشاب کی نالی — اخراج، تیز و تند، پانی جیسا، ہلنے سے تقریباً / گرد,1,1,یکساں
r103,"DISCHARGE, watery, nitrate of silver, after injections of","DISCHARGE, acrid, watery, nitrate of silver, after injections of",پیشاب کی نالی — اخراج، تیز و تند، پانی جیسا، نائٹریٹ (نمک) چاندی (چاندی کا ذائقہ) پیچ (ٹیکے),1,1,یکساں
r106,"DISCHARGE, white, morning, prostatic discharge evening","DISCHARGE, acrid, white, morning, prostatic discharge evening",پیشاب کی نالی — اخراج، تیز و تند، سفید، صبح پروسٹیٹ کا اخراج شام,1,1,یکساں
r114,"DISCHARGE, yellow, morning, drop","DISCHARGE, acrid, yellow, morning, drop",پیشاب کی نالی — اخراج، تیز و تند، پیلا، صبح قطرہ (ایک ایک کر کے),2,2,یکساں
r190,"ITCHING, meatus, urging, after","ITCHING, meatus, urging, during, after",پیشاب کی نالی — خارش، پیشاب کی نالی کے منہ میں، خواہش، کے دوران، بعد میں,4,4,یکساں
r219,"PAIN, urination, urging to stool, with","PAIN, urination, during, urging to stool, with",پیشاب کی نالی — درد، پیشاب کے دوران، دھتکار (فوری آنے کا احساس) پاخانہ کے ساتھ,10,10,یکساں
r256,"PAIN, biting, meatus, evening","PAIN, biting, meatus, morning, evening",پیشاب کی نالی — درد، کاٹتا ہوا، پیشاب کی نالی کے منہ میں، صبح، شام,3,3,یکساں
r277,"PAIN, burning, emission, after","PAIN, burning, emission, during, after",پیشاب کی نالی — درد، جلتا ہوا، احتلام کے دوران، بعد میں,9,9,یکساں
r279,"PAIN, burning, erections, ceases during coition","PAIN, burning, erections, during, ceases during coition",پیشاب کی نالی — درد، جلتا ہوا، عضو کی سختی کے دوران، رُک جاتا ہے ہم بستری,1,1,یکساں
r282,"PAIN, burning, menses, during","PAIN, burning, menses, before (See Urine, Burning), during",پیشاب کی نالی — درد، جلتا ہوا، حیض سے پہلے، دوران میں,1,1,یکساں
r287,"PAIN, burning, stool, after","PAIN, burning, stool, during, after",پیشاب کی نالی — درد، جلتا ہوا، پاخانے کے دوران، بعد میں,1,1,یکساں
r296,"PAIN, burning, urination, after","PAIN, burning, urination, before, after",پیشاب کی نالی — درد، جلتا ہوا، پیشاب سے پہلے، بعد میں,65,65,یکساں
r297,"PAIN, burning, urination, amel.","PAIN, burning, urination, before, amel.",پیشاب کی نالی — درد، جلتا ہوا، پیشاب سے پہلے، آرام (amel.) — جس سے بہتر ہو,3,3,یکساں
r300,"PAIN, burning, urination, last drops cause violent burning","PAIN, burning, urination, before, last drops cause violent burning",پیشاب کی نالی — درد، جلتا ہوا، پیشاب سے پہلے، آخری/گزشتہ قطرے سبب شدید جلن,11,11,یکساں
r343,"PAIN, cutting, stool, during","PAIN, cutting, stool, before, during",پیشاب کی نالی — درد، کاٹتا ہوا، پاخانے سے پہلے، دوران میں,2,2,یکساں
r344,"PAIN, cutting, stool, after","PAIN, cutting, stool, before, after",پیشاب کی نالی — درد، کاٹتا ہوا، پاخانے سے پہلے، بعد میں,1,1,یکساں
r393,"PAIN, pressing, urination, between the acts of","PAIN, pressing, urination, after, between the acts of",پیشاب کی نالی — درد، دبانے والا، پیشاب کے بعد، درمیان میں کرتا ہے (عمل),1,1,یکساں
r408,"PAIN, soreness, urination, after","PAIN, soreness, urination, during, after",پیشاب کی نالی — درد، دکھن، پیشاب کے دوران، بعد میں,3,3,یکساں
r453,"PAIN, stitching, urination, after","PAIN, stitching, urination, before, after",پیشاب کی نالی — درد، چبھتا ہوا، پیشاب سے پہلے، بعد میں,13,13,یکساں
r455,"PAIN, stitching, urination, close of","PAIN, stitching, urination, before, close of",پیشاب کی نالی — درد، چبھتا ہوا، پیشاب سے پہلے، قریب/بند,1,1,یکساں
r472,"PAIN, anterior part, urination, after","PAIN, anterior part when not urinating, urination, during, after",پیشاب کی نالی — درد، اگلے حصے میں، پیشاب کے دوران، بعد میں,2,2,یکساں
r49,"DISCHARGE, flocculent, urination, after","DISCHARGE, acrid, flocculent, urination, after",پیشاب کی نالی — اخراج، تیز و تند، رال جیسے ٹکڑے (پانی میں) پیشاب کا عمل,1,1,یکساں
r55,"DISCHARGE, gleety, impotency, with","DISCHARGE, acrid, gleety, impotency, with",پیشاب کی نالی — اخراج، تیز و تند، نکھیر والا (سفید پانی)، جنسی عاجزی (نامردی) کے ساتھ,1,1,یکساں
r77,"DISCHARGE, milky, stool, after","DISCHARGE, acrid, milky, stool, after",پیشاب کی نالی — اخراج، تیز و تند، دودھ جیسا، پاخانہ,1,1,یکساں
r78,"DISCHARGE, milky, urination, after","DISCHARGE, acrid, milky, urination, after",پیشاب کی نالی — اخراج، تیز و تند، دودھ جیسا، پیشاب کا عمل,6,6,یکساں
r86,"DISCHARGE, mucous, relaxation of genitals, during","DISCHARGE, acrid, mucous, relaxation of genitals, during",پیشاب کی نالی — اخراج، تیز و تند، بلغم والا، ڈھیلا پن عضو تناسل,1,1,یکساں
r97,"DISCHARGE, thin, gleety, with formication over body","DISCHARGE, acrid, thin, gleety, with formication over body",پیشاب کی نالی — اخراج، تیز و تند، پتلا/دبلا، نکھیر والا (سفید پانی) کے ساتھ چیونٹیوں چلنے جیسی حس اوپر / پر جسم,1,1,یکساں
r263,"PAIN, burning, urination, during","PAIN, burning, urination, before, during",پیشاب کی نالی — درد، جلتا ہوا، پیشاب سے پہلے، دوران میں,141,140,ماخذی مطابق کیے (OOREP مجموعہ سے کتابی عین)
r160,IRRITATION,IRRITATION,پیشاب کی نالی — خراش (چڑچڑاہٹ),13,12,ماخذی مطابق کیے (OOREP مجموعہ سے کتابی عین)
r511,"REDNESS, meatus","REDNESS, meatus",پیشاب کی نالی — سرخی، پیشاب کی نالی کے منہ میں,13,12,ماخذی مطابق کیے (OOREP مجموعہ سے کتابی عین)
o62182,"DISCHARGE, gonorrhoeal, chronic","DISCHARGE, acrid, gonorrhœal, chronic",پیشاب کی نالی — اخراج، تیز و تند، سوزاک (گنوریا)، پرانی (مزمن),29,29,یکساں
o62183,"DISCHARGE, gonorrhoeal, increase after having decreased","DISCHARGE, acrid, gonorrhœal, increase after having decreased",پیشاب کی نالی — اخراج، تیز و تند، سوزاک (گنوریا)، بڑھاؤ رکھنا کم ہوا,5,5,یکساں
o62184,"DISCHARGE, gonorrhoeal, night","DISCHARGE, acrid, gonorrhœal, night",پیشاب کی نالی — اخراج، تیز و تند، سوزاک (گنوریا)، رات,3,3,یکساں
o62185,"DISCHARGE, gonorrhoeal, only","DISCHARGE, acrid, gonorrhœal, only",پیشاب کی نالی — اخراج، تیز و تند، سوزاک (گنوریا)، صرف,1,1,یکساں
o62295,"ITCHING, gonorrhoea, following","ITCHING, gonorrhœa, with, following",پیشاب کی نالی — خارش، سوزاک کے ساتھ، بعد والا,1,1,یکساں
o62343,"PAIN, biting, meatus, urination, after, sticking","PAIN, biting, meatus, morning, urination, during, after, sticking",پیشاب کی نالی — درد، کاٹتا ہوا، پیشاب کی نالی کے منہ میں، صبح، پیشاب کا عمل، بعد میں، چبھنا (لگا رہنے والا),1,1,یکساں
o62624,"SENSATION, constricted, as if","SENSATION absent, when urinating, constricted, as if",پیشاب کی نالی — احساس غائب، پیشاب کرتے وقت، سکڑا ہوا (تنگ),2,2,یکساں
o62626,"SENSATION, narrow, as if too","SENSATION absent, when urinating, narrow, as if too",پیشاب کی نالی — احساس غائب، پیشاب کرتے وقت، تنگ,4,4,یکساں
o62627,"SENSATION, stone in, as of a","SENSATION absent, when urinating, stone in, as of a",پیشاب کی نالی — احساس غائب، پیشاب کرتے وقت، پتھری (پتھر),1,1,یکساں
o62628,"SENSATION, urine were cold, as if","SENSATION absent, when urinating, urine were cold, as if",پیشاب کی نالی — احساس غائب، پیشاب کرتے وقت، پیشاب جیسے ہوں سردی,1,1,یکساں
r101,"DISCHARGE, watery, meatus glued up in morning with a watery drop","DISCHARGE, acrid, watery, meatus glued up in morning with a watery drop",پیشاب کی نالی — اخراج، تیز و تند، پانی جیسا، منہِ راستہ (نالی کا) گوند جیسا چپکا صبح کے ساتھ پانی جیسا قطرہ (ایک ایک کر کے),1,1,یکساں
r104,"DISCHARGE, watery, painless","DISCHARGE, acrid, watery, painless",پیشاب کی نالی — اخراج، تیز و تند، پانی جیسا، بے درد,1,1,یکساں
r115,"DISCHARGE, yellow, evening","DISCHARGE, acrid, yellow, evening",پیشاب کی نالی — اخراج، تیز و تند، پیلا، شام,1,1,یکساں
r116,"DISCHARGE, yellow, night","DISCHARGE, acrid, yellow, night",پیشاب کی نالی — اخراج، تیز و تند، پیلا، رات,2,2,یکساں
r117,"DISCHARGE, yellow, chronic","DISCHARGE, acrid, yellow, chronic",پیشاب کی نالی — اخراج، تیز و تند، پیلا، پرانی (مزمن),14,14,یکساں
r118,"DISCHARGE, yellow, spots on linen","DISCHARGE, acrid, yellow, spots on linen",پیشاب کی نالی — اخراج، تیز و تند، پیلا، دھبے سوتی کپڑا,3,3,یکساں
r120,"DISCHARGE, yellowish-white, painless","DISCHARGE, acrid, yellowish-white, painless",پیشاب کی نالی — اخراج، تیز و تند، پیلا سا سفید، بے درد,1,1,یکساں
r15,"CONSTRICTION, urination, after","CONSTRICTION, urination, during, after",پیشاب کی نالی — جکڑن، پیشاب کے دوران، بعد میں,1,1,یکساں
r173,"ITCHING, urination, during","ITCHING, urination, before, during",پیشاب کی نالی — خارش، پیشاب سے پہلے، دوران میں,16,16,یکساں
r174,"ITCHING, urination, after","ITCHING, urination, before, after",پیشاب کی نالی — خارش، پیشاب سے پہلے، بعد میں,12,12,یکساں
r212,"PAIN, erections, after","PAIN, erections, during, after",پیشاب کی نالی — درد، عضو کی سختی کے دوران، بعد میں,1,1,یکساں
r221,"PAIN, urination, at close of","PAIN, urination, during, at close of",پیشاب کی نالی — درد، پیشاب کے دوران، قریب/بند,10,10,یکساں
r26,"CONTRACTION, urination, after","CONTRACTION, urination, during, after",پیشاب کی نالی — سکڑاؤ، پیشاب کے دوران، بعد میں,1,1,یکساں
r42,"DISCHARGE, bloody, urethra painful to touch","DISCHARGE, acrid, bloody, urethra painful to touch",پیشاب کی نالی — اخراج، تیز و تند، خونی، پیشاب کی نالی درد بھرا لمس,1,1,یکساں
r53,"DISCHARGE, gleety, morning","DISCHARGE, acrid, gleety, morning",پیشاب کی نالی — اخراج، تیز و تند، نکھیر والا (سفید پانی)، صبح,4,4,یکساں
r54,"DISCHARGE, gleety, night","DISCHARGE, acrid, gleety, night",پیشاب کی نالی — اخراج، تیز و تند، نکھیر والا (سفید پانی)، رات,2,2,یکساں
r558,"VOLUPTUOUS sensation, urination, after","VOLUPTUOUS sensation, urination, during, after",پیشاب کی نالی — شہوانی احساس، پیشاب کے دوران، بعد میں,1,1,یکساں
r56,"DISCHARGE, gleety, painless","DISCHARGE, acrid, gleety, painless",پیشاب کی نالی — اخراج، تیز و تند، نکھیر والا (سفید پانی)، بے درد,22,22,یکساں
r57,"DISCHARGE, gleety, protracted","DISCHARGE, acrid, gleety, protracted",پیشاب کی نالی — اخراج، تیز و تند، نکھیر والا (سفید پانی)، لمبا (دیر تک),1,1,یکساں
r67,"DISCHARGE, greenish, night","DISCHARGE, acrid, greenish, night",پیشاب کی نالی — اخراج، تیز و تند، سبز مائل، رات,2,2,یکساں
r68,"DISCHARGE, greenish, chronic","DISCHARGE, acrid, greenish, chronic",پیشاب کی نالی — اخراج، تیز و تند، سبز مائل، پرانی (مزمن),4,4,یکساں
r69,"DISCHARGE, greenish, thick","DISCHARGE, acrid, greenish, thick",پیشاب کی نالی — اخراج، تیز و تند، سبز مائل، گاڑھا,3,3,یکساں
r70,"DISCHARGE, greenish, yellow","DISCHARGE, acrid, greenish, yellow",پیشاب کی نالی — اخراج، تیز و تند، سبز مائل، پیلا,19,19,گریڈ کتابی مطابق کیے
r74,"DISCHARGE, milky, pasty","DISCHARGE, acrid, milky, pasty",پیشاب کی نالی — اخراج، تیز و تند، دودھ جیسا، آٹے جیسا (پیلا),1,1,یکساں
r82,"DISCHARGE, mucous, bloody","DISCHARGE, acrid, mucous, bloody",پیشاب کی نالی — اخراج، تیز و تند، بلغم والا، خونی,3,3,یکساں
r84,"DISCHARGE, mucous, glutinous","DISCHARGE, acrid, mucous, glutinous",پیشاب کی نالی — اخراج، تیز و تند، بلغم والا، چپکلیس (گوند جیسا),2,2,یکساں
r85,"DISCHARGE, mucous, milky white","DISCHARGE, acrid, mucous, milky white",پیشاب کی نالی — اخراج، تیز و تند، بلغم والا، دودھ جیسا سفید,1,1,یکساں
r90,"DISCHARGE, purulent, drop of pus before urinating","DISCHARGE, acrid, purulent, drop of pus before urinating",پیشاب کی نالی — اخراج، تیز و تند، پیپ والا، قطرہ (ایک ایک کر کے) پیپ پیشاب کرنا,1,1,یکساں
r91,"DISCHARGE, semen, like","DISCHARGE, acrid, semen, like",پیشاب کی نالی — اخراج، تیز و تند، منی (نطفہ) جیسا,1,1,یکساں
r470,"PAIN, stitching, anterior part","PAIN, stitching, anterior part",پیشاب کی نالی — درد، چبھتا ہوا، اگلے حصے میں,24,22,ماخذی مطابق کیے (OOREP مجموعہ سے کتابی عین)
r179,"ITCHING, fossa navicularis","ITCHING, fossa navicularis",پیشاب کی نالی — خارش، پیشاب کی نالی کے گڑھے میں,11,10,ماخذی مطابق کیے (OOREP مجموعہ سے کتابی عین)
r410,"PAIN, soreness, meatus","PAIN, soreness, meatus",پیشاب کی نالی — درد، دکھن، پیشاب کی نالی کے منہ میں,11,10,ماخذی مطابق کیے (OOREP مجموعہ سے کتابی عین)
o62471,"PAIN, drawing, morning, waking, on","PAIN, drawing, morning, urinating, after, waking, on",پیشاب کی نالی — درد، کھینچتا ہوا، صبح، پیشاب کے بعد، جاگنا,2,2,یکساں
o62566,"PAIN, stitching, stinging, gonorrhoea, with","PAIN, stitching, stinging, coition, during, gonorrhœa, with",پیشاب کی نالی — درد، چبھتا ہوا، ڈنک جیسا، جماع کے دوران، سوزاک (گنوریا) کے ساتھ,2,2,یکساں
r371,"PAIN, drawing","PAIN, drawing",پیشاب کی نالی — درد، کھینچتا ہوا,31,28,ماخذی مطابق کیے (OOREP مجموعہ سے کتابی عین)
o62630,"SENSATION, urine, remained in, fossa navicularis, in, after urination, as if","SENSATION absent, when urinating, urine were cold, as if, remained in, after urinating as if some, fossa navicularis, in, after urination, as if",پیشاب کی نالی — احساس غائب، پیشاب کرتے وقت، پیشاب جیسے ہوں سردی، رہا پیشاب کرنا، گڑھا (ہڈی کا) ناوَل والی ہڈی (پاؤں کی) پیشاب کا عمل,3,3,یکساں
r133,HEAT,HEAT,پیشاب کی نالی — گرمی,10,9,ماخذی مطابق کیے (OOREP مجموعہ سے کتابی عین)
r290,"PAIN, burning, urging to urinate","PAIN, burning, urging to urinate",پیشاب کی نالی — درد، جلتا ہوا، پیشاب کی خواہش,10,9,ماخذی مطابق کیے (OOREP مجموعہ سے کتابی عین)
r509,PULSATION,PULSATION,پیشاب کی نالی — دھڑکن,10,9,ماخذی مطابق کیے (OOREP مجموعہ سے کتابی عین)
o62376,"PAIN, burning, glandular portion, and for long time after","PAIN, burning, glandular portion, urination, during, and for long time after",پیشاب کی نالی — درد، جلتا ہوا، غدودی حصے میں، پیشاب کے دوران، طویل وقت,3,3,یکساں
o62448,"PAIN, cutting, urination, before","PAIN, cutting, urinating, when not, urination, before",پیشاب کی نالی — درد، کاٹتا ہوا، پیشاب نہ کرتے وقت، پیشاب کا عمل,7,7,یکساں
o62485,"PAIN, meatus, urination, during","PAIN, meatus, urinating, when not, urination, during",پیشاب کی نالی — درد، پیشاب کی نالی کے منہ میں، پیشاب نہ کرتے وقت، پیشاب کا عمل,1,1,یکساں
o62609,"PAIN, ulcerative, urination, during","PAIN, ulcerative, ulceration, as from sub-cutaneous, urination, during",پیشاب کی نالی — درد، ناسور والا، جیسے جلد کے نیچے ناسور ہو، پیشاب کا عمل,1,1,یکساں
o62629,"SENSATION, urine, remained in, after urinating as if some","SENSATION absent, when urinating, urine were cold, as if, remained in, after urinating as if some",پیشاب کی نالی — احساس غائب، پیشاب کرتے وقت، پیشاب جیسے ہوں سردی، رہا پیشاب کرنا,20,20,یکساں
r0,AGGLUTINATION of meatus,AGGLUTINATION of meatus,پیشاب کی نالی — پیشاب کی نالی کے منہ کا چپک جانا,18,16,ماخذی مطابق کیے (OOREP مجموعہ سے کتابی عین)
r100,"DISCHARGE, watery","DISCHARGE, acrid, watery",پیشاب کی نالی — اخراج، تیز و تند، پانی جیسا,17,17,گریڈ کتابی مطابق کیے
r119,"DISCHARGE, yellowish-white","DISCHARGE, acrid, yellowish-white",پیشاب کی نالی — اخراج، تیز و تند، پیلا سا سفید,2,2,یکساں
r39,"DISCHARGE, albuminous","DISCHARGE, acrid, albuminous",پیشاب کی نالی — اخراج، تیز و تند، انڈے جیسا (البومین والا),3,3,یکساں
r43,"DISCHARGE, cheesy","DISCHARGE, acrid, cheesy",پیشاب کی نالی — اخراج، تیز و تند، پنیر جیسا (پیپ),1,1,یکساں
r44,"DISCHARGE, clear","DISCHARGE, acrid, clear",پیشاب کی نالی — اخراج، تیز و تند، صاف,13,13,یکساں
r45,"DISCHARGE, colorless","DISCHARGE, acrid, colorless",پیشاب کی نالی — اخراج، تیز و تند، بے رنگ,4,4,یکساں
r47,"DISCHARGE, cream like","DISCHARGE, acrid, cream like",پیشاب کی نالی — اخراج، تیز و تند، کریم (مالائی) جیسا,1,1,یکساں
r48,"DISCHARGE, fetid","DISCHARGE, acrid, fetid",پیشاب کی نالی — اخراج، تیز و تند، بدبودار,9,9,یکساں
r553,"URINE, stops at fossa navicularis","URINE, still flowing sensation of, stops at fossa navicularis",پیشاب کی نالی — پیشاب، اب بھی بہتے رہنے کا احساس، رُک جاتا ہے گڑھا (ہڈی کا) ناوَل والی ہڈی (پاؤں کی),2,2,یکساں
r58,"DISCHARGE, gluey","DISCHARGE, acrid, gluey",پیشاب کی نالی — اخراج، تیز و تند، گوند جیسا (چپکتا),1,1,یکساں
r65,"DISCHARGE, gray","DISCHARGE, acrid, gray",پیشاب کی نالی — اخراج، تیز و تند، سلیٹی (خاکستری),1,1,یکساں
r72,"DISCHARGE, jelly-like","DISCHARGE, acrid, jelly-like",پیشاب کی نالی — اخراج، تیز و تند، جیلی جیسا (لٹکنے والا) جیسا,1,1,یکساں
r88,"DISCHARGE, profuse","DISCHARGE, acrid, profuse",پیشاب کی نالی — اخراج، تیز و تند، برہمن (بہت زیادہ),17,17,یکساں
r92,"DISCHARGE, slimy","DISCHARGE, acrid, slimy",پیشاب کی نالی — اخراج، تیز و تند، لَیس دار (چپکلیس),13,13,یکساں
r93,"DISCHARGE, spotting linen","DISCHARGE, acrid, spotting linen",پیشاب کی نالی — اخراج، تیز و تند، قطرے قطرے (خون کے) سوتی کپڑا,1,1,یکساں
r94,"DISCHARGE, stringy","DISCHARGE, acrid, stringy",پیشاب کی نالی — اخراج، تیز و تند، ڈوری جیسا (چپکتا بلغم),1,1,یکساں
r95,"DISCHARGE, thick","DISCHARGE, acrid, thick",پیشاب کی نالی — اخراج، تیز و تند، گاڑھا,21,21,یکساں
r98,"DISCHARGE, transparent","DISCHARGE, acrid, transparent",پیشاب کی نالی — اخراج، تیز و تند، شفاف,4,4,یکساں
r99,"DISCHARGE, viscid","DISCHARGE, acrid, viscid",پیشاب کی نالی — اخراج، تیز و تند، چپکلیس (گاڑھا لیسدار),9,9,یکساں
o62204,"DISCHARGE, mucous, evening, urination, after","DISCHARGE, acrid, mucous, evening, chill, after a, urination, after",پیشاب کی نالی — اخراج، تیز و تند، بلغم والا، شام سردی لگنا، پیشاب کا عمل,4,4,یکساں
o62500,"PAIN, pricking, meatus","PAIN, pricking, urination, before, meatus",پیشاب کی نالی — درد، چبھن (سوئی جیسی)، پیشاب سے پہلے، منہِ راستہ (نالی کا),4,4,یکساں
r89,"DISCHARGE, purulent","DISCHARGE, acrid, purulent",پیشاب کی نالی — اخراج، تیز و تند، پیپ والا,40,39,ماخذی مطابق کیے (OOREP مجموعہ سے کتابی عین)
r52,"DISCHARGE, gleety","DISCHARGE, acrid, gleety",پیشاب کی نالی — اخراج، تیز و تند، نکھیر والا (سفید پانی),72,70,ماخذی مطابق کیے (OOREP مجموعہ سے کتابی عین)
r542,TWITCHING,TWITCHING,پیشاب کی نالی — پھڑکن,14,12,ماخذی مطابق کیے (OOREP مجموعہ سے کتابی عین)
o62484,"PAIN, meatus, urination, after","PAIN, meatus, urinating, when not, urination, during, after",پیشاب کی نالی — درد، پیشاب کی نالی کے منہ میں، پیشاب نہ کرتے وقت، پیشاب کا عمل، بعد میں,1,1,یکساں
o62608,"PAIN, ulcerative, urination, between acts of","PAIN, ulcerative, ulceration, as from sub-cutaneous, urination, during, between acts of",پیشاب کی نالی — درد، ناسور والا، جیسے جلد کے نیچے ناسور ہو، پیشاب کا عمل، درمیان میں کرتا ہے (عمل),2,2,یکساں
r40,"DISCHARGE, bloody","DISCHARGE, acrid, bloody",پیشاب کی نالی — اخراج، تیز و تند، خونی,22,21,ماخذی مطابق کیے (OOREP مجموعہ سے کتابی عین)
r177,"ITCHING, anterior part","ITCHING, anterior part",پیشاب کی نالی — خارش، اگلے حصے میں,12,10,ماخذی مطابق کیے (OOREP مجموعہ سے کتابی عین)
r31,CRAWLING,CRAWLING,پیشاب کی نالی — چیونٹیاں رینگنے کا احساس,18,15,ماخذی مطابق کیے (OOREP مجموعہ سے کتابی عین)
r420,"PAIN, stitching, burning","PAIN, stitching, burning",پیشاب کی نالی — درد، چبھتا ہوا، جلتا ہوا,6,5,ماخذی مطابق کیے (OOREP مجموعہ سے کتابی عین)
r549,"ULCERATION, meatus","ULCERATION, meatus",پیشاب کی نالی — ناسور (زخم)، پیشاب کی نالی کے منہ میں,6,5,ماخذی مطابق کیے (OOREP مجموعہ سے کتابی عین)
r248,"PAIN, biting, urination, after","PAIN, biting, urination, during, after",پیشاب کی نالی — درد، کاٹتا ہوا، پیشاب کے دوران، بعد میں,10,9,ماخذی مطابق کیے (OOREP مجموعہ سے کتابی عین)
r79,"DISCHARGE, mucous","DISCHARGE, acrid, mucous",پیشاب کی نالی — اخراج، تیز و تند، بلغم والا,50,47,ماخذی مطابق کیے (OOREP مجموعہ سے کتابی عین)
r113,"DISCHARGE, yellow","DISCHARGE, acrid, yellow",پیشاب کی نالی — اخراج، تیز و تند، پیلا,42,39,ماخذی مطابق کیے (OOREP مجموعہ سے کتابی عین)
r431,"PAIN, stitching, fine","PAIN, stitching, fine",پیشاب کی نالی — درد، چبھتا ہوا، باریک,5,4,ماخذی مطابق کیے (OOREP مجموعہ سے کتابی عین)
r498,"PAIN, tearing, meatus","PAIN, tearing, meatus",پیشاب کی نالی — درد، چیرتا ہوا، پیشاب کی نالی کے منہ میں,5,4,ماخذی مطابق کیے (OOREP مجموعہ سے کتابی عین)
r183,"ITCHING, meatus","ITCHING, meatus",پیشاب کی نالی — خارش، پیشاب کی نالی کے منہ میں,34,27,ماخذی مطابق کیے (OOREP مجموعہ سے کتابی عین)
r270,"PAIN, burning, coition, after","PAIN, burning, coition, during, after",پیشاب کی نالی — درد، جلتا ہوا، جماع کے دوران، بعد میں,7,6,ماخذی مطابق کیے (OOREP مجموعہ سے کتابی عین)
r96,"DISCHARGE, thin","DISCHARGE, acrid, thin",پیشاب کی نالی — اخراج، تیز و تند، پتلا/دبلا,10,9,ماخذی مطابق کیے (OOREP مجموعہ سے کتابی عین)
r228,"PAIN, meatus","PAIN, meatus",پیشاب کی نالی — درد، پیشاب کی نالی کے منہ میں,14,11,ماخذی مطابق کیے (OOREP مجموعہ سے کتابی عین)
r500,"PAIN, twinging","PAIN, twinging",پیشاب کی نالی — درد، ہلکا اینٹھن والا,9,7,ماخذی مطابق کیے (OOREP مجموعہ سے کتابی عین)
o62181,"DISCHARGE, gonorrhoeal","DISCHARGE, acrid, gonorrhœal",پیشاب کی نالی — اخراج، تیز و تند، سوزاک (گنوریا),87,77,ماخذی مطابق کیے (OOREP مجموعہ سے کتابی عین)
r18,CONTRACTION,CONTRACTION,پیشاب کی نالی — سکڑاؤ,21,16,ماخذی مطابق کیے (OOREP مجموعہ سے کتابی عین)
r390,"PAIN, pressing","PAIN, pressing",پیشاب کی نالی — درد، دبانے والا,21,16,ماخذی مطابق کیے (OOREP مجموعہ سے کتابی عین)
r313,"PAIN, burning, meatus","PAIN, burning, meatus",پیشاب کی نالی — درد، جلتا ہوا، پیشاب کی نالی کے منہ میں,61,46,ماخذی مطابق کیے (OOREP مجموعہ سے کتابی عین)
r130,HARDNESS,HARDNESS,پیشاب کی نالی — سختی,4,3,ماخذی مطابق کیے (OOREP مجموعہ سے کتابی عین)
r209,"PAIN, emissions, from","PAIN, emissions, from",پیشاب کی نالی — درد، احتلام سے,4,3,ماخذی مطابق کیے (OOREP مجموعہ سے کتابی عین)
r384,"PAIN, drawing, meatus","PAIN, drawing, meatus",پیشاب کی نالی — درد، کھینچتا ہوا، پیشاب کی نالی کے منہ میں,4,3,ماخذی مطابق کیے (OOREP مجموعہ سے کتابی عین)
r423,"PAIN, stitching, cutting","PAIN, stitching, cutting",پیشاب کی نالی — درد، چبھتا ہوا، کاٹنے کے ساتھ,4,3,ماخذی مطابق کیے (OOREP مجموعہ سے کتابی عین)
r495,"PAIN, tearing, anterior part","PAIN, tearing, anterior part",پیشاب کی نالی — درد، چیرتا ہوا، اگلے حصے میں,8,6,ماخذی مطابق کیے (OOREP مجموعہ سے کتابی عین)
r105,"DISCHARGE, white","DISCHARGE, acrid, white",پیشاب کی نالی — اخراج، تیز و تند، سفید,34,29,ماخذی مطابق کیے (OOREP مجموعہ سے کتابی عین)
r234,"PAIN, urination, after","PAIN, urination, during, after",پیشاب کی نالی — درد، پیشاب کے دوران، بعد میں,11,9,ماخذی مطابق کیے (OOREP مجموعہ سے کتابی عین)
r380,"PAIN, drawing, anterior part","PAIN, drawing, anterior part",پیشاب کی نالی — درد، کھینچتا ہوا، اگلے حصے میں,7,5,ماخذی مطابق کیے (OOREP مجموعہ سے کتابی عین)
r386,"PAIN, pinching","PAIN, pinching",پیشاب کی نالی — درد، چٹکی لینے والا,7,5,ماخذی مطابق کیے (OOREP مجموعہ سے کتابی عین)
r414,"PAIN, stitching","PAIN, stitching",پیشاب کی نالی — درد، چبھتا ہوا,104,73,ماخذی مطابق کیے (OOREP مجموعہ سے کتابی عین)
r73,"DISCHARGE, milky","DISCHARGE, acrid, milky",پیشاب کی نالی — اخراج، تیز و تند، دودھ جیسا,16,13,ماخذی مطابق کیے (OOREP مجموعہ سے کتابی عین)
r162,ITCHING,ITCHING,پیشاب کی نالی — خارش,80,55,ماخذی مطابق کیے (OOREP مجموعہ سے کتابی عین)
r524,STRICTURE,STRICTURE,پیشاب کی نالی — تنگی (اسٹرکچر),48,33,ماخذی مطابق کیے (OOREP مجموعہ سے کتابی عین)
o62533,"PAIN, stitching, extending, anus","PAIN, stitching, extending towards abdomen, evening, anus",پیشاب کی نالی — درد، چبھتا ہوا، پیٹ کی طرف پھیلتا ہوا، شام، مقعد کا منہ,4,3,ماخذی مطابق کیے (OOREP مجموعہ سے کتابی عین)
o62542,"PAIN, stitching, extending, meatus","PAIN, stitching, extending towards abdomen, evening, meatus",پیشاب کی نالی — درد، چبھتا ہوا، پیٹ کی طرف پھیلتا ہوا، شام، منہِ راستہ (نالی کا),4,3,ماخذی مطابق کیے (OOREP مجموعہ سے کتابی عین)
r489,"PAIN, tearing, urination, after","PAIN, tearing, urination, during, after",پیشاب کی نالی — درد، چیرتا ہوا، پیشاب کے دوران، بعد میں,4,3,ماخذی مطابق کیے (OOREP مجموعہ سے کتابی عین)
r528,SWELLING,SWELLING,پیشاب کی نالی — سوجن,22,15,ماخذی مطابق کیے (OOREP مجموعہ سے کتابی عین)
r121,"DROPPING from, sensation of","DROPPING from, sensation of",پیشاب کی نالی — قطرہ ٹپکنے کا احساس,6,4,ماخذی مطابق کیے (OOREP مجموعہ سے کتابی عین)
r198,"MOISTURE, meatus","MOISTURE, meatus",پیشاب کی نالی — رطوبت، پیشاب کی نالی کے منہ میں,3,2,ماخذی مطابق کیے (OOREP مجموعہ سے کتابی عین)
r254,"PAIN, biting, meatus, morning","PAIN, biting, meatus, morning",پیشاب کی نالی — درد، کاٹتا ہوا، پیشاب کی نالی کے منہ میں، صبح,3,2,ماخذی مطابق کیے (OOREP مجموعہ سے کتابی عین)
r354,"PAIN, cutting, extending backward","PAIN, cutting, extending backward",پیشاب کی نالی — درد، کاٹتا ہوا، پیچھے کی طرف پھیلتا ہوا,3,2,ماخذی مطابق کیے (OOREP مجموعہ سے کتابی عین)
r437,"PAIN, stitching, sitting","PAIN, stitching, sitting",پیشاب کی نالی — درد، چبھتا ہوا، بیٹھنا,3,2,ماخذی مطابق کیے (OOREP مجموعہ سے کتابی عین)
r492,"PAIN, tearing, zig-zags","PAIN, tearing, zig-zags",پیشاب کی نالی — درد، چیرتا ہوا، ٹیڑھے بل کھاتے ہوئے,3,2,ماخذی مطابق کیے (OOREP مجموعہ سے کتابی عین)
r503,"PAIN, twinging, meatus","PAIN, twinging, meatus",پیشاب کی نالی — درد، ہلکا اینٹھن والا، پیشاب کی نالی کے منہ میں,3,2,ماخذی مطابق کیے (OOREP مجموعہ سے کتابی عین)
r157,INFLAMMATION,INFLAMMATION,پیشاب کی نالی — سوزش,40,26,ماخذی مطابق کیے (OOREP مجموعہ سے کتابی عین)
r481,"PAIN, tearing","PAIN, tearing",پیشاب کی نالی — درد، چیرتا ہوا,35,22,ماخذی مطابق کیے (OOREP مجموعہ سے کتابی عین)
r362,"PAIN, cutting, meatus","PAIN, cutting, meatus",پیشاب کی نالی — درد، کاٹتا ہوا، پیشاب کی نالی کے منہ میں,16,10,ماخذی مطابق کیے (OOREP مجموعہ سے کتابی عین)
r261,"PAIN, burning","PAIN, burning",پیشاب کی نالی — درد، جلتا ہوا,200,124,ماخذی مطابق کیے (OOREP مجموعہ سے کتابی عین)
r357,"PAIN, cutting, anterior part","PAIN, cutting, anterior part",پیشاب کی نالی — درد، کاٹتا ہوا، اگلے حصے میں,12,7,ماخذی مطابق کیے (OOREP مجموعہ سے کتابی عین)
r107,"DISCHARGE, white, chronic","DISCHARGE, acrid, white, chronic",پیشاب کی نالی — اخراج، تیز و تند، سفید، پرانی (مزمن),21,14,ماخذی مطابق کیے (OOREP مجموعہ سے کتابی عین)
r75,"DISCHARGE, milky, sticky","DISCHARGE, acrid, milky, sticky",پیشاب کی نالی — اخراج، تیز و تند، دودھ جیسا، چپچپا,3,2,ماخذی مطابق کیے (OOREP مجموعہ سے کتابی عین)
r404,"PAIN, soreness","PAIN, soreness",پیشاب کی نالی — درد، دکھن,47,27,ماخذی مطابق کیے (OOREP مجموعہ سے کتابی عین)
o62342,"PAIN, biting, meatus, urination, after","PAIN, biting, meatus, morning, urination, during, after",پیشاب کی نالی — درد، کاٹتا ہوا، پیشاب کی نالی کے منہ میں، صبح، پیشاب کا عمل، بعد میں,3,2,ماخذی مطابق کیے (OOREP مجموعہ سے کتابی عین)
r149,"HAEMORRHAGE, pure blood","HÆMORRHAGE, pure blood",پیشاب کی نالی — خون کا بہاؤ، خالص خون,11,6,ماخذی مطابق کیے (OOREP مجموعہ سے کتابی عین)
r536,TINGLING,TINGLING,پیشاب کی نالی — جھنجھناہٹ (سنسناہٹ),11,6,ماخذی مطابق کیے (OOREP مجموعہ سے کتابی عین)
r329,"PAIN, cutting","PAIN, cutting",پیشاب کی نالی — درد، کاٹتا ہوا,82,44,ماخذی مطابق کیے (OOREP مجموعہ سے کتابی عین)
r187,"ITCHING, meatus, urging to urinate, as if","ITCHING, meatus, urging to urinate, as if",پیشاب کی نالی — خارش، پیشاب کی نالی کے منہ میں، جیسے پیشاب کی خواہش ہو,2,1,ماخذی مطابق کیے (OOREP مجموعہ سے کتابی عین)
r19,"CONTRACTION, morning","CONTRACTION, morning",پیشاب کی نالی — سکڑاؤ، صبح,2,1,ماخذی مطابق کیے (OOREP مجموعہ سے کتابی عین)
r427,"PAIN, stitching, dull","PAIN, stitching, dull",پیشاب کی نالی — درد، چبھتا ہوا، مدھم,4,2,ماخذی مطابق کیے (OOREP مجموعہ سے کتابی عین)
r533,TENSION,TENSION,پیشاب کی نالی — تناؤ,4,2,ماخذی مطابق کیے (OOREP مجموعہ سے کتابی عین)
r554,"VESICLES, meatus","VESICLES, meatus",پیشاب کی نالی — آبلے، پیشاب کی نالی کے منہ میں,2,1,ماخذی مطابق کیے (OOREP مجموعہ سے کتابی عین)
r9,COLDNESS,COLDNESS,پیشاب کی نالی — ٹھنڈک,2,1,ماخذی مطابق کیے (OOREP مجموعہ سے کتابی عین)
r66,"DISCHARGE, greenish","DISCHARGE, acrid, greenish",پیشاب کی نالی — اخراج، تیز و تند، سبز مائل,24,14,ماخذی مطابق کیے (OOREP مجموعہ سے کتابی عین)
r307,"PAIN, burning, fossa navicularis","PAIN, burning, fossa navicularis",پیشاب کی نالی — درد، جلتا ہوا، پیشاب کی نالی کے گڑھے میں,9,4,ماخذی مطابق کیے (OOREP مجموعہ سے کتابی عین)
r240,"PAIN, biting","PAIN, biting",پیشاب کی نالی — درد، کاٹتا ہوا,43,13,ماخذی مطابق کیے (OOREP مجموعہ سے کتابی عین)
r547,ULCERATION,ULCERATION,پیشاب کی نالی — ناسور (زخم),7,2,ماخذی مطابق کیے (OOREP مجموعہ سے کتابی عین)
r302,"PAIN, burning, anterior part","PAIN, burning, anterior part",پیشاب کی نالی — درد، جلتا ہوا، اگلے حصے میں,33,8,ماخذی مطابق کیے (OOREP مجموعہ سے کتابی عین)
r11,CONSTRICTION,CONSTRICTION,پیشاب کی نالی — جکڑن,17,3,ماخذی مطابق کیے (OOREP مجموعہ سے کتابی عین)
r206,PAIN,PAIN,پیشاب کی نالی — درد,242,23,ماخذی مطابق کیے (OOREP مجموعہ سے کتابی عین)
r322,"PAIN, burning, meatus, urination, after","PAIN, burning, meatus, during, after",پیشاب کی نالی — درد، جلتا ہوا، پیشاب کی نالی کے منہ میں، پیشاب کے بعد,13,13,یکساں
o62387,"PAIN, burning, meatus, urination, during","PAIN, burning, meatus, during",پیشاب کی نالی — درد، جلتا ہوا، پیشاب کی نالی کے منہ میں، پیشاب کے دوران,22,22,یکساں
o62450,"PAIN, cutting, urination, close of urination, at","PAIN, cutting, urinating, when not, close of urination, at",پیشاب کی نالی — درد، کاٹتا ہوا، پیشاب نہ کرتے وقت، قریب/بند پیشاب کا عمل,10,10,یکساں
