صفحہ,شناخت,قطار,اصل ماخذی ربرک,موجودہ اردو,درست/اصلاح شدہ معنی یا وجہ,اصلاح کے بعد اردو
97,r43,1,"BREATH, deep, agg.",,,
97,r43,2,,چکر — گہری سانس سے بگاڑ,,
97,r43,3,,,«بگاڑ» کی جگہ مستعمل اصطلاح «بدتر» (agg.),
97,r43,4,,,,چکر — گہری سانس سے بدتر
97,r44,1,"BREATH, deep, agg., amel.",,,
97,r44,2,,چکر — گہری سانس سے آرام,,
97,r44,3,,,"کینٹ کا مرکب agg., amel. — دونوں رخ لکھے",
97,r44,4,,,,چکر — گہری سانس سے بدتر پھر آرام
98,r80,1,"DINNER, during, on rising from",,,
98,r80,2,,چکر — دوپہر کا کھانا کھاتے وقت، میز سے اٹھنے پر,,
98,r80,3,,,ماخذ میں «میز» نہیں — گھڑا ہوا لفظ نکالا,
98,r80,4,,,,چکر — دوپہر کا کھانا کھاتے وقت، اٹھنے پر
101,r200,1,"LYING down, on (in the act of), side agg.",,,
101,r200,2,,چکر — پہلو پر لیٹنے سے بگاڑ,,
101,r200,3,,,«بگاڑ» → «بدتر»,
101,r200,4,,,,چکر — پہلو پر لیٹنے سے بدتر
101,o63229,1,"LYING down, on (in the act of), side agg., amel.",,,
101,o63229,2,,چکر — پہلو پر لیٹنے سے آرام,,
101,o63229,3,,,"مرکب agg., amel. کا سچا اظہار",
101,o63229,4,,,,چکر — پہلو پر لیٹنے سے بدتر پھر آرام
101,o63231,1,"LYING down, on (in the act of), side agg., right, agg.",,,
101,o63231,2,,چکر — دائیں پہلو لیٹنے سے بگاڑ,,
101,o63231,3,,,«بگاڑ» → «بدتر» + اسلوب,
101,o63231,4,,,,چکر — دائیں پہلو پر لیٹنے سے بدتر
101,o63230,1,"LYING down, on (in the act of), side agg., left, agg.",,,
101,o63230,2,,چکر — بائیں پہلو لیٹنے سے بگاڑ,,
101,o63230,3,,,«بگاڑ» → «بدتر» + اسلوب,
101,o63230,4,,,,چکر — بائیں پہلو پر لیٹنے سے بدتر
101,r210,1,"MENSES, before, during, amel.",,,
101,r210,2,,چکر — حیض سے پہلے یا دوران آرام,,
101,r210,3,,,گروہ کی ہم آہنگی: «یا» → «اور»,
101,r210,4,,,,چکر — حیض سے پہلے اور دوران آرام
101,r211,1,"MENSES, before, during, stooping, on",,,
101,r211,2,,چکر — حیض سے پہلے یا دوران، جھکنے پر,,
101,r211,3,,,«یا» → «اور»,
101,r211,4,,,,چکر — حیض سے پہلے اور دوران، جھکنے پر
101,o63243,1,"MENSES, before, during, and rising again",,,
101,o63243,2,,چکر — حیض سے پہلے یا دوران، جھک کر دوبارہ سیدھا ہونے پر,,
101,o63243,3,,,«یا» → «اور»,
101,o63243,4,,,,چکر — حیض سے پہلے اور دوران، جھک کر دوبارہ سیدھا ہونے پر
101,r213,1,"MENSES, before, during, walking, while",,,
101,r213,2,,چکر — حیض سے پہلے یا دوران، چلتے ہوئے,,
101,r213,3,,,«یا» → «اور»,
101,r213,4,,,,چکر — حیض سے پہلے اور دوران، چلتے ہوئے
101,r225,1,"MOTION, from, vomiting and nausea",,,
101,r225,2,,چکر — حرکت، قے اور متلی کے ساتھ,,
101,r225,3,,,مقصد: حرکت جو قے و متلی سے ہو,
101,r225,4,,,,چکر — قے اور متلی والی حرکت سے
102,r274,1,"READING, while, after",,,
102,r274,2,,چکر — پڑھنے کے دوران یا اس کے بعد,,
102,r274,3,,,ماخذ «after» — «دوران» زائد,
102,r274,4,,,,چکر — پڑھنے کے بعد
103,r276,1,REST agg.,,,
103,r276,2,,چکر — آرام سے بگاڑ,,
103,r276,3,,,«بگاڑ» → «بدتر»,
103,r276,4,,,,چکر — آرام سے بدتر
103,o63324,1,"REST agg., amel.",,,
103,o63324,2,,چکر — آرام سے آرام ملے,,
103,o63324,3,,,"مرکب agg., amel. — متضاد پڑھنے سے بچنے کے لیے صاف ترتیب",
103,o63324,4,,,,چکر — آرام سے بدتر پھر آرام
104,r322,1,"SLEEP, during, after, agg.",,,
104,r322,2,,چکر — نیند کے بعد بگاڑ,,
104,r322,3,,,«بگاڑ» → «بدتر»,
104,r322,4,,,,چکر — نیند کے بعد بدتر
104,o63386,1,"STOOL, before, after",,,
104,o63386,2,,چکر — پاخانے سے پہلے یا بعد میں,,
104,o63386,3,,,«یا» → «اور» (ماخذ: دونوں اوقات),
104,o63386,4,,,,چکر — پاخانے سے پہلے اور بعد میں
105,r366,1,TOUCH agg.,,,
105,r366,2,,چکر — چھونے سے بگاڑ,,
105,r366,3,,,«بگاڑ» → «بدتر»,
105,r366,4,,,,چکر — چھونے سے بدتر
105,o63417,1,"TURNING, as if in a circle, he turns in a circle, to right, left",,,
105,o63417,2,,چکر — دائرے میں دائیں سے بائیں گھومنے کا احساس,,
105,o63417,3,,,"to right, left = دائیں اور بائیں — «سے» غلط سمت دکھاتا",
105,o63417,4,,,,چکر — دائرے میں دائیں بائیں گھومنے کا احساس
