air, cannot bear a draft of	=پیٹھ — ہوا کا جھونکا برداشت نہ ہو
air, cannot bear a draft of, on nape	=پیٹھ — ہوا کا جھونکا برداشت نہ ہو، گردن کے پچھلے حصے پر
air, cannot bear a draft of, spine	=پیٹھ — ہوا کا جھونکا برداشت نہ ہو، ریڑھ کی ہڈی پر
coldness, eating, during	=پیٹھ — ٹھنڈک، کھانے کے دوران
coldness, eating, after	=پیٹھ — ٹھنڈک، کھانے کے بعد
coldness, menses, after	=پیٹھ — ٹھنڈک، حیض کے بعد
coldness, menses, during	=پیٹھ — ٹھنڈک، حیض کے دوران
coldness, lumbar region, stool, before	=پیٹھ — ٹھنڈک، کمر کا حصہ، پاخانے سے پہلے
coldness, lumbar region, stool, after	=پیٹھ — ٹھنڈک، کمر کا حصہ، پاخانے کے بعد
coldness, stool, before	=پیٹھ — ٹھنڈک، پاخانے سے پہلے
coldness, stool, during	=پیٹھ — ٹھنڈک، پاخانے کے دوران
coldness, stool, after	=پیٹھ — ٹھنڈک، پاخانے کے بعد
heat, flushes	=پیٹھ — گرمی کے جھونکے
heat, flushes, morning	=پیٹھ — گرمی کے جھونکے، صبح
heat, flushes, evening	=پیٹھ — گرمی کے جھونکے، شام
heat, flushes, evening, stool, after	=پیٹھ — گرمی کے جھونکے، شام، پاخانے کے بعد
heat, flushes, evening, supper, after	=پیٹھ — گرمی کے جھونکے، شام، رات کے کھانے کے بعد
heat, flushes, evening, walking, on continued	=پیٹھ — گرمی کے جھونکے، شام، مسلسل چلتے رہنے پر
heat, flushes, extending to body	=پیٹھ — گرمی کے جھونکے، جسم تک پھیلتے ہوئے
heat, flushes, cervical region	=پیٹھ — گرمی کے جھونکے، گردن کا حصہ
heat, flushes, lumbar region	=پیٹھ — گرمی کے جھونکے، کمر کا حصہ
heat, flushes, spine, in	=پیٹھ — گرمی کے جھونکے، ریڑھ کی ہڈی میں
heat, flushes, spine, in, in waves, up	=پیٹھ — گرمی کے جھونکے، ریڑھ کی ہڈی میں، لہروں میں، اوپر
heat, flushes, spine, in, warm air streaming up spine into head	=پیٹھ — گرمی کے جھونکے، ریڑھ کی ہڈی میں، گرم ہوا ریڑھ کی ہڈی سے اوپر سر میں جاتی ہوئی
heat, flushes, stool	=پیٹھ — گرمی کے جھونکے، پاخانہ
heat, flushes, stool, during	=پیٹھ — گرمی کے جھونکے، پاخانے کے دوران
heat, flushes, stool, after	=پیٹھ — گرمی کے جھونکے، پاخانے کے بعد
heaviness, lumbar region, menses, before	=پیٹھ — بھاری پن، کمر کا حصہ، حیض سے پہلے
heaviness, lumbar region, menses, during	=پیٹھ — بھاری پن، کمر کا حصہ، حیض کے دوران
itching, morning, 6 a.m. to 10 a.m.	=پیٹھ — خارش، صبح 6 سے 10 بجے
itching, morning, 7 a.m.	=پیٹھ — خارش، صبح 7 بجے
itching, cervical region, scratching, after, agg.	=پیٹھ — خارش، گردن کا حصہ، کھجانے کے بعد بگاڑ
itching, scratching, changes, place after	=پیٹھ — خارش، کھجانے کے بعد جگہ بدل جائے
pain, night, midnight, before midnight	=پیٹھ — درد، رات، آدھی رات سے پہلے
pain, night, between 11 and 12 p.m., violent headache	=پیٹھ — درد، رات 11 سے 12 کے درمیان، شدید سر درد
pain, night, 3 a.m.	=پیٹھ — درد، رات 3 بجے
pain, night, 3 a.m., driving him out of bed	=پیٹھ — درد، رات 3 بجے، بستر سے اٹھا دے
pain, night, 4 a.m.	=پیٹھ — درد، رات 4 بجے
pain, night, 4 a.m., driving him out of bed	=پیٹھ — درد، رات 4 بجے، بستر سے اٹھا دے
pain, air, draft of, every	=پیٹھ — درد، ہوا کے ہر جھونکے پر
pain, eating, after agg.	=پیٹھ — درد، کھانے کے بعد بگاڑ
pain, eating, after, amel.	=پیٹھ — درد، کھانے کے بعد آرام
pain, menses, before	=پیٹھ — درد، حیض سے پہلے
pain, menses, on appearance of	=پیٹھ — درد، حیض آتے ہی
pain, menses, during	=پیٹھ — درد، حیض کے دوران
pain, menses, after	=پیٹھ — درد، حیض کے بعد
pain, menses, suppressed	=پیٹھ — درد، حیض بند ہو جانے سے
pain, motion, amel.	=پیٹھ — درد، حرکت سے آرام
pain, motion, on agg.	=پیٹھ — درد، حرکت پر بگاڑ
pain, move, compelled to, no relief	=پیٹھ — درد، حرکت کرنے پر مجبور ہو، کوئی آرام نہ ہو
pain, sitting, amel.	=پیٹھ — درد، بیٹھنے سے آرام
pain, sleep, during	=پیٹھ — درد، نیند کے دوران
pain, turning, in bed, amel.	=پیٹھ — درد، مڑنا، بستر میں کروٹ بدلنے سے آرام
pain, turning, in bed, compels	=پیٹھ — درد، مڑنا، بستر میں کروٹ بدلنے پر مجبور کرے
pain, turning, in bed, when agg.	=پیٹھ — درد، مڑنا، بستر میں کروٹ بدلتے وقت بگاڑ
pain, walking, after	=پیٹھ — درد، چلنے کے بعد
pain, walking, amel.	=پیٹھ — درد، چلنے سے آرام
pain, cervical region, air, a draft of	=پیٹھ — درد، گردن کا حصہ، ہوا کا جھونکا
pain, cervical region, extending, ear, to the	=پیٹھ — درد، گردن کا حصہ، پھیلتا ہوا، کان تک
pain, cervical region, extending, shoulders, to	=پیٹھ — درد، گردن کا حصہ، پھیلتا ہوا، کندھوں تک
pain, cervical region, extending, shoulders, to between	=پیٹھ — درد، گردن کا حصہ، پھیلتا ہوا، کندھوں تک، درمیان میں
pain, cervical region, extending, shoulders, to left	=پیٹھ — درد، گردن کا حصہ، پھیلتا ہوا، کندھوں تک، بائیں
pain, cervical region, extending, shoulders, to left, walking, while	=پیٹھ — درد، گردن کا حصہ، پھیلتا ہوا، کندھوں تک، بائیں، چلتے ہوئے
pain, cervical region, extending, shoulders, to right	=پیٹھ — درد، گردن کا حصہ، پھیلتا ہوا، کندھوں تک، دائیں
pain, cervical region, extending, vertex, to	=پیٹھ — درد، گردن کا حصہ، پھیلتا ہوا، چوٹی تک
pain, cervical region, extending, vertex, to nape, back and forth	=پیٹھ — درد، گردن کا حصہ، پھیلتا ہوا، چوٹی تک، گردن کے پچھلے حصے تک، آگے پیچھے
pain, cervical region, menses, before	=پیٹھ — درد، گردن کا حصہ، حیض سے پہلے
pain, cervical region, menses, during	=پیٹھ — درد، گردن کا حصہ، حیض کے دوران
pain, cervical region, walking, after	=پیٹھ — درد، گردن کا حصہ، چلنے کے بعد
pain, dorsal region, scapulae, right, motion of arm, of right	=پیٹھ — درد، پیٹھ کا اوپری حصہ، کندھے کی ہڈیاں، دائیں، بازو کی حرکت سے، دائیں بازو کی حرکت سے
pain, dorsal region, scapulae, left, inner angle of left	=پیٹھ — درد، پیٹھ کا اوپری حصہ، کندھے کی ہڈیاں، بائیں کے اندرونی گوشے میں
pain, dorsal region, scapulae, left, inner angle of left, bending head back, on	=پیٹھ — درد، پیٹھ کا اوپری حصہ، کندھے کی ہڈیاں، بائیں کے اندرونی گوشے میں، بائیں، اندرونی گوشے میں، سر پیچھے جھکانے پر
pain, dorsal region, scapulae, left, inner angle of left, border of	=پیٹھ — درد، پیٹھ کا اوپری حصہ، کندھے کی ہڈیاں، بائیں کے اندرونی گوشے میں، بائیں، اندرونی گوشے میں، کنارے پر
pain, dorsal region, scapulae, left, inner angle of left, edge of, worse on breathing	=پیٹھ — درد، پیٹھ کا اوپری حصہ، کندھے کی ہڈیاں، بائیں کے اندرونی گوشے میں، بائیں، اندرونی گوشے میں، کنارے پر، سانس لینے پر بگاڑ
pain, dorsal region, scapulae, morning, 4 a.m.	=پیٹھ — درد، پیٹھ کا اوپری حصہ، کندھے کی ہڈیاں، صبح 4 بجے
pain, dorsal region, scapulae, between, extending, shoulders, and face	=پیٹھ — درد، پیٹھ کا اوپری حصہ، کندھے کی ہڈیاں، درمیان، پھیلتا ہوا، کندھے اور چہرہ
pain, dorsal region, scapulae, between, lying, amel.	=پیٹھ — درد، پیٹھ کا اوپری حصہ، کندھے کی ہڈیاں، درمیان، لیٹنے سے آرام
pain, dorsal region, scapulae, between, moving, amel.	=پیٹھ — درد، پیٹھ کا اوپری حصہ، کندھے کی ہڈیاں، درمیان، ہلنے سے آرام
pain, dorsal region, scapulae, between, moving, on agg.	=پیٹھ — درد، پیٹھ کا اوپری حصہ، کندھے کی ہڈیاں، درمیان، ہلنے پر بگاڑ
pain, dorsal region, scapulae, between, walking, amel.	=پیٹھ — درد، پیٹھ کا اوپری حصہ، کندھے کی ہڈیاں، درمیان، چلنے سے آرام
pain, dorsal region, scapulae, breathing, hindering	=پیٹھ — درد، پیٹھ کا اوپری حصہ، کندھے کی ہڈیاں، سانس لینے میں رکاوٹ
pain, dorsal region, motion, on	=پیٹھ — درد، پیٹھ کا اوپری حصہ، حرکت پر
pain, lumbar region, evening, 7-30 p.m., on waking from a nap	=پیٹھ — درد، کمر کا حصہ، شام 7:30 بجے، جھپکی سے جاگنے پر
pain, lumbar region, night, 1 a.m. to 4 a.m.	=پیٹھ — درد، کمر کا حصہ، رات 1 سے 4 بجے
pain, lumbar region, night, 2 a.m.	=پیٹھ — درد، کمر کا حصہ، رات 2 بجے
pain, lumbar region, night, 3 a.m.	=پیٹھ — درد، کمر کا حصہ، رات 3 بجے
pain, lumbar region, night, 3 a.m., driving him out	=پیٹھ — درد، کمر کا حصہ، رات 3 بجے، بستر سے اٹھا دے
pain, lumbar region, night, 3 a.m., sleep, during	=پیٹھ — درد، کمر کا حصہ، رات 3 بجے، نیند کے دوران
pain, lumbar region, air, a draft of	=پیٹھ — درد، کمر کا حصہ، ہوا کا جھونکا
pain, lumbar region, extending, body, around the	=پیٹھ — درد، کمر کا حصہ، پھیلتا ہوا، جسم کے گرد
pain, lumbar region, extending, groins, to, and down legs	=پیٹھ — درد، کمر کا حصہ، پھیلتا ہوا، کچھوں تک اور ٹانگوں میں نیچے
pain, lumbar region, extending, sacrum, and thighs	=پیٹھ — درد، کمر کا حصہ، پھیلتا ہوا، تعلق کی ہڈی اور رانوں تک
pain, lumbar region, extending, sacrum, and, coccyx	=پیٹھ — درد، کمر کا حصہ، پھیلتا ہوا، تعلق کی ہڈی اور دم کی ہڈی تک
pain, lumbar region, lying, amel.	=پیٹھ — درد، کمر کا حصہ، لیٹنے سے آرام
pain, lumbar region, lying, back, on	=پیٹھ — درد، کمر کا حصہ، لیٹنا، پیٹھ کے بل لیٹنے پر
pain, lumbar region, lying, back, on, amel.	=پیٹھ — درد، کمر کا حصہ، لیٹنا، پیٹھ کے بل لیٹنے سے آرام
pain, lumbar region, lying, back, on, on something hard amel.	=پیٹھ — درد، کمر کا حصہ، لیٹنا، پیٹھ کے بل کسی سخت چیز پر لیٹنے سے آرام
pain, lumbar region, lying, back, on agg.	=پیٹھ — درد، کمر کا حصہ، لیٹنا، پیٹھ کے بل لیٹنے سے بگاڑ
pain, lumbar region, menses, before	=پیٹھ — درد، کمر کا حصہ، حیض سے پہلے
pain, lumbar region, menses, beginning, at the	=پیٹھ — درد، کمر کا حصہ، حیض شروع ہوتے ہی
pain, lumbar region, menses, during	=پیٹھ — درد، کمر کا حصہ، حیض کے دوران
pain, lumbar region, menses, after	=پیٹھ — درد، کمر کا حصہ، حیض کے بعد
pain, lumbar region, menses, instead of	=پیٹھ — درد، کمر کا حصہ، حیض کے بجائے
pain, lumbar region, menses, suppressed	=پیٹھ — درد، کمر کا حصہ، حیض بند ہو جانے سے
pain, lumbar region, motion, amel.	=پیٹھ — درد، کمر کا حصہ، حرکت سے آرام
pain, lumbar region, motion, during agg.	=پیٹھ — درد، کمر کا حصہ، حرکت کے دوران بگاڑ
pain, lumbar region, motion, after, agg.	=پیٹھ — درد، کمر کا حصہ، حرکت کے بعد بگاڑ
pain, lumbar region, on the side, amel.	=پیٹھ — درد، کمر کا حصہ، کروٹ پر آرام
pain, lumbar region, rising from a seat, amel.	=پیٹھ — درد، کمر کا حصہ، نشست سے اٹھنے سے آرام
pain, lumbar region, sitting, amel.	=پیٹھ — درد، کمر کا حصہ، بیٹھنے سے آرام
pain, lumbar region, stool, before	=پیٹھ — درد، کمر کا حصہ، پاخانے سے پہلے
pain, lumbar region, stool, during	=پیٹھ — درد، کمر کا حصہ، پاخانے کے دوران
pain, lumbar region, stool, during, amel.	=پیٹھ — درد، کمر کا حصہ، پاخانے کے دوران آرام
pain, lumbar region, stool, during, hard	=پیٹھ — درد، کمر کا حصہ، پاخانے کے دوران، سخت
pain, lumbar region, stool, during, soft	=پیٹھ — درد، کمر کا حصہ، پاخانے کے دوران، نرم
pain, lumbar region, stool, after agg.	=پیٹھ — درد، کمر کا حصہ، پاخانے کے بعد بگاڑ
pain, lumbar region, stool, after, amel.	=پیٹھ — درد، کمر کا حصہ، پاخانے کے بعد آرام
pain, lumbar region, stool, during agg.	=پیٹھ — درد، کمر کا حصہ، پاخانے کے دوران بگاڑ
pain, lumbar region, stooping, amel.	=پیٹھ — درد، کمر کا حصہ، جھکنے سے آرام
pain, lumbar region, walking, amel.	=پیٹھ — درد، کمر کا حصہ، چلنے سے آرام
pain, exertion, amel.	=پیٹھ — درد، محنت سے آرام
pain, exertion, from agg.	=پیٹھ — درد، محنت سے بگاڑ
pain, extending, occiput, to, and vertex, during chill, to	=پیٹھ — درد، پھیلتا ہوا، گدی تک اور چوٹی تک، سردی لگنے کے دوران
pain, lying, amel.	=پیٹھ — درد، لیٹنے سے آرام
pain, lying, abdomen, on agg.	=پیٹھ — درد، لیٹنا، پیٹ کے بل لیٹنے سے بگاڑ
pain, lying, abdomen, on, amel.	=پیٹھ — درد، لیٹنا، پیٹ کے بل لیٹنے سے آرام
pain, lying, back, on agg.	=پیٹھ — درد، لیٹنا، پیٹھ کے بل لیٹنے سے بگاڑ
pain, lying, back, on, amel.	=پیٹھ — درد، لیٹنا، پیٹھ کے بل لیٹنے سے آرام
pain, lying, on side, amel.	=پیٹھ — درد، لیٹنا، کروٹ لیٹنے سے آرام
pain, sacral region, night, 1 a.m.	=پیٹھ — درد، تعلق کی ہڈی کا علاقہ، رات 1 بجے
pain, sacral region, lifting, from	=پیٹھ — درد، تعلق کی ہڈی کا علاقہ، اٹھانے سے
pain, sacral region, lying, amel.	=پیٹھ — درد، تعلق کی ہڈی کا علاقہ، لیٹنے سے آرام
pain, sacral region, lying, compelled	=پیٹھ — درد، تعلق کی ہڈی کا علاقہ، لیٹنے پر مجبور
pain, sacral region, lying, side, amel.	=پیٹھ — درد، تعلق کی ہڈی کا علاقہ، لیٹنا، کروٹ لیٹنے سے آرام
pain, sacral region, lying, side, right agg.	=پیٹھ — درد، تعلق کی ہڈی کا علاقہ، لیٹنا، کروٹ لیٹنے، دائیں سے بگاڑ
pain, sacral region, menses, before	=پیٹھ — درد، تعلق کی ہڈی کا علاقہ، حیض سے پہلے
pain, sacral region, menses, during	=پیٹھ — درد، تعلق کی ہڈی کا علاقہ، حیض کے دوران
pain, sacral region, stool, before	=پیٹھ — درد، تعلق کی ہڈی کا علاقہ، پاخانے سے پہلے
pain, sacral region, stool, during	=پیٹھ — درد، تعلق کی ہڈی کا علاقہ، پاخانے کے دوران
pain, sacral region, stool, after agg.	=پیٹھ — درد، تعلق کی ہڈی کا علاقہ، پاخانے کے بعد بگاڑ
pain, sacral region, stool, after, amel.	=پیٹھ — درد، تعلق کی ہڈی کا علاقہ، پاخانے کے بعد آرام
pain, sacral region, stool, while pressing at	=پیٹھ — درد، تعلق کی ہڈی کا علاقہ، پاخانے کے دوران زور لگاتے ہوئے
pain, sacral region, stool, with urging to	=پیٹھ — درد، تعلق کی ہڈی کا علاقہ، پاخانے کی حاجت کے ساتھ
pain, sacral region, extending, hips, and pelvis	=پیٹھ — درد، تعلق کی ہڈی کا علاقہ، پھیلتا ہوا، کولھوں اور پیلویس
pain, sacral region, extending, hips, and thighs	=پیٹھ — درد، تعلق کی ہڈی کا علاقہ، پھیلتا ہوا، کولھوں اور رانوں
pain, sacral region, extending, hips, and thighs, during labor	=پیٹھ — درد، تعلق کی ہڈی کا علاقہ، پھیلتا ہوا، کولھوں اور رانوں، زچگی کے دوران
pain, sacral region, extending, hips, and thighs, while sitting	=پیٹھ — درد، تعلق کی ہڈی کا علاقہ، پھیلتا ہوا، کولھوں اور رانوں، بیٹھے ہوئے
pain, sacral region, walking, amel.	=پیٹھ — درد، تعلق کی ہڈی کا علاقہ، چلنے سے آرام
pain, sacral region, motion, amel. during	=پیٹھ — درد، تعلق کی ہڈی کا علاقہ، حرکت کے دوران آرام
pain, sacral region, motion, during agg.	=پیٹھ — درد، تعلق کی ہڈی کا علاقہ، حرکت کے دوران بگاڑ
pain, coccyx, motion, on	=پیٹھ — درد، دم کی ہڈی، حرکت پر
pain, coccyx, sitting, on something sharp, as if	=پیٹھ — درد، دم کی ہڈی، بیٹھنے پر، جیسے کسی تیز چیز پر
pain, coccyx, sitting, after, unable to rise	=پیٹھ — درد، دم کی ہڈی، بیٹھنے کے بعد، اٹھ نہ سکے
pain, coccyx, fall, after a	=پیٹھ — درد، دم کی ہڈی، گرنے کے بعد
pain, coccyx, menses, during	=پیٹھ — درد، دم کی ہڈی، حیض کے دوران
pain, coccyx, menses, suppressed	=پیٹھ — درد، دم کی ہڈی، حیض بند ہو جانے سے
pain, spine, motion, amel.	=پیٹھ — درد، ریڑھ کی ہڈی، حرکت سے آرام
pain, spine, motion, on agg.	=پیٹھ — درد، ریڑھ کی ہڈی، حرکت پر بگاڑ
pain, spine, sitting, amel.	=پیٹھ — درد، ریڑھ کی ہڈی، بیٹھنے سے آرام
pain, spine, walking, amel.	=پیٹھ — درد، ریڑھ کی ہڈی، چلنے سے آرام
pain, spine, walking, on agg.	=پیٹھ — درد، ریڑھ کی ہڈی، چلنے پر بگاڑ
pain, aching, forenoon, 10 a.m.	=پیٹھ — درد، مسلسل درد، دوپہر سے پہلے 10 بجے
pain, aching, night, 11 p.m. to 12 p.m.	=پیٹھ — درد، مسلسل درد، رات 11 سے 12 بجے
pain, aching, cold, after taking	=پیٹھ — درد، مسلسل درد، سردی لگ جانے کے بعد
pain, aching, eating, after	=پیٹھ — درد، مسلسل درد، کھانے کے بعد
pain, aching, menses, during	=پیٹھ — درد، مسلسل درد، حیض کے دوران
pain, aching, menses, before	=پیٹھ — درد، مسلسل درد، حیض سے پہلے
pain, aching, menses, after	=پیٹھ — درد، مسلسل درد، حیض کے بعد
pain, aching, menses, suppressed	=پیٹھ — درد، مسلسل درد، حیض بند ہو جانے سے
pain, aching, motion, amel.	=پیٹھ — درد، مسلسل درد، حرکت سے آرام
pain, aching, motion, on agg.	=پیٹھ — درد، مسلسل درد، حرکت پر بگاڑ
pain, aching, stool, during	=پیٹھ — درد، مسلسل درد، پاخانے کے دوران
pain, aching, stool, during, difficult	=پیٹھ — درد، مسلسل درد، پاخانے کے دوران، مشکل
pain, aching, stool, after	=پیٹھ — درد، مسلسل درد، پاخانے کے بعد
pain, aching, stooping, on	=پیٹھ — درد، مسلسل درد، جھکنے پر
pain, aching, stooping, after	=پیٹھ — درد، مسلسل درد، جھکنے کے بعد
pain, aching, walking, after	=پیٹھ — درد، مسلسل درد، چلنے کے بعد
pain, aching, dorsal region, scapulae, under, evening, 7 p.m.	=پیٹھ — درد، مسلسل درد، پیٹھ کا اوپری حصہ، کندھے کی ہڈیاں، نیچے، شام 7 بجے
pain, aching, lumbar region, forenoon, 11 a.m.	=پیٹھ — درد، مسلسل درد، کمر کا حصہ، دوپہر سے پہلے 11 بجے
pain, aching, lumbar region, afternoon, 7-30 p.m., on waking	=پیٹھ — درد، مسلسل درد، کمر کا حصہ، سہ پہر 7:30 بجے، جاگنے پر
pain, aching, lumbar region, lying, amel.	=پیٹھ — درد، مسلسل درد، کمر کا حصہ، لیٹنے سے آرام
pain, aching, lumbar region, menses, before	=پیٹھ — درد، مسلسل درد، کمر کا حصہ، حیض سے پہلے
pain, aching, lumbar region, menses, on appearance of	=پیٹھ — درد، مسلسل درد، کمر کا حصہ، حیض آتے ہی
pain, aching, lumbar region, menses, during	=پیٹھ — درد، مسلسل درد، کمر کا حصہ، حیض کے دوران
pain, aching, lumbar region, menses, after	=پیٹھ — درد، مسلسل درد، کمر کا حصہ، حیض کے بعد
pain, aching, lumbar region, menses, delayed	=پیٹھ — درد، مسلسل درد، کمر کا حصہ، حیض دیر سے آنے پر
pain, aching, lumbar region, motion, amel.	=پیٹھ — درد، مسلسل درد، کمر کا حصہ، حرکت سے آرام
pain, aching, lumbar region, motion, on agg.	=پیٹھ — درد، مسلسل درد، کمر کا حصہ، حرکت پر بگاڑ
pain, aching, lumbar region, motion, on commencing	=پیٹھ — درد، مسلسل درد، کمر کا حصہ، حرکت شروع کرنے پر
pain, aching, lumbar region, rising up, amel.	=پیٹھ — درد، مسلسل درد، کمر کا حصہ، اٹھنے سے آرام
pain, aching, lumbar region, rising up, and beginning to walk	=پیٹھ — درد، مسلسل درد، کمر کا حصہ، اٹھنا اور چلنا شروع کرنا
pain, aching, lumbar region, rising up, on agg.	=پیٹھ — درد، مسلسل درد، کمر کا حصہ، اٹھنے پر بگاڑ
pain, aching, lumbar region, sitting, amel.	=پیٹھ — درد، مسلسل درد، کمر کا حصہ، بیٹھنے سے آرام
pain, aching, lumbar region, stool, before	=پیٹھ — درد، مسلسل درد، کمر کا حصہ، پاخانے سے پہلے
pain, aching, lumbar region, stool, during	=پیٹھ — درد، مسلسل درد، کمر کا حصہ، پاخانے کے دوران
pain, aching, lumbar region, stool, during, hard	=پیٹھ — درد، مسلسل درد، کمر کا حصہ، پاخانے کے دوران، سخت
pain, aching, lumbar region, stool, after agg.	=پیٹھ — درد، مسلسل درد، کمر کا حصہ، پاخانے کے بعد بگاڑ
pain, aching, lumbar region, stool, after, amel.	=پیٹھ — درد، مسلسل درد، کمر کا حصہ، پاخانے کے بعد آرام
pain, aching, lumbar region, stooping, amel.	=پیٹھ — درد، مسلسل درد، کمر کا حصہ، جھکنے سے آرام
pain, aching, lumbar region, walking, amel.	=پیٹھ — درد، مسلسل درد، کمر کا حصہ، چلنے سے آرام
pain, break, as though the back would, menses, during	=پیٹھ — درد، جیسے پیٹھ ٹوٹ جائے گی، حیض کے دوران
pain, break, as though the back would, menses, suppressed	=پیٹھ — درد، جیسے پیٹھ ٹوٹ جائے گی، حیض بند ہو جانے سے
pain, broken, as if, lumbar region, moving, on agg.	=پیٹھ — درد، جیسے ٹوٹ گیا ہو، کمر کا حصہ، ہلنے پر بگاڑ
pain, broken, as if, lumbar region, walking, after	=پیٹھ — درد، جیسے ٹوٹ گیا ہو، کمر کا حصہ، چلنے کے بعد
pain, broken, as if, lumbar region, walking, amel.	=پیٹھ — درد، جیسے ٹوٹ گیا ہو، کمر کا حصہ، چلنے سے آرام
pain, burning, morning, 3 a.m., amel. by rising	=پیٹھ — درد، جلتا ہوا، صبح 3 بجے، اٹھنے سے آرام
pain, burning, lumbar region, evening, 5 p.m.	=پیٹھ — درد، جلتا ہوا، کمر کا حصہ، شام 5 بجے
pain, burning, lumbar region, night, 3 a.m.	=پیٹھ — درد، جلتا ہوا، کمر کا حصہ، رات 3 بجے
pain, burning, lumbar region, menses, before	=پیٹھ — درد، جلتا ہوا، کمر کا حصہ، حیض سے پہلے
pain, burning, lumbar region, menses, during	=پیٹھ — درد، جلتا ہوا، کمر کا حصہ، حیض کے دوران
pain, burning, scratching, after	=پیٹھ — درد، جلتا ہوا، کھجانے کے بعد
pain, burning, scratching, amel.	=پیٹھ — درد، جلتا ہوا، کھجانے سے آرام
pain, cramp-like, lumbar region, walk, amel.	=پیٹھ — درد، اینٹھن جیسا، کمر کا حصہ، چلنے سے آرام
pain, cutting, lumbar region, menses, before	=پیٹھ — درد، کاٹتا ہوا، کمر کا حصہ، حیض سے پہلے
pain, cutting, lumbar region, menses, before, while sitting, amel. by walking	=پیٹھ — درد، کاٹتا ہوا، کمر کا حصہ، حیض سے پہلے، بیٹھے ہوئے، چلنے سے آرام
pain, cutting, lumbar region, menses, during	=پیٹھ — درد، کاٹتا ہوا، کمر کا حصہ، حیض کے دوران
pain, cutting, lumbar region, stool, before	=پیٹھ — درد، کاٹتا ہوا، کمر کا حصہ، پاخانے سے پہلے
pain, cutting, lumbar region, stool, during	=پیٹھ — درد، کاٹتا ہوا، کمر کا حصہ، پاخانے کے دوران
pain, dragging, lumbar region, menses, before	=پیٹھ — درد، نیچے کو کھینچنے والا، کمر کا حصہ، حیض سے پہلے
pain, dragging, lumbar region, menses, before, as if would come on	=پیٹھ — درد، نیچے کو کھینچنے والا، کمر کا حصہ، حیض سے پہلے، جیسے حیض آ جائے گا
pain, dragging, lumbar region, menses, before, while sitting	=پیٹھ — درد، نیچے کو کھینچنے والا، کمر کا حصہ، حیض سے پہلے، بیٹھے ہوئے
pain, dragging, lumbar region, menses, during	=پیٹھ — درد، نیچے کو کھینچنے والا، کمر کا حصہ، حیض کے دوران
pain, dragging, lumbar region, menses, after	=پیٹھ — درد، نیچے کو کھینچنے والا، کمر کا حصہ، حیض کے بعد
pain, drawing, morning, 4 a.m. on waking	=پیٹھ — درد، کھینچتا ہوا، صبح 4 بجے، جاگنے پر
pain, drawing, menses, before	=پیٹھ — درد، کھینچتا ہوا، حیض سے پہلے
pain, drawing, menses, during	=پیٹھ — درد، کھینچتا ہوا، حیض کے دوران
pain, drawing, motion, amel.	=پیٹھ — درد، کھینچتا ہوا، حرکت سے آرام
pain, drawing, motion, on agg.	=پیٹھ — درد، کھینچتا ہوا، حرکت پر بگاڑ
pain, drawing, stool, during	=پیٹھ — درد، کھینچتا ہوا، پاخانے کے دوران
pain, drawing, stool, after	=پیٹھ — درد، کھینچتا ہوا، پاخانے کے بعد
pain, drawing, stool, urging to, with	=پیٹھ — درد، کھینچتا ہوا، پاخانے کی حاجت کے ساتھ
pain, drawing, cervical region, moving, amel.	=پیٹھ — درد، کھینچتا ہوا، گردن کا حصہ، ہلنے سے آرام
pain, drawing, lumbar region, lying, amel.	=پیٹھ — درد، کھینچتا ہوا، کمر کا حصہ، لیٹنے سے آرام
pain, drawing, lumbar region, menses, before	=پیٹھ — درد، کھینچتا ہوا، کمر کا حصہ، حیض سے پہلے
pain, drawing, lumbar region, menses, during	=پیٹھ — درد، کھینچتا ہوا، کمر کا حصہ، حیض کے دوران
pain, drawing, lumbar region, sitting, amel.	=پیٹھ — درد، کھینچتا ہوا، کمر کا حصہ، بیٹھنے سے آرام
pain, drawing, lumbar region, stooping, amel.	=پیٹھ — درد، کھینچتا ہوا، کمر کا حصہ، جھکنے سے آرام
pain, drawing, lumbar region, stooping, on agg.	=پیٹھ — درد، کھینچتا ہوا، کمر کا حصہ، جھکنے پر بگاڑ
pain, drawing, lumbar region, walking, amel.	=پیٹھ — درد، کھینچتا ہوا، کمر کا حصہ، چلنے سے آرام
pain, gnawing, lumbar region, walking, amel.	=پیٹھ — درد، کترتا ہوا، کمر کا حصہ، چلنے سے آرام
pain, lancinating, lumbar region, motion, amel.	=پیٹھ — درد، نشتر جیسا، کمر کا حصہ، حرکت سے آرام
pain, lancinating, lumbar region, motion, on agg.	=پیٹھ — درد، نشتر جیسا، کمر کا حصہ، حرکت پر بگاڑ
pain, pressing, menses, before	=پیٹھ — درد، دبانے والا، حیض سے پہلے
pain, pressing, menses, during	=پیٹھ — درد، دبانے والا، حیض کے دوران
pain, pressing, walking, amel.	=پیٹھ — درد، دبانے والا، چلنے سے آرام
pain, pressing, lumbar region, menses, during	=پیٹھ — درد، دبانے والا، کمر کا حصہ، حیض کے دوران
pain, pressing, lumbar region, stool, during	=پیٹھ — درد، دبانے والا، کمر کا حصہ، پاخانے کے دوران
pain, pressing, lumbar region, stool, during, hard	=پیٹھ — درد، دبانے والا، کمر کا حصہ، پاخانے کے دوران، سخت
pain, pressing, lumbar region, stool, after	=پیٹھ — درد، دبانے والا، کمر کا حصہ، پاخانے کے بعد
pain, pressing, sitting, amel.	=پیٹھ — درد، دبانے والا، بیٹھنے سے آرام
pain, sore, dorsal region, scapulae, motion, amel.	=پیٹھ — درد، دکھتا، کچلا ہوا، پیٹھ کا اوپری حصہ، کندھے کی ہڈیاں، حرکت سے آرام
pain, sore, dorsal region, scapulae, motion, on agg.	=پیٹھ — درد، دکھتا، کچلا ہوا، پیٹھ کا اوپری حصہ، کندھے کی ہڈیاں، حرکت پر بگاڑ
pain, sore, lumbar region, morning, until, evening	=پیٹھ — درد، دکھتا، کچلا ہوا، کمر کا حصہ، صبح سے شام تک
pain, sore, lumbar region, morning, 3 a.m.	=پیٹھ — درد، دکھتا، کچلا ہوا، کمر کا حصہ، صبح 3 بجے
pain, sore, lumbar region, night, 2 a.m.	=پیٹھ — درد، دکھتا، کچلا ہوا، کمر کا حصہ، رات 2 بجے
pain, sore, lumbar region, night, 3 a.m.	=پیٹھ — درد، دکھتا، کچلا ہوا، کمر کا حصہ، رات 3 بجے
pain, sore, lumbar region, leaning against chair, when	=پیٹھ — درد، دکھتا، کچلا ہوا، کمر کا حصہ، کرسی سے ٹیک لگاتے وقت
pain, sore, lumbar region, lying, on	=پیٹھ — درد، دکھتا، کچلا ہوا، کمر کا حصہ، لیٹنے پر
pain, sore, lumbar region, lying, on, side agg.	=پیٹھ — درد، دکھتا، کچلا ہوا، کمر کا حصہ، لیٹنے پر، کروٹ لیٹنے سے بگاڑ
pain, sore, lumbar region, lying, on, side, right amel.	=پیٹھ — درد، دکھتا، کچلا ہوا، کمر کا حصہ، لیٹنے پر، کروٹ لیٹنے، دائیں سے آرام
pain, sore, lumbar region, menses, before	=پیٹھ — درد، دکھتا، کچلا ہوا، کمر کا حصہ، حیض سے پہلے
pain, sore, lumbar region, menses, during	=پیٹھ — درد، دکھتا، کچلا ہوا، کمر کا حصہ، حیض کے دوران
pain, sore, lumbar region, menses, after	=پیٹھ — درد، دکھتا، کچلا ہوا، کمر کا حصہ، حیض کے بعد
pain, sore, lumbar region, sitting, amel.	=پیٹھ — درد، دکھتا، کچلا ہوا، کمر کا حصہ، بیٹھنے سے آرام
pain, sore, lumbar region, walking, amel.	=پیٹھ — درد، دکھتا، کچلا ہوا، کمر کا حصہ، چلنے سے آرام
pain, sore, lumbar region, motion, amel.	=پیٹھ — درد، دکھتا، کچلا ہوا، کمر کا حصہ، حرکت سے آرام
pain, sore, lumbar region, motion, on agg.	=پیٹھ — درد، دکھتا، کچلا ہوا، کمر کا حصہ، حرکت پر بگاڑ
pain, sore, night, 3 a.m. to 4 a.m.	=پیٹھ — درد، دکھتا، کچلا ہوا، رات 3 سے 4 بجے
pain, sore, spine, spinal irritation	=پیٹھ — درد، دکھتا، کچلا ہوا، ریڑھ کی ہڈی میں اشتعال
pain, sore, walking, amel.	=پیٹھ — درد، دکھتا، کچلا ہوا، چلنے سے آرام
pain, sore, cervical region, motion, amel.	=پیٹھ — درد، دکھتا، کچلا ہوا، گردن کا حصہ، حرکت سے آرام
pain, sore, cervical region, motion, on agg.	=پیٹھ — درد، دکھتا، کچلا ہوا، گردن کا حصہ، حرکت پر بگاڑ
pain, sore, lying, amel.	=پیٹھ — درد، دکھتا، کچلا ہوا، لیٹنے سے آرام
pain, sore, menses, during	=پیٹھ — درد، دکھتا، کچلا ہوا، حیض کے دوران
pain, sore, menses, during, as if in the bones	=پیٹھ — درد، دکھتا، کچلا ہوا، حیض کے دوران، جیسے ہڈیوں میں ہو
pain, sore, menses, before, worse at night	=پیٹھ — درد، دکھتا، کچلا ہوا، حیض سے پہلے، رات کو بگاڑ
pain, sore, motion, amel.	=پیٹھ — درد، دکھتا، کچلا ہوا، حرکت سے آرام
pain, sore, motion, on agg.	=پیٹھ — درد، دکھتا، کچلا ہوا، حرکت پر بگاڑ
pain, stitching, night, 3 a.m., must get up and walk	=پیٹھ — درد، چبھتا ہوا، رات 3 بجے، اٹھ کر چلنا پڑے
pain, stitching, motion, amel.	=پیٹھ — درد، چبھتا ہوا، حرکت سے آرام
pain, stitching, dorsal region, scapulae, morning, 9 a.m.	=پیٹھ — درد، چبھتا ہوا، پیٹھ کا اوپری حصہ، کندھے کی ہڈیاں، صبح 9 بجے
pain, stitching, dorsal region, scapulae, motion, amel.	=پیٹھ — درد، چبھتا ہوا، پیٹھ کا اوپری حصہ، کندھے کی ہڈیاں، حرکت سے آرام
pain, stitching, dorsal region, scapulae, motion, on agg.	=پیٹھ — درد، چبھتا ہوا، پیٹھ کا اوپری حصہ، کندھے کی ہڈیاں، حرکت پر بگاڑ
pain, stitching, dorsal region, scapulae, between, motion, amel.	=پیٹھ — درد، چبھتا ہوا، پیٹھ کا اوپری حصہ، کندھے کی ہڈیاں، درمیان، حرکت سے آرام
pain, stitching, dorsal region, scapulae, between, motion, on agg.	=پیٹھ — درد، چبھتا ہوا، پیٹھ کا اوپری حصہ، کندھے کی ہڈیاں، درمیان، حرکت پر بگاڑ
pain, stitching, lumbar region, morning, 3 a.m.	=پیٹھ — درد، چبھتا ہوا، کمر کا حصہ، صبح 3 بجے
pain, stitching, lumbar region, motion, amel.	=پیٹھ — درد، چبھتا ہوا، کمر کا حصہ، حرکت سے آرام
pain, stitching, lumbar region, motion, on agg.	=پیٹھ — درد، چبھتا ہوا، کمر کا حصہ، حرکت پر بگاڑ
pain, stitching, lumbar region, stool, amel.	=پیٹھ — درد، چبھتا ہوا، کمر کا حصہ، پاخانے سے آرام
pain, stitching, lumbar region, stool, during agg.	=پیٹھ — درد، چبھتا ہوا، کمر کا حصہ، پاخانے کے دوران بگاڑ
pain, stitching, lumbar region, walking, amel.	=پیٹھ — درد، چبھتا ہوا، کمر کا حصہ، چلنے سے آرام
pain, stitching, lumbar region, breathing, on	=پیٹھ — درد، چبھتا ہوا، کمر کا حصہ، سانس لینے پر
pain, stitching, sacral region, walking, amel.	=پیٹھ — درد، چبھتا ہوا، تعلق کی ہڈی کا علاقہ، چلنے سے آرام
pain, stitching, coccyx, stool, before	=پیٹھ — درد، چبھتا ہوا، دم کی ہڈی، پاخانے سے پہلے
pain, stitching, coccyx, stool, during	=پیٹھ — درد، چبھتا ہوا، دم کی ہڈی، پاخانے کے دوران
pain, stool, before	=پیٹھ — درد، پاخانے سے پہلے
pain, stool, during	=پیٹھ — درد، پاخانے کے دوران
pain, stool, after agg.	=پیٹھ — درد، پاخانے کے بعد بگاڑ
pain, stool, after, amel.	=پیٹھ — درد، پاخانے کے بعد آرام
pain, stool, urging to	=پیٹھ — درد، پاخانے کی حاجت کے ساتھ
pain, tearing, menses, during	=پیٹھ — درد، چیرتا ہوا، حیض کے دوران
pain, tearing, motion, amel.	=پیٹھ — درد، چیرتا ہوا، حرکت سے آرام
pain, tearing, motion, on agg.	=پیٹھ — درد، چیرتا ہوا، حرکت پر بگاڑ
pain, tearing, lumbar region, morning, 4 a.m.	=پیٹھ — درد، چیرتا ہوا، کمر کا حصہ، صبح 4 بجے
pain, tearing, lumbar region, morning, 9 a.m., amel.	=پیٹھ — درد، چیرتا ہوا، کمر کا حصہ، صبح 9 بجے، آرام
pain, tearing, lumbar region, rising, on	=پیٹھ — درد، چیرتا ہوا، کمر کا حصہ، اٹھنے پر
pain, tearing, lumbar region, rising, from, stooping	=پیٹھ — درد، چیرتا ہوا، کمر کا حصہ، اٹھنے پر، جھکنے سے
pain, tearing, lumbar region, lying, amel.	=پیٹھ — درد، چیرتا ہوا، کمر کا حصہ، لیٹنے سے آرام
pain, tearing, lumbar region, menses, on appearance	=پیٹھ — درد، چیرتا ہوا، کمر کا حصہ، حیض آتے ہی
pain, tearing, lumbar region, menses, before	=پیٹھ — درد، چیرتا ہوا، کمر کا حصہ، حیض سے پہلے
pain, tearing, lumbar region, menses, during	=پیٹھ — درد، چیرتا ہوا، کمر کا حصہ، حیض کے دوران
perspiration, night, 3 a.m.	=پیٹھ — پسینہ، رات 3 بجے
perspiration, cervical region, sleep, amel.	=پیٹھ — پسینہ، گردن کا حصہ، نیند سے آرام
perspiration, cervical region, sleep, in agg.	=پیٹھ — پسینہ، گردن کا حصہ، نیند میں بگاڑ
perspiration, menses, before	=پیٹھ — پسینہ، حیض سے پہلے
perspiration, menses, during	=پیٹھ — پسینہ، حیض کے دوران
pulsating, cervical region, menses, before	=پیٹھ — دھڑکن، گردن کا حصہ، حیض سے پہلے
pulsating, cervical region, menses, during	=پیٹھ — دھڑکن، گردن کا حصہ، حیض کے دوران
pulsating, motion, amel.	=پیٹھ — دھڑکن، حرکت سے آرام
pulsating, motion, during agg.	=پیٹھ — دھڑکن، حرکت کے دوران بگاڑ
stiffness, moving, amel.	=پیٹھ — سختی، ہلنے سے آرام
stiffness, stooping, after	=پیٹھ — سختی، جھکنے کے بعد
stiffness, walking, amel.	=پیٹھ — سختی، چلنے سے آرام
stiffness, cervical region, headache, during	=پیٹھ — سختی، گردن کا حصہ، سر درد کے دوران
stiffness, cervical region, turning head, on	=پیٹھ — سختی، گردن کا حصہ، سر موڑنے پر
stiffness, sitting, after	=پیٹھ — سختی، بیٹھنے کے بعد
tension, motion, amel.	=پیٹھ — تناؤ، حرکت سے آرام
tension, motion, during agg.	=پیٹھ — تناؤ، حرکت کے دوران بگاڑ
tension, cervical region, motion, amel.	=پیٹھ — تناؤ، گردن کا حصہ، حرکت سے آرام
tension, cervical region, motion, on agg.	=پیٹھ — تناؤ، گردن کا حصہ، حرکت پر بگاڑ
tension, cervical region, walking, amel.	=پیٹھ — تناؤ، گردن کا حصہ، چلنے سے آرام
tension, lumbar region, morning, 4 a.m., on waking	=پیٹھ — تناؤ، کمر کا حصہ، صبح 4 بجے، جاگنے پر
weakness, sitting, after	=پیٹھ — کمزوری، بیٹھنے کے بعد
weakness, walking, amel.	=پیٹھ — کمزوری، چلنے سے آرام
weakness, walking, after	=پیٹھ — کمزوری، چلنے کے بعد
weakness, lumbar region, lying on back, amel.	=پیٹھ — کمزوری، کمر کا حصہ، پیٹھ کے بل لیٹنے سے آرام
weakness, lumbar region, lying on back, while agg.	=پیٹھ — کمزوری، کمر کا حصہ، پیٹھ کے بل لیٹنے سے بگاڑ
weakness, lumbar region, walking, on beginning to walk	=پیٹھ — کمزوری، کمر کا حصہ، چلنا شروع کرنے پر
