urination, dysuria	=مثانہ — پیشاب کی تکلیف (ڈِس یوریا)
urination, dysuria, aching in back, with	=مثانہ — پیشاب کی تکلیف، پیٹھ میں مسلسل درد کے ساتھ
urination, dysuria, afternoon, walking amel.	=مثانہ — پیشاب کی تکلیف، سہ پہر، چلنے سے آرام
urination, dysuria, alternating, with enuresis	=مثانہ — پیشاب کی تکلیف، بے اختیار پیشاب کے ساتھ باری باری
urination, dysuria, apyrexia, during	=مثانہ — پیشاب کی تکلیف، بخار کے اُترنے کے دوران
urination, dysuria, chill, during	=مثانہ — پیشاب کی تکلیف، سردی لگنے کے دوران
urination, dysuria, dysmenorrhoea, during	=مثانہ — پیشاب کی تکلیف، حیض کے دوران
urination, dysuria, fever, during	=مثانہ — پیشاب کی تکلیف، بخار کے دوران
urination, dysuria, married women, newly	=مثانہ — پیشاب کی تکلیف، نئی شادی شدہ عورتوں میں
urination, dysuria, menses, suppressed and drawing pains in abdomen, with	=مثانہ — پیشاب کی تکلیف، حیض رک جانے اور پیٹ میں کھنچنے کے درد کے ساتھ
urination, dysuria, morning	=مثانہ — پیشاب کی تکلیف، صبح
urination, dysuria, morning, old men, in	=مثانہ — پیشاب کی تکلیف، صبح، بوڑھے مردوں میں
urination, dysuria, night	=مثانہ — پیشاب کی تکلیف، رات
urination, dysuria, night, midnight, after, 3 a.m. to 5 a.m.	=مثانہ — پیشاب کی تکلیف، رات، آدھی رات کے بعد، 3 سے 5 بجے
urination, dysuria, pain in the sphincter vesicae, with hyperaesthesia of the skin down the course of the left sciatic nerve, pain in the left popliteus and hell, with coldness creeping over the whole course of the nerve, especially in the heel	=مثانہ — پیشاب کی تکلیف، مثانے کے اسفنکٹر میں درد، بائیں عرق النساء (سائیٹک) کے راستے کی جلد کی زیادہ حساسیت، بائیں پوپلٹیس اور ایڑی میں درد، پورے راستے پر ٹھنڈک پھیلتی ہوئی، خاص طور پر ایڑی میں
urination, dysuria, painful	=مثانہ — پیشاب کی تکلیف، دردناک
urination, dysuria, painful, child cries before urine starts	=مثانہ — پیشاب کی تکلیف، دردناک، پیشاب شروع ہونے سے پہلے بچہ روئے
urination, dysuria, painful, child cries, close of urination	=مثانہ — پیشاب کی تکلیف، دردناک، بچہ روئے، پیشاب کے آخر میں
urination, dysuria, painful, coldness, numbness and twitching down left leg, with	=مثانہ — پیشاب کی تکلیف، دردناک، بائیں ٹانگ میں ٹھنڈک، سن ہونا اور پھڑکن کے ساتھ
urination, dysuria, painful, dances around the room in agony, so that he	=مثانہ — پیشاب کی تکلیف، دردناک، درد سے کمرے میں ناچتا پھرے
urination, dysuria, painful, dinner and supper, after	=مثانہ — پیشاب کی تکلیف، دردناک، دوپہر اور رات کے کھانے کے بعد
urination, dysuria, painful, effort to urinate agg.	=مثانہ — پیشاب کی تکلیف، دردناک، پیشاب کی کوشش سے بگاڑ
urination, dysuria, painful, spasm of the bladder, from	=مثانہ — پیشاب کی تکلیف، دردناک، مثانے کی اینٹھن سے
urination, dysuria, painful, spasmodic closure of the sphincter while finishing	=مثانہ — پیشاب کی تکلیف، دردناک، آخر میں اسفنکٹر کا تشنجی بند ہونا
urination, dysuria, painful, thinking of it agg.	=مثانہ — پیشاب کی تکلیف، دردناک، اُس کا سوچنے سے بگاڑ
urination, dysuria, painful, urination, after, agg.	=مثانہ — پیشاب کی تکلیف، دردناک، پیشاب کے بعد بگاڑ
urination, dysuria, perspiration, during	=مثانہ — پیشاب کی تکلیف، پسینے کے دوران
urination, dysuria, sleep, after	=مثانہ — پیشاب کی تکلیف، نیند کے بعد
urination, dysuria, tenesmus of rectum, with	=مثانہ — پیشاب کی تکلیف، مقعد کے ٹینسمس کے ساتھ
urination, dysuria, tenesmus of rectum, with, and spasm of urethra	=مثانہ — پیشاب کی تکلیف، مقعد کے ٹینسمس کے ساتھ، اور پیشاب کی نالی کی اینٹھن
urination, dysuria, tenesmus of rectum, with, evening	=مثانہ — پیشاب کی تکلیف، مقعد کے ٹینسمس کے ساتھ، شام
urination, dysuria, urging to stool, with	=مثانہ — پیشاب کی تکلیف، پاخانے کی خواہش کے ساتھ
