constriction, cold, becoming	=سینہ — جکڑن، سردی لگنے پر
constriction, eating, after	=سینہ — جکڑن، کھانے کے بعد
constriction, eating, amel.	=سینہ — جکڑن، کھانے سے آرام
constriction, talking, after	=سینہ — جکڑن، بولنے کے بعد
constriction, talking, preventing	=سینہ — جکڑن، بولنے سے رُک جائے
constriction, lying, amel.	=سینہ — جکڑن، لیٹنے سے آرام
constriction, sitting, amel.	=سینہ — جکڑن، بیٹھنے سے آرام
constriction, walking, amel.	=سینہ — جکڑن، چلنے سے آرام
cramp, eating, after	=سینہ — اینٹھن، کھانے کے بعد
inflammation, heart, endocardium	=سینہ — سوزش، دل کے اندرونی غلاف میں
inflammation, heart, endocardium, pain and great anxiety	=سینہ — سوزش، دل کے اندرونی غلاف میں، درد اور شدید بے چینی کے ساتھ
inflammation, heart, endocardium, rheumatic	=سینہ — سوزش، دل کے اندرونی غلاف میں، گٹھیا والی
inflammation, heart, endocardium, scanty menses, with	=سینہ — سوزش، دل کے اندرونی غلاف میں، تھوڑے حیض کے ساتھ
inflammation, heart, pericardium	=سینہ — سوزش، دل کی جھلی (پیریکارڈیم) میں
inflammation, heart, pericardium, lying amel.	=سینہ — سوزش، دل کی جھلی (پیریکارڈیم) میں، لیٹنے سے آرام
milk, menses, suppressed	=سینہ — دودھ، حیض بند ہونے سے
milk, suppressed	=سینہ — دودھ بند ہو جانا
milk, suppressed, anger, from	=سینہ — دودھ بند ہو جانا، غصے سے
milk, weaning, after	=سینہ — دودھ چھڑانے کے بعد
oppression, eating, after	=سینہ — دباؤ، کھانے کے بعد
oppression, eating, amel.	=سینہ — دباؤ، کھانے سے آرام
oppression, menses, appearance of, on	=سینہ — دباؤ، حیض آنے پر
oppression, motion, amel.	=سینہ — دباؤ، حرکت سے آرام
oppression, motion, on agg.	=سینہ — دباؤ، حرکت پر بگاڑ
oppression, respiration, amel.	=سینہ — دباؤ، سانس لینے سے آرام
oppression, respiration, on agg.	=سینہ — دباؤ، سانس لینے پر بگاڑ
oppression, rising, after	=سینہ — دباؤ، اٹھنے کے بعد
oppression, rising, amel.	=سینہ — دباؤ، اٹھنے سے آرام
oppression, sitting, amel.	=سینہ — دباؤ، بیٹھنے سے آرام
oppression, walking, amel.	=سینہ — دباؤ، چلنے سے آرام
oppression, walking, in open air, amel.	=سینہ — دباؤ، چلنا، کھلی ہوا میں چلنے سے آرام
oppression, walking, after	=سینہ — دباؤ، چلنے کے بعد
pain, night, going into open air	=سینہ — درد، رات کو کھلی ہوا میں جانے پر
pain, rising, after	=سینہ — درد، اٹھنے کے بعد
pain, rising, after, sitting	=سینہ — درد، اٹھنے کے بعد، اٹھنے کے بعد، بیٹھنے پر
pain, rising, after, stooping agg.	=سینہ — درد، اٹھنے کے بعد، اٹھنے کے بعد، جھکنے سے بگاڑ
pain, rising, after, stooping, amel.	=سینہ — درد، اٹھنے کے بعد، اٹھنے کے بعد، جھکنے سے آرام
pain, sitting, amel.	=سینہ — درد، بیٹھنے سے آرام
pain, sleep, during	=سینہ — درد، نیند کے دوران
pain, talking, excitement of	=سینہ — درد، بولنے کے جوش میں
pain, walking, amel.	=سینہ — درد، چلنے سے آرام
pain, motion, amel.	=سینہ — درد، حرکت سے آرام
pain, eating, after	=سینہ — درد، کھانے کے بعد
pain, eating, after, amel.	=سینہ — درد، کھانے کے بعد آرام
pain, eating, after, agg.	=سینہ — درد، کھانے کے بعد بگاڑ
pain, eructation, amel.	=سینہ — درد، ڈکار سے آرام
pain, eructation, from agg.	=سینہ — درد، ڈکار سے بگاڑ
pain, mammae, menses, suppressed during	=سینہ — درد، پستان میں، حیض کے دوران بند ہو جانے پر
pain, sides, right, apex of right lung	=سینہ — درد، پہلوؤں میں، دائیں پھیپھڑے کی چوٹی میں
pain, sides, lying, on	=سینہ — درد، پہلوؤں میں، لیٹنے پر
pain, sides, lying, on, painful side agg.	=سینہ — درد، پہلوؤں میں، لیٹنے پر، درد والے پہلو پر لیٹنے سے بگاڑ
pain, sides, lying, on, painful side, amel.	=سینہ — درد، پہلوؤں میں، لیٹنے پر، درد والے پہلو پر لیٹنے سے آرام
pain, sides, lying, on, right side	=سینہ — درد، پہلوؤں میں، لیٹنے پر، دائیں پہلو پر
pain, sides, rising, after	=سینہ — درد، پہلوؤں میں، اٹھنے کے بعد
pain, sides, rising, after, amel.	=سینہ — درد، پہلوؤں میں، اٹھنے کے بعد آرام
pain, sides, rising, after, from a seat	=سینہ — درد، پہلوؤں میں، اٹھنے کے بعد، اٹھنے کے بعد، نشست سے
pain, sides, rising, after, stooping	=سینہ — درد، پہلوؤں میں، اٹھنے کے بعد، اٹھنے کے بعد، جھکنے سے
pain, sides, rising, on	=سینہ — درد، پہلوؤں میں، اٹھنے پر
pain, sides, sitting, bent, amel.	=سینہ — درد، پہلوؤں میں، بیٹھنا، جھک کر بیٹھنے سے آرام
pain, sides, sleep, during	=سینہ — درد، پہلوؤں میں، نیند کے دوران
pain, sides, stooping, after	=سینہ — درد، پہلوؤں میں، جھکنے کے بعد
pain, sides, motion, amel.	=سینہ — درد، پہلوؤں میں، حرکت سے آرام
pain, sides, motion, on agg.	=سینہ — درد، پہلوؤں میں، حرکت پر بگاڑ
pain, lower, walking, amel.	=سینہ — درد، نچلا حصہ، چلنے سے آرام
pain, lying, amel.	=سینہ — درد، لیٹنے سے آرام
pain, lying, back, on agg.	=سینہ — درد، لیٹنا، پیٹھ کے بل لیٹنے سے بگاڑ
pain, lying, back, on, amel.	=سینہ — درد، لیٹنا، پیٹھ کے بل لیٹنے سے آرام
pain, lying, side, amel.	=سینہ — درد، لیٹنا، کروٹ لیٹنے سے آرام
pain, lying, side, on agg.	=سینہ — درد، لیٹنا، کروٹ لیٹنے سے بگاڑ
pain, heart, lying, on	=سینہ — درد، دل میں، لیٹنے پر
pain, heart, lying, on, left side agg.	=سینہ — درد، دل میں، لیٹنے پر، بائیں کروٹ لیٹنے سے بگاڑ
pain, heart, lying, on, left side, could lie only on left	=سینہ — درد، دل میں، لیٹنے پر، بائیں کروٹ لیٹنے سے بگاڑ، صرف بائیں ہی لیٹ سکے
pain, heart, lying, on, right side	=سینہ — درد، دل میں، لیٹنے پر، دائیں کروٹ
pain, heart, lying, on, right, side, could lie only on	=سینہ — درد، دل میں، لیٹنے پر، دائیں کروٹ، صرف اُسی پر لیٹ سکے
pain, aching, motion, amel.	=سینہ — درد، مسلسل درد، حرکت سے آرام
pain, burning, sides, left, lying on left side	=سینہ — درد، جلتا ہوا، پہلوؤں میں، بائیں کروٹ لیٹنے پر
pain, burning, sides, lying, on	=سینہ — درد، جلتا ہوا، پہلوؤں میں، لیٹنے پر
pain, burning, sides, lying, on, left side agg.	=سینہ — درد، جلتا ہوا، پہلوؤں میں، لیٹنے پر، بائیں کروٹ لیٹنے سے بگاڑ
pain, burning, sides, lying, on, left side, amel.	=سینہ — درد، جلتا ہوا، پہلوؤں میں، لیٹنے پر، بائیں کروٹ لیٹنے سے آرام
pain, cutting (sudden sharp pain), motion, amel.	=سینہ — درد، کاٹتا ہوا (اچانک تیز درد)، حرکت سے آرام
pain, drawing, walking, amel.	=سینہ — درد، کھینچتا ہوا، چلنے سے آرام
pain, drawing, sides, right, bending to right	=سینہ — درد، کھینچتا ہوا، پہلوؤں میں، دائیں طرف جھکنے پر
pain, pressing, heart, urination, during	=سینہ — درد، دبانے والا، دل میں، پیشاب کے دوران
pain, pressing, heart, urination, after, amel.	=سینہ — درد، دبانے والا، دل میں، پیشاب کے بعد آرام
pain, rawness (includes trachea and bronchia), lying, amel.	=سینہ — درد، چھلا ہوا پن (کچا پن)، سانس کی نالی اور شاخوں سمیت، لیٹنے سے آرام
pain, sore, motion, amel.	=سینہ — درد، دکھتا، کچلا ہوا، حرکت سے آرام
pain, sore, motion, on agg.	=سینہ — درد، دکھتا، کچلا ہوا، حرکت پر بگاڑ
pain, hawking, after	=سینہ — درد، کھنکارنے کے بعد
pain, stitching, eating, after	=سینہ — درد، چبھتا ہوا، کھانے کے بعد
pain, stitching, sitting, amel.	=سینہ — درد، چبھتا ہوا، بیٹھنے سے آرام
pain, stitching, bending, compelling	=سینہ — درد، چبھتا ہوا، جھکنے پر مجبور کرے
pain, stitching, mammae, under, afternoon, 1 p.m., when yawning	=سینہ — درد، چبھتا ہوا، پستان میں، نیچے، سہ پہر 1 بجے، جمائی لینے پر
pain, stitching, mammae, under, afternoon, 2 p.m., on expiring	=سینہ — درد، چبھتا ہوا، پستان میں، نیچے، سہ پہر 2 بجے، سانس چھوڑتے وقت
pain, stitching, lying, side, on	=سینہ — درد، چبھتا ہوا، لیٹنا، کروٹ لیٹنے پر
pain, stitching, lying, side, on, right	=سینہ — درد، چبھتا ہوا، لیٹنا، کروٹ لیٹنے پر، دائیں کروٹ
pain, stitching, lying, side, on, right, on the	=سینہ — درد، چبھتا ہوا، لیٹنا، کروٹ لیٹنے پر، دائیں کروٹ، دائیں کروٹ، اُسی پر
pain, stitching, lying, side, on, right, only amel.	=سینہ — درد، چبھتا ہوا، لیٹنا، کروٹ لیٹنے پر، دائیں کروٹ، دائیں کروٹ، صرف اُسی پر آرام
pain, stitching, lying, side, on, left, on the	=سینہ — درد، چبھتا ہوا، لیٹنا، کروٹ لیٹنے پر، بائیں کروٹ، اُسی پر
pain, stitching, sides, right, extending, to right groin	=سینہ — درد، چبھتا ہوا، پہلوؤں میں، دائیں، دائیں، پھیلتا ہوا، دائیں کچھوں تک
pain, stitching, sides, right, lying, on the right side, when	=سینہ — درد، چبھتا ہوا، پہلوؤں میں، دائیں، دائیں، لیٹنا، دائیں کروٹ لیٹنے پر
pain, stitching, sides, left, lying on left side agg.	=سینہ — درد، چبھتا ہوا، پہلوؤں میں، بائیں کروٹ لیٹنے سے بگاڑ
pain, stitching, sides, rising, after, amel.	=سینہ — درد، چبھتا ہوا، پہلوؤں میں، اٹھنے کے بعد آرام
pain, stitching, sides, sleep, before	=سینہ — درد، چبھتا ہوا، پہلوؤں میں، نیند سے پہلے
pain, stitching, sides, sleep, during	=سینہ — درد، چبھتا ہوا، پہلوؤں میں، نیند کے دوران
pain, stitching, sides, stooping, on	=سینہ — درد، چبھتا ہوا، پہلوؤں میں، جھکنے پر
pain, stitching, sides, stooping, after	=سینہ — درد، چبھتا ہوا، پہلوؤں میں، جھکنے کے بعد
pain, stitching, sides, lying, on	=سینہ — درد، چبھتا ہوا، پہلوؤں میں، لیٹنے پر
pain, stitching, sides, lying, on, left side agg.	=سینہ — درد، چبھتا ہوا، پہلوؤں میں، لیٹنے پر، بائیں کروٹ لیٹنے سے بگاڑ
pain, stitching, sides, lying, on, left side, amel.	=سینہ — درد، چبھتا ہوا، پہلوؤں میں، لیٹنے پر، بائیں کروٹ لیٹنے سے آرام
pain, stitching, sides, lying, on, painful side amel.	=سینہ — درد، چبھتا ہوا، پہلوؤں میں، لیٹنے پر، درد والی کروٹ لیٹنے سے آرام
pain, stitching, sides, lying, on, right side agg.	=سینہ — درد، چبھتا ہوا، پہلوؤں میں، لیٹنے پر، دائیں کروٹ لیٹنے سے بگاڑ
pain, stitching, sides, menses, before	=سینہ — درد، چبھتا ہوا، پہلوؤں میں، حیض سے پہلے
pain, stitching, sides, menses, during	=سینہ — درد، چبھتا ہوا، پہلوؤں میں، حیض کے دوران
pain, stitching, sides, motion, amel.	=سینہ — درد، چبھتا ہوا، پہلوؤں میں، حرکت سے آرام
pain, stitching, sides, motion, during agg.	=سینہ — درد، چبھتا ہوا، پہلوؤں میں، حرکت کے دوران بگاڑ
pain, stitching, pressure, from agg.	=سینہ — درد، چبھتا ہوا، دباؤ سے بگاڑ
pain, stitching, sternum, afternoon, 4 p.m.	=سینہ — درد، چبھتا ہوا، سینے کی ہڈی، سہ پہر 4 بجے
pain, stitching, motion, amel.	=سینہ — درد، چبھتا ہوا، حرکت سے آرام
pain, stitching, motion, during agg.	=سینہ — درد، چبھتا ہوا، حرکت کے دوران بگاڑ
pain, stitching, heart, lying, amel.	=سینہ — درد، چبھتا ہوا، دل، لیٹنے سے آرام
pain, stitching, heart, synchronous with beat of heart	=سینہ — درد، چبھتا ہوا، دل کی دھڑکن کے ساتھ ہم آہنگ
pain, stitching, heart, walking, amel.	=سینہ — درد، چبھتا ہوا، دل، چلنے سے آرام
pain, tearing, arm, raising arm toward head	=سینہ — درد، چیرتا ہوا، بازو سر کی طرف اٹھانے پر
palpitation heart, morning, 7 a.m.	=سینہ — دل کی دھڑکن، صبح 7 بجے
palpitation heart, forenoon, 9 a.m.	=سینہ — دل کی دھڑکن، دوپہر سے پہلے 9 بجے
palpitation heart, afternoon, 1 p.m.	=سینہ — دل کی دھڑکن، سہ پہر 1 بجے
palpitation heart, afternoon, 3 p.m. to 5 p.m.	=سینہ — دل کی دھڑکن، سہ پہر 3 سے 5 بجے
palpitation heart, night, 1 a.m. to 2 a.m.	=سینہ — دل کی دھڑکن، رات 1 سے 2 بجے
palpitation heart, night, 11 p.m. to 3 a.m.	=سینہ — دل کی دھڑکن، رات 11 سے 3 بجے
palpitation heart, night, 2 a.m.	=سینہ — دل کی دھڑکن، رات 2 بجے
palpitation heart, night, 3 a.m.	=سینہ — دل کی دھڑکن، رات 3 بجے
palpitation heart, night, 4 a.m. to 5 a.m.	=سینہ — دل کی دھڑکن، رات 4 سے 5 بجے
palpitation heart, coition, during	=سینہ — دل کی دھڑکن، جماع کے دوران
palpitation heart, coition, after	=سینہ — دل کی دھڑکن، جماع کے بعد
palpitation heart, drinking, after	=سینہ — دل کی دھڑکن، پینے کے بعد
palpitation heart, excitement, after	=سینہ — دل کی دھڑکن، جذباتی ہیجان کے بعد
palpitation heart, exertion, amel.	=سینہ — دل کی دھڑکن، محنت سے آرام
palpitation heart, headache, during	=سینہ — دل کی دھڑکن، سر درد کے دوران
palpitation heart, headache, after	=سینہ — دل کی دھڑکن، سر درد کے بعد
palpitation heart, lying, amel.	=سینہ — دل کی دھڑکن، لیٹنے سے آرام
palpitation heart, menses, before	=سینہ — دل کی دھڑکن، حیض سے پہلے
palpitation heart, menses, during, amel.	=سینہ — دل کی دھڑکن، حیض کے دوران آرام
palpitation heart, menses, after	=سینہ — دل کی دھڑکن، حیض کے بعد
palpitation heart, menses, during agg.	=سینہ — دل کی دھڑکن، حیض کے دوران بگاڑ
palpitation heart, menses, suppressed	=سینہ — دل کی دھڑکن، حیض بند ہونے سے
palpitation heart, motion, amel.	=سینہ — دل کی دھڑکن، حرکت سے آرام
palpitation heart, rising, on	=سینہ — دل کی دھڑکن، اٹھنے پر
palpitation heart, sitting, amel.	=سینہ — دل کی دھڑکن، بیٹھنے سے آرام
palpitation heart, sleep, during	=سینہ — دل کی دھڑکن، نیند کے دوران
palpitation heart, stool, during	=سینہ — دل کی دھڑکن، پاخانے کے دوران
palpitation heart, stool, after	=سینہ — دل کی دھڑکن، پاخانے کے بعد
palpitation heart, walking, amel.	=سینہ — دل کی دھڑکن، چلنے سے آرام
perspiration, morning, 4 a.m.	=سینہ — پسینہ، صبح 4 بجے
perspiration, morning, 5 a.m. to 6 a.m.	=سینہ — پسینہ، صبح 5 سے 6 بجے
perspiration, evening, 5 p.m. to 9 p.m.	=سینہ — پسینہ، شام 5 سے 9 بجے
perspiration, axilla, menses, during	=سینہ — پسینہ، بغل میں، بغل میں، حیض کے دوران
perspiration, axilla, menses, between	=سینہ — پسینہ، بغل میں، بغل میں، حیض کے درمیان
spasms, menses, before	=سینہ — تشنج، حیض سے پہلے
spasms, menses, during	=سینہ — تشنج، حیض کے دوران
swelling, mammae, menses, before	=سینہ — سوجن، پستان، حیض سے پہلے
swelling, mammae, menses, during	=سینہ — سوجن، پستان، حیض کے دوران
swelling, mammae, menses, after	=سینہ — سوجن، پستان، حیض کے بعد
swelling, mammae, menses, instead of	=سینہ — سوجن، پستان، حیض کے بجائے
weakness, singing, on beginning to	=سینہ — کمزوری، گانا شروع کرتے ہی
weakness, walking, amel.	=سینہ — کمزوری، چلنے سے آرام
