evening, midnight, until	=کھانسی — شام، آدھی رات تک
evening, midnight, after	=کھانسی — شام، آدھی رات کے بعد
night, waking from the cough, 4 a.m., until	=کھانسی — رات، کھانسی سے جاگ اٹھے، 4 بجے تک
night, midnight, before	=کھانسی — رات، آدھی رات سے پہلے
night, midnight, after	=کھانسی — رات، آدھی رات کے بعد
night, midnight, after, amel.	=کھانسی — رات، آدھی رات کے بعد، آرام
night, midnight, after, amel., 3 a.m.	=کھانسی — رات، آدھی رات کے بعد، آرام، آرام، رات 3 بجے
night, midnight, after, daybreak, until	=کھانسی — رات، آدھی رات کے بعد، روشنی پھوٹنے تک
night, midnight, after, morning, until	=کھانسی — رات، آدھی رات کے بعد، صبح تک
night, midnight, after, 2 a.m., until	=کھانسی — رات، آدھی رات کے بعد، رات 2 بجے تک
night, midnight, after, 3 a.m., until	=کھانسی — رات، آدھی رات کے بعد، 3 بجے تک
night, midnight, after, 4 a.m., until	=کھانسی — رات، آدھی رات کے بعد، 4 بجے تک
night, midnight, after agg.	=کھانسی — رات، آدھی رات کے بعد بگاڑ
air, draft of	=کھانسی — ہوا کے جھونکے سے
air, cold, amel.	=کھانسی — ہوا، ٹھنڈی ہوا سے آرام
autumn, and spring	=کھانسی — خزاں اور بہار میں
bed, changing position agg.	=کھانسی — بستر میں کروٹ بدلنے سے بگاڑ
bed, in	=کھانسی — بستر میں
bed, in, rising from, on	=کھانسی — بستر میں، بستر سے اٹھنے پر
bed, warm, amel.	=کھانسی — بستر، گرم بستر میں آرام
bed, warm, on becoming, in, agg. or excites	=کھانسی — بستر، گرم بستر میں جانے سے بگاڑ یا کھانسی چھڑ جائے
bed, changing position, amel.	=کھانسی — بستر میں کروٹ بدلنے سے آرام
breakfast, before	=کھانسی — ناشتے سے پہلے
breakfast, during	=کھانسی — ناشتے کے دوران
breakfast, after, amel.	=کھانسی — ناشتے کے بعد آرام
breath, holding	=کھانسی — سانس روکنا
breath, holding, want of	=کھانسی — سانس روکنے کا نہ ہونا
breathing, deep, amel.	=کھانسی — سانس لینا، گہرے سانس سے آرام
cellars, air of	=کھانسی — تہ خانے کی ہوا سے
chill, before	=کھانسی — سردی لگنے سے پہلے
chill, during	=کھانسی — سردی لگنے کے دوران
chill, after	=کھانسی — سردی لگنے کے بعد
coffee, odor of	=کھانسی — کافی کی بو سے
coition, after	=کھانسی — جماع کے بعد
cold, becoming, on	=کھانسی — سردی لگنے پر
cold, becoming, on, arm or hand	=کھانسی — سردی لگنے پر، بازو یا ہاتھ ٹھنڈا ہو جانے پر
cold, becoming, on, feet	=کھانسی — سردی لگنے پر، پیر ٹھنڈے ہو جانے پر
cold, becoming, on, single part	=کھانسی — سردی لگنے پر، کوئی ایک حصہ ٹھنڈا ہو جانے پر
cold, drinks, amel.	=کھانسی — سردی، ٹھنڈا پینے سے آرام
consciousness, loss of, with	=کھانسی — ہوش جاتے رہنے کے ساتھ
convulsions, with	=کھانسی — دوروں کے ساتھ
dancing, after	=کھانسی — رقص کے بعد
debauch, after	=کھانسی — بد پرہیزی کے بعد
dentition, during	=کھانسی — دانت نکلنے کے دوران
drinking, after	=کھانسی — پینے کے بعد
drinking, after, amel.	=کھانسی — پینے کے بعد آرام
drinking, after, acids	=کھانسی — پینے کے بعد، پینے کے بعد، تیزابی چیزوں سے
drinking, after, brandy	=کھانسی — پینے کے بعد، پینے کے بعد، برانڈی سے
drinking, after, beer	=کھانسی — پینے کے بعد، پینے کے بعد، بیئر سے
drinking, after, cold fluids	=کھانسی — پینے کے بعد، پینے کے بعد، ٹھنڈی چیزوں سے
drinking, after, hurriedly	=کھانسی — پینے کے بعد، پینے کے بعد، جلد بازی میں
drinking, after, milk	=کھانسی — پینے کے بعد، پینے کے بعد، دودھ سے
drinking, after agg.	=کھانسی — پینے کے بعد بگاڑ
drunkards, of	=کھانسی — شرابیوں میں
dry, night, midnight, before	=کھانسی — خشک، رات، آدھی رات سے پہلے
dry, night, midnight, before, sleep, during	=کھانسی — خشک، رات، آدھی رات سے پہلے، نیند کے دوران
dry, night, midnight, before, 10-30 p.m.	=کھانسی — خشک، رات، آدھی رات سے پہلے، 10.30 بجے
dry, night, midnight, after	=کھانسی — خشک، رات، آدھی رات کے بعد
dry, night, midnight, after, 1 a.m. to 2 a.m.	=کھانسی — خشک، رات، آدھی رات کے بعد، 1 سے 2 بجے
dry, night, midnight, after, loose	=کھانسی — خشک، رات، آدھی رات کے بعد، ڈھیلی
dry, night, midnight, after, 2 a.m.	=کھانسی — خشک، رات، آدھی رات کے بعد، 2 بجے
dry, night, midnight, after, 3 a.m.	=کھانسی — خشک، رات، آدھی رات کے بعد، 3 بجے
dry, night, midnight, after, 4 a.m., until	=کھانسی — خشک، رات، آدھی رات کے بعد، 4 بجے تک
dry, air, open air, amel.	=کھانسی — خشک، ہوا، کھلی ہوا میں آرام
dry, drinking, amel.	=کھانسی — خشک، پینے سے آرام
dry, eating, amel.	=کھانسی — خشک، کھانے سے آرام
dry, eating, from agg.	=کھانسی — خشک، کھانے سے بگاڑ
dry, lying, amel.	=کھانسی — خشک، لیٹنے سے آرام
dry, lying, back, on, amel.	=کھانسی — خشک، لیٹنا، پیٹھ، چت لیٹنے سے آرام
dry, sitting, amel.	=کھانسی — خشک، بیٹھنے سے آرام
eating, amel.	=کھانسی — کھانے سے آرام
eating, from agg.	=کھانسی — کھانے سے بگاڑ
elongated uvula, as from, morning	=کھانسی — لمبی ہوئی لٹک (یوولا)، جیسے صبح
eructations, amel.	=کھانسی — ڈکار سے آرام
fire, look into	=کھانسی — آگ میں دیکھنے سے
fish, from eating	=کھانسی — مچھلی کھانے سے
flatus, passing, amel.	=کھانسی — ریاح نکلنے سے آرام
hacking, eating, after	=کھانسی — کھرکھری (کاٹنے والی)، کھانے کے بعد
hacking, rising, amel.	=کھانسی — کھرکھری (کاٹنے والی)، اٹھنے سے آرام
hacking, rising, on agg.	=کھانسی — کھرکھری (کاٹنے والی)، اٹھنے پر بگاڑ
hawking, agg.	=کھانسی — کھنکارنے سے بگاڑ
loose, night, midnight, after	=کھانسی — ڈھیلی، رات، آدھی رات کے بعد
loose, eating, after	=کھانسی — ڈھیلی، کھانے کے بعد
lying, night, midnight, before	=کھانسی — لیٹنا، رات، آدھی رات سے پہلے
lying, night, midnight, after	=کھانسی — لیٹنا، رات، آدھی رات کے بعد
lying, back, on	=کھانسی — لیٹنا، چت لیٹنے پر
lying, back, on, amel.	=کھانسی — لیٹنا، چت لیٹنے سے آرام
lying, back, on, better than either side, though worse lying on left side	=کھانسی — لیٹنا، چت لیٹنے پر، دونوں کروٹوں سے بہتر، مگر بائیں کروٹ لیٹنے سے زیادہ بگاڑ
lying, back, on agg.	=کھانسی — لیٹنا، چت لیٹنے سے بگاڑ
lying, bed, agg.	=کھانسی — لیٹنا، بستر میں لیٹنے سے بگاڑ
menses, suppressed, from	=کھانسی — حیض بند ہونے سے
move, on beginning to	=کھانسی — ہلنے لگنے پر
mucus, chest, in	=کھانسی — بلغم، سینے میں
mucus, chest, upper, in agg.	=کھانسی — بلغم، سینے کے اوپری حصے میں بگاڑ
rattling, eating, after	=کھانسی — کھڑکھڑاہٹ، کھانے کے بعد
rising, on agg.	=کھانسی — اٹھنے پر بگاڑ
scraping, chest, in	=کھانسی — کھرچن، سینے میں
scraping, chest, upper, in	=کھانسی — کھرچن، سینے کے اوپری حصے میں
sleep, preventing	=کھانسی — نیند نہ آنے دے
sleep, starting in, on	=کھانسی — نیند شروع ہوتے ہی
sleep, wakens from	=کھانسی — نیند سے جگا دے
spasmodic, daytime, amel.	=کھانسی — تشنجی، دن کے وقت آرام
spasmodic, eating, after	=کھانسی — تشنجی، کھانے کے بعد
spasmodic, eating, amel.	=کھانسی — تشنجی، کھانے سے آرام
spring, in the	=کھانسی — بہار میں
spring, in the, and autumn	=کھانسی — بہار میں، اور خزاں میں
talking, inability to speak, with	=کھانسی — بولنے کی نااہلی کے ساتھ
tickling, chest, upper, in	=کھانسی — گدگدی، سینے کے اوپری حصے میں
turning, on side agg.	=کھانسی — کروٹ بدلنے سے بگاڑ
warm, fluids agg.	=کھانسی — گرم مشروبات سے بگاڑ
warm, on becoming	=کھانسی — گرم ہونے پر
warm, on becoming, in bed	=کھانسی — گرم ہونے پر، بستر میں
warm, fluids, amel.	=کھانسی — گرم مشروبات سے آرام
warm, food agg.	=کھانسی — گرم کھانے سے بگاڑ
warm, food, amel.	=کھانسی — گرم کھانے سے آرام
warm, room, going from, to cold air, or vice versa, agg.	=کھانسی — گرم، کمرے سے ٹھنڈی ہوا میں جانے سے یا اس کے برعکس، بگاڑ
wind, in the	=کھانسی — ہوا میں
