fullness, sensation of	=کان — بھراؤ کا احساس
heat, escaping, sensation of	=کان — گرمی نکلنے کا احساس
noises, bees, sound of	=کان — آوازیں، شہد کی مکھیوں کی بھنبھناہٹ
noises, cascade, sound of	=کان — آوازیں، آبشار کی آواز
noises, breakfast, during	=کان — آوازیں، ناشتے کے دوران
noises, chill, during	=کان — آوازیں، سردی لگنے کے دوران
noises, coition, after	=کان — آوازیں، مباشرت کے بعد
noises, coition, during	=کان — آوازیں، مباشرت کے دوران
noises, eating, after	=کان — آوازیں، کھانے کے بعد
noises, epilepsy, after	=کان — آوازیں، مرگی کے دورے کے بعد
noises, excited, when	=کان — آوازیں، جوش میں آنے پر
noises, fever, during	=کان — آوازیں، بخار کے دوران
noises, headache, during	=کان — آوازیں، سر درد کے دوران
noises, menses, after	=کان — آوازیں، حیض کے بعد
noises, menses, before	=کان — آوازیں، حیض سے پہلے
noises, menses, during	=کان — آوازیں، حیض کے دوران
noises, motion, during	=کان — آوازیں، حرکت کے دوران
noises, pain, with every attack of	=کان — آوازیں، درد کے ہر دورے کے ساتھ
noises, perspiration, with	=کان — آوازیں، پسینے کے ساتھ
noises, stool, after	=کان — آوازیں، پاخانے کے بعد
noises, stool, during	=کان — آوازیں، پاخانے کے دوران
noises, stooping, when	=کان — آوازیں، جھکنے پر
noises, vertigo, before	=کان — آوازیں، چکر سے پہلے
noises, vertigo, with	=کان — آوازیں، چکر کے ساتھ
noises, waking, on	=کان — آوازیں، جاگنے پر
noises, waking, on, with a start	=کان — آوازیں، جاگنے پر، چونک کر
noises, yawning, when	=کان — آوازیں، جمائی لیتے وقت
pain, air, draft	=کان — درد، ہوا کا جھونکا
pain, bell, during stroke of	=کان — درد، گھنٹہ بجتے وقت
pain, blowing nose, on	=کان — درد، ناک سنکنے پر
pain, chill, during	=کان — درد، سردی لگنے کے دوران
pain, cold, from taking	=کان — درد، ٹھنڈ لگنے سے
pain, cough, during	=کان — درد، کھانسی کے دوران
pain, eating, after	=کان — درد، کھانے کے بعد
pain, eructations, during	=کان — درد، ڈکار کے دوران
pain, exertion of vision, after	=کان — درد، نظر پر زور دینے کے بعد
pain, hammer, from sound of	=کان — درد، ہتھوڑے کی آواز سے
pain, headache, during	=کان — درد، سر درد کے دوران
pain, hiccough, from	=کان — درد، ہچکی سے
pain, laughing, when	=کان — درد، ہنسنے پر
pain, menses, during	=کان — درد، حیض کے دوران
pain, mercury, abuse of	=کان — درد، پارے کے بے جا استعمال سے
pain, music, from	=کان — درد، موسیقی سے
pain, nausea, with	=کان — درد، متلی کے ساتھ
pain, noises, from	=کان — درد، شور سے
pain, noises, from, in the deaf ear	=کان — درد، شور سے بہرے کان میں
pain, perspiration, during	=کان — درد، پسینے کے دوران
pain, pressing forehead, on	=کان — درد، ماتھا دبانے پر
pain, sore throat, with	=کان — درد، گلے کی خرابی کے ساتھ
pain, stool, during	=کان — درد، پاخانے کے دوران
pain, swallowing, on	=کان — درد، نگلنے پر
pain, tearing in, right, to right teeth	=کان — درد، چیرتا ہوا، دائیں دانتوں تک
pain, thunderstorm, before	=کان — درد، گرج چمک کے طوفان سے پہلے
pain, tobacco, from	=کان — درد، تمباکو سے
pain, touch, on	=کان — درد، چھونے پر
pain, vexation, after	=کان — درد، کوفت کے بعد
pain, waking, on	=کان — درد، جاگنے پر
pain, warm room, in agg.	=کان — درد، گرم کمرے میں بگاڑ
pain, yawning, on	=کان — درد، جمائی لیتے وقت
