night, midnight, after	=بلغم — رات، آدھی رات کے بعد
night, midnight, before, on getting into bed	=بلغم — رات، آدھی رات سے پہلے، بستر میں جاتے ہی
bed, in	=بلغم — بستر میں
bed, sitting up in, on	=بلغم — بستر میں اٹھ کر بیٹھنے پر
bloody, menses, before	=بلغم — خون آلود، حیض سے پہلے
bloody, menses, during	=بلغم — خون آلود، حیض کے دوران
bloody, menses, suppressed, during	=بلغم — خون آلود، حیض بند ہونے کے دوران
breakfast, after	=بلغم — ناشتے کے بعد
eating, after	=بلغم — کھانے کے بعد
greenish, morning, 7 a.m. to 10 a.m.	=بلغم — سبزی مائل، صبح 7 سے 10 بجے
house, in the	=بلغم — گھر میں
mucous, night, after 2 a.m.	=بلغم — بلغم والا، رات 2 بجے کے بعد
mucous, night, 3 a.m.	=بلغم — بلغم والا، رات 3 بجے
pieces, in	=بلغم — ٹکڑوں میں
sea-bathing, after	=بلغم — سمندری غسل کے بعد
walking, after	=بلغم — چلنے کے بعد
white, albuminous	=بلغم — سفیدی والا
yellow, morning, 7 a.m. to 10 a.m.	=بلغم — زرد، صبح 7 سے 10 بجے
yellow, afternoon, 12 a.m. to 3 p.m.	=بلغم — زرد، سہ پہر 12 سے 3 بجے
