coldness, sense of	=چہرہ — ٹھنڈک کا احساس
discoloration, red, erysipelatous	=چہرہ — سرخ بادہ جیسا
heat, afternoon, 1 p.m.	=چہرہ — گرمی، سہ پہر 1 بجے
heat, afternoon, 2 p.m.	=چہرہ — گرمی، سہ پہر 2 بجے
heat, afternoon, 2-30 p.m.	=چہرہ — گرمی، سہ پہر 2:30 بجے
heat, afternoon, 3 p.m.	=چہرہ — گرمی، سہ پہر 3 بجے
heat, afternoon, 4 p.m.	=چہرہ — گرمی، سہ پہر 4 بجے
heat, afternoon, 5 p.m.	=چہرہ — گرمی، سہ پہر 5 بجے
heat, sensation of	=چہرہ — گرمی کا احساس
pain (aching, prosopalgia, etc.), afternoon, 1 p.m.	=چہرہ — درد، سہ پہر 1 بجے
pain (aching, prosopalgia, etc.), afternoon, 2 p.m.	=چہرہ — درد، سہ پہر 2 بجے
pain (aching, prosopalgia, etc.), afternoon, 3 p.m.	=چہرہ — درد، سہ پہر 3 بجے
pain (aching, prosopalgia, etc.), afternoon, 4 p.m.	=چہرہ — درد، سہ پہر 4 بجے
pain (aching, prosopalgia, etc.), afternoon, 4 p.m. lasting all night	=چہرہ — درد، سہ پہر 4 بجے، جو رات بھر رہے
pain (aching, prosopalgia, etc.), afternoon, 4 p.m. to 8 p.m.	=چہرہ — درد، سہ پہر 4 سے رات 8 بجے تک
pain (aching, prosopalgia, etc.), chilliness with the pain	=چہرہ — درد کے ساتھ سردی محسوس ہونا
pain (aching, prosopalgia, etc.), morning, 5 a.m.	=چہرہ — درد، صبح 5 بجے
pain (aching, prosopalgia, etc.), night, 2 a.m.	=چہرہ — درد، رات 2 بجے
pain (aching, prosopalgia, etc.), night, 3 a.m.	=چہرہ — درد، رات 3 بجے
pain (aching, prosopalgia, etc.), night, 9 p.m.	=چہرہ — درد، رات 9 بجے
pain (aching, prosopalgia, etc.), night, 9 p.m. to 3 a.m.	=چہرہ — درد، رات 9 سے 3 بجے تک
pain (aching, prosopalgia, etc.), stitching, left, extending to left ear	=چہرہ — درد، چبھتا ہوا، بائیں کان تک پھیلتا ہوا
swelling, oedematous	=چہرہ — سوجن بھری (ورم والی)
swelling, sensation of	=چہرہ — سوجن کا احساس
swelling, sensation of, cheeks	=چہرہ — سوجن کا احساس، گالوں میں
swelling, sensation of, on entering house	=چہرہ — سوجن کا احساس، گھر میں داخل ہونے پر
