congestion, ovaries, menses, before	=تناسلی اعضاء (عورت) — خون کا جماؤ، بیضہ دانیاں، حیض سے پہلے
congestion, ovaries, menses, suppressed	=تناسلی اعضاء (عورت) — خون کا جماؤ، بیضہ دانیاں، حیض بند ہونے سے
congestion, uterus, menses, before	=تناسلی اعضاء (عورت) — خون کا جماؤ، رحم، حیض سے پہلے
congestion, uterus, menses, during	=تناسلی اعضاء (عورت) — خون کا جماؤ، رحم، حیض کے دوران
contractions, uterus, menses, before	=تناسلی اعضاء (عورت) — سکڑاؤ، رحم، حیض سے پہلے
contractions, uterus, menses, during	=تناسلی اعضاء (عورت) — سکڑاؤ، رحم، حیض کے دوران
desire, increased, menses, before	=تناسلی اعضاء (عورت) — خواہش، بڑھی ہوئی، حیض سے پہلے
desire, increased, menses, during	=تناسلی اعضاء (عورت) — خواہش، بڑھی ہوئی، حیض کے دوران
desire, increased, menses, after	=تناسلی اعضاء (عورت) — خواہش، بڑھی ہوئی، حیض کے بعد
dryness, vagina, menses, during	=تناسلی اعضاء (عورت) — خشکی، اندرونی راستہ، حیض کے دوران
dryness, vagina, menses, after	=تناسلی اعضاء (عورت) — خشکی، اندرونی راستہ، حیض کے بعد
enlarged ovaries, sensation, as if, right	=تناسلی اعضاء (عورت) — بیضہ دانیوں کا بڑھا ہوا ہونا، احساس، جیسے دائیں
enlarged ovaries, sensation, as if, left	=تناسلی اعضاء (عورت) — بیضہ دانیوں کا بڑھا ہوا ہونا، احساس، جیسے بائیں
enlarged ovaries, sensation, as if, menses, before	=تناسلی اعضاء (عورت) — بیضہ دانیوں کا بڑھا ہوا ہونا، احساس، جیسے حیض سے پہلے
eruptions, menses, before	=تناسلی اعضاء (عورت) — دانے، حیض سے پہلے
eruptions, menses, during	=تناسلی اعضاء (عورت) — دانے، حیض کے دوران
eruptions, pimples, menses, before	=تناسلی اعضاء (عورت) — دانے، پھنسیاں، حیض سے پہلے
eruptions, pimples, menses, during	=تناسلی اعضاء (عورت) — دانے، پھنسیاں، حیض کے دوران
heat, uterus, flushes from uterus to head	=تناسلی اعضاء (عورت) — گرمی، رحم سے سر تک لپٹیں
heat, vagina, menses, before	=تناسلی اعضاء (عورت) — گرمی، اندرونی راستہ، حیض سے پہلے
heat, vagina, menses, during	=تناسلی اعضاء (عورت) — گرمی، اندرونی راستہ، حیض کے دوران
induration, uterus, cervix	=تناسلی اعضاء (عورت) — سختی، رحم کا منہ
induration, uterus, cervix, after use of pessary	=تناسلی اعضاء (عورت) — سختی، رحم کا منہ، پیسری (رحم کی ٹوپی) استعمال کرنے کے بعد
induration, uterus, os	=تناسلی اعضاء (عورت) — سختی، رحم کا منہ
itching, menses, before	=تناسلی اعضاء (عورت) — خارش، حیض سے پہلے
itching, menses, during	=تناسلی اعضاء (عورت) — خارش، حیض کے دوران
itching, menses, after	=تناسلی اعضاء (عورت) — خارش، حیض کے بعد
itching, vagina, menses, before	=تناسلی اعضاء (عورت) — خارش، اندرونی راستہ، حیض سے پہلے
itching, vagina, menses, during	=تناسلی اعضاء (عورت) — خارش، اندرونی راستہ، حیض کے دوران
itching, vagina, menses, after	=تناسلی اعضاء (عورت) — خارش، اندرونی راستہ، حیض کے بعد
leucorrhoea, menses, before	=تناسلی اعضاء (عورت) — سفید پانی (لیوکوریا)، حیض سے پہلے
leucorrhoea, menses, during	=تناسلی اعضاء (عورت) — سفید پانی (لیوکوریا)، حیض کے دوران
leucorrhoea, menses, after	=تناسلی اعضاء (عورت) — سفید پانی (لیوکوریا)، حیض کے بعد
leucorrhoea, menses, after, two weeks	=تناسلی اعضاء (عورت) — سفید پانی (لیوکوریا)، حیض کے بعد، دو ہفتے تک
leucorrhoea, menses, between	=تناسلی اعضاء (عورت) — سفید پانی (لیوکوریا)، حیض کے درمیان
leucorrhoea, menses, instead of	=تناسلی اعضاء (عورت) — سفید پانی (لیوکوریا)، حیض کی جگہ
leucorrhoea, menses, like the	=تناسلی اعضاء (عورت) — سفید پانی (لیوکوریا)، حیض جیسا
leucorrhoea, menses, smelling like	=تناسلی اعضاء (عورت) — سفید پانی (لیوکوریا)، حیض کی بو والا
leucorrhoea, offensive, menses, after	=تناسلی اعضاء (عورت) — سفید پانی (لیوکوریا)، بدبودار، حیض کے بعد
leucorrhoea, offensive, menses, like	=تناسلی اعضاء (عورت) — سفید پانی (لیوکوریا)، بدبودار، حیض جیسی
menses, amelioration of all complaints, during	=تناسلی اعضاء (عورت) — حیض کے دوران ساری شکایات میں آرام
menses, copious, motion, from	=تناسلی اعضاء (عورت) — حیض، زیادہ مقدار میں، حرکت سے
menses, copious, riding, from	=تناسلی اعضاء (عورت) — حیض، زیادہ مقدار میں، سواری سے
menses, late, first menses	=تناسلی اعضاء (عورت) — حیض، دیر سے پہلا حیض
menses, lying, cease while	=تناسلی اعضاء (عورت) — حیض، لیٹنے پر بند ہو جائے
menses, lying, agg.	=تناسلی اعضاء (عورت) — حیض، لیٹنے سے بگاڑ
menses, painful, dysmenorrhoea	=تناسلی اعضاء (عورت) — حیض، دردناک حیض (ڈس مینوریا)
menses, sleep, gushes during	=تناسلی اعضاء (عورت) — حیض، نیند میں فوارے کی طرح اترے
menses, suppressed, cold, from	=تناسلی اعضاء (عورت) — حیض، رک جانا، سردی سے
pain, ovaries, right, lying on right side amel.	=تناسلی اعضاء (عورت) — درد، بیضہ دانیاں، دائیں کروٹ لیٹنے سے آرام
pain, ovaries, right, to left	=تناسلی اعضاء (عورت) — درد، بیضہ دانیاں، دائیں سے بائیں
pain, ovaries, right, to uterus	=تناسلی اعضاء (عورت) — درد، بیضہ دانیاں، دائیں سے رحم
pain, ovaries, left, lying on left side agg.	=تناسلی اعضاء (عورت) — درد، بیضہ دانیاں، بائیں کروٹ لیٹنے سے بگاڑ
pain, ovaries, left, lying on left side, amel.	=تناسلی اعضاء (عورت) — درد، بیضہ دانیاں، بائیں کروٹ لیٹنے سے آرام
pain, ovaries, menses, before	=تناسلی اعضاء (عورت) — درد، بیضہ دانیاں، حیض سے پہلے
pain, ovaries, menses, during, amel.	=تناسلی اعضاء (عورت) — درد، بیضہ دانیاں، حیض کے دوران آرام
pain, ovaries, menses, after	=تناسلی اعضاء (عورت) — درد، بیضہ دانیاں، حیض کے بعد
pain, ovaries, menses, during agg.	=تناسلی اعضاء (عورت) — درد، بیضہ دانیاں، حیض کے دوران بگاڑ
pain, uterus, night, 11 p.m.	=تناسلی اعضاء (عورت) — درد، رحم، رات 11 بجے
pain, uterus, coition, during	=تناسلی اعضاء (عورت) — درد، رحم، جماع کے دوران
pain, uterus, coition, after	=تناسلی اعضاء (عورت) — درد، رحم، جماع کے بعد
pain, uterus, menses, before	=تناسلی اعضاء (عورت) — درد، رحم، حیض سے پہلے
pain, uterus, menses, at beginning	=تناسلی اعضاء (عورت) — درد، رحم، حیض کے شروع میں
pain, uterus, menses, during agg.	=تناسلی اعضاء (عورت) — درد، رحم، حیض کے دوران بگاڑ
pain, uterus, menses, during	=تناسلی اعضاء (عورت) — درد، رحم، حیض کے دوران
pain, uterus, menses, during, amel.	=تناسلی اعضاء (عورت) — درد، رحم، حیض کے دوران آرام
pain, uterus, menses, during, cry out, compels her to	=تناسلی اعضاء (عورت) — درد، رحم، حیض کے دوران، چیخ اٹھنے پر مجبور کرے
pain, uterus, menses, suppressed	=تناسلی اعضاء (عورت) — درد، رحم، حیض بند ہونے پر
pain, uterus, stool, during	=تناسلی اعضاء (عورت) — درد، رحم، پاخانے کے دوران
pain, uterus, stool, after	=تناسلی اعضاء (عورت) — درد، رحم، پاخانے کے بعد
pain, vagina, menses, before	=تناسلی اعضاء (عورت) — درد، اندرونی راستہ، حیض سے پہلے
pain, vagina, menses, during	=تناسلی اعضاء (عورت) — درد، اندرونی راستہ، حیض کے دوران
pain, aching, vagina, menses, before	=تناسلی اعضاء (عورت) — درد، مسلسل درد، اندرونی راستہ، حیض سے پہلے
pain, aching, vagina, menses, during	=تناسلی اعضاء (عورت) — درد، مسلسل درد، اندرونی راستہ، حیض کے دوران
pain, bearing down, uterus, come out, as if everything would, stool, before	=تناسلی اعضاء (عورت) — درد، نیچے کو دبانے کا احساس، رحم، جیسے سب کچھ باہر نکل آئے گا، پاخانے سے پہلے
pain, bearing down, uterus, come out, as if everything would, stool, during	=تناسلی اعضاء (عورت) — درد، نیچے کو دبانے کا احساس، رحم، جیسے سب کچھ باہر نکل آئے گا، پاخانے کے دوران
pain, bearing down, uterus, lying, amel.	=تناسلی اعضاء (عورت) — درد، نیچے کو دبانے کا احساس، رحم، لیٹنے سے آرام
pain, bearing down, uterus, menses, before	=تناسلی اعضاء (عورت) — درد، نیچے کو دبانے کا احساس، رحم، حیض سے پہلے
pain, bearing down, uterus, menses, during	=تناسلی اعضاء (عورت) — درد، نیچے کو دبانے کا احساس، رحم، حیض کے دوران
pain, bearing down, uterus, menses, after	=تناسلی اعضاء (عورت) — درد، نیچے کو دبانے کا احساس، رحم، حیض کے بعد
pain, bearing down, uterus, stool, before	=تناسلی اعضاء (عورت) — درد، نیچے کو دبانے کا احساس، رحم، پاخانے سے پہلے
pain, bearing down, uterus, stool, during	=تناسلی اعضاء (عورت) — درد، نیچے کو دبانے کا احساس، رحم، پاخانے کے دوران
pain, bearing down, uterus, stool, urging, with	=تناسلی اعضاء (عورت) — درد، نیچے کو دبانے کا احساس، رحم، پاخانے کی خواہش کے ساتھ
pain, bearing down, menses, before	=تناسلی اعضاء (عورت) — درد، نیچے کو دبانے کا احساس، حیض سے پہلے
pain, bearing down, menses, during	=تناسلی اعضاء (عورت) — درد، نیچے کو دبانے کا احساس، حیض کے دوران
pain, boring, ovaries, left, menses, during agg.	=تناسلی اعضاء (عورت) — درد، برما سا، بیضہ دانیاں، بائیں، حیض کے دوران بگاڑ
pain, boring, ovaries, left, menses, during, amel.	=تناسلی اعضاء (عورت) — درد، برما سا، بیضہ دانیاں، بائیں، حیض کے دوران آرام
pain, burning, menses, before	=تناسلی اعضاء (عورت) — درد، جلتا ہوا، حیض سے پہلے
pain, burning, menses, during	=تناسلی اعضاء (عورت) — درد، جلتا ہوا، حیض کے دوران
pain, burning, urinating, after	=تناسلی اعضاء (عورت) — درد، جلتا ہوا، پیشاب کرنے کے بعد
pain, burning, ovaries, menses, during	=تناسلی اعضاء (عورت) — درد، جلتا ہوا، بیضہ دانیاں، حیض کے دوران
pain, burning, ovaries, menses, after	=تناسلی اعضاء (عورت) — درد، جلتا ہوا، بیضہ دانیاں، حیض کے بعد
pain, burning, uterus, menses, before	=تناسلی اعضاء (عورت) — درد، جلتا ہوا، رحم، حیض سے پہلے
pain, burning, uterus, menses, during	=تناسلی اعضاء (عورت) — درد، جلتا ہوا، رحم، حیض کے دوران
pain, burning, uterus, menses, after	=تناسلی اعضاء (عورت) — درد، جلتا ہوا، رحم، حیض کے بعد
pain, burning, uterus, cervix	=تناسلی اعضاء (عورت) — درد، جلتا ہوا، رحم کا منہ
pain, burning, vagina, coition, during	=تناسلی اعضاء (عورت) — درد، جلتا ہوا، اندرونی راستہ، جماع کے دوران
pain, burning, vagina, coition, after	=تناسلی اعضاء (عورت) — درد، جلتا ہوا، اندرونی راستہ، جماع کے بعد
pain, burning, vagina, menses, before	=تناسلی اعضاء (عورت) — درد، جلتا ہوا، اندرونی راستہ، حیض سے پہلے
pain, burning, vagina, menses, during	=تناسلی اعضاء (عورت) — درد، جلتا ہوا، اندرونی راستہ، حیض کے دوران
pain, burning, vagina, menses, after	=تناسلی اعضاء (عورت) — درد، جلتا ہوا، اندرونی راستہ، حیض کے بعد
pain, cramping, uterus, menses, before	=تناسلی اعضاء (عورت) — درد، اینٹھن والا، رحم، حیض سے پہلے
pain, cramping, uterus, menses, during	=تناسلی اعضاء (عورت) — درد، اینٹھن والا، رحم، حیض کے دوران
pain, cramping, uterus, menses, after	=تناسلی اعضاء (عورت) — درد، اینٹھن والا، رحم، حیض کے بعد
pain, cramping, uterus, broad ligaments	=تناسلی اعضاء (عورت) — درد، اینٹھن والا، رحم کی چوڑی لگاموں میں
pain, cutting, ovaries, right, to left	=تناسلی اعضاء (عورت) — درد، کاٹتا ہوا، بیضہ دانیاں، دائیں سے بائیں
pain, cutting, ovaries, left, then right	=تناسلی اعضاء (عورت) — درد، کاٹتا ہوا، بیضہ دانیاں، بائیں پھر دائیں
pain, cutting, uterus, menses, before	=تناسلی اعضاء (عورت) — درد، کاٹتا ہوا، رحم، حیض سے پہلے
pain, cutting, uterus, menses, during	=تناسلی اعضاء (عورت) — درد، کاٹتا ہوا، رحم، حیض کے دوران
pain, drawing, uterus, menses, before	=تناسلی اعضاء (عورت) — درد، کھینچتا ہوا، رحم، حیض سے پہلے
pain, labor-like, menses, before	=تناسلی اعضاء (عورت) — درد، زچگی جیسا، حیض سے پہلے
pain, labor-like, menses, during	=تناسلی اعضاء (عورت) — درد، زچگی جیسا، حیض کے دوران
pain, labor-like, menses, during, standing agg.	=تناسلی اعضاء (عورت) — درد، زچگی جیسا، حیض کے دوران، کھڑے ہونے سے بگاڑ
pain, labor-like, menses, after	=تناسلی اعضاء (عورت) — درد، زچگی جیسا، حیض کے بعد
pain, labor pains, back, paroxysmal in	=تناسلی اعضاء (عورت) — درد، زچگی کے درد، کمر میں دوروں کی صورت
pain, labor pains, back, down the, into gluteal muscles	=تناسلی اعضاء (عورت) — درد، زچگی کے درد، کمر سے نیچے سرین کے عضلات میں
pain, labor pains, back, through to, and up the	=تناسلی اعضاء (عورت) — درد، زچگی کے درد، کمر سے ہو کر اوپر تک
pain, lancinating, ovaries, menses, during	=تناسلی اعضاء (عورت) — درد، نشتر جیسا، بیضہ دانیاں، حیض کے دوران
pain, lancinating, ovaries, menses, after	=تناسلی اعضاء (عورت) — درد، نشتر جیسا، بیضہ دانیاں، حیض کے بعد
pain, pressing, menses, before	=تناسلی اعضاء (عورت) — درد، دبانے والا، حیض سے پہلے
pain, pressing, menses, during	=تناسلی اعضاء (عورت) — درد، دبانے والا، حیض کے دوران
pain, pressing, vagina, menses, before	=تناسلی اعضاء (عورت) — درد، دبانے والا، اندرونی راستہ، حیض سے پہلے
pain, pressing, vagina, menses, during	=تناسلی اعضاء (عورت) — درد، دبانے والا، اندرونی راستہ، حیض کے دوران
pain, sore, menses, before	=تناسلی اعضاء (عورت) — درد، دکھتا، کچلا ہوا، حیض سے پہلے
pain, sore, menses, during	=تناسلی اعضاء (عورت) — درد، دکھتا، کچلا ہوا، حیض کے دوران
pain, sore, menses, after	=تناسلی اعضاء (عورت) — درد، دکھتا، کچلا ہوا، حیض کے بعد
pain, sore, ovaries, menses, before	=تناسلی اعضاء (عورت) — درد، دکھتا، کچلا ہوا، بیضہ دانیاں، حیض سے پہلے
pain, sore, ovaries, menses, during	=تناسلی اعضاء (عورت) — درد، دکھتا، کچلا ہوا، بیضہ دانیاں، حیض کے دوران
pain, sore, ovaries, menses, after	=تناسلی اعضاء (عورت) — درد، دکھتا، کچلا ہوا، بیضہ دانیاں، حیض کے بعد
pain, sore, ovaries, menses, suppressed, from	=تناسلی اعضاء (عورت) — درد، دکھتا، کچلا ہوا، بیضہ دانیاں، حیض بند ہونے سے
pain, sore, uterus, menses, before	=تناسلی اعضاء (عورت) — درد، دکھتا، کچلا ہوا، رحم، حیض سے پہلے
pain, sore, uterus, menses, during	=تناسلی اعضاء (عورت) — درد، دکھتا، کچلا ہوا، رحم، حیض کے دوران
pain, sore, uterus, menses, after	=تناسلی اعضاء (عورت) — درد، دکھتا، کچلا ہوا، رحم، حیض کے بعد
pain, sore, vagina, coition, during	=تناسلی اعضاء (عورت) — درد، دکھتا، کچلا ہوا، اندرونی راستہ، جماع کے دوران
pain, stinging, menses, before	=تناسلی اعضاء (عورت) — درد، ڈنک جیسا، حیض سے پہلے
pain, stinging, menses, during	=تناسلی اعضاء (عورت) — درد، ڈنک جیسا، حیض کے دوران
pain, stitching, menses, before	=تناسلی اعضاء (عورت) — درد، چبھتا ہوا، حیض سے پہلے
pain, stitching, menses, during	=تناسلی اعضاء (عورت) — درد، چبھتا ہوا، حیض کے دوران
pain, stitching, ovaries, right, to left	=تناسلی اعضاء (عورت) — درد، چبھتا ہوا، بیضہ دانیاں، دائیں سے بائیں
pain, stitching, ovaries, breathing, on	=تناسلی اعضاء (عورت) — درد، چبھتا ہوا، بیضہ دانیاں، سانس لینے پر
pain, stitching, ovaries, menses, before	=تناسلی اعضاء (عورت) — درد، چبھتا ہوا، بیضہ دانیاں، حیض سے پہلے
pain, stitching, ovaries, menses, during	=تناسلی اعضاء (عورت) — درد، چبھتا ہوا، بیضہ دانیاں، حیض کے دوران
pain, stitching, uterus, menses, before	=تناسلی اعضاء (عورت) — درد، چبھتا ہوا، رحم، حیض سے پہلے
pain, stitching, uterus, menses, after	=تناسلی اعضاء (عورت) — درد، چبھتا ہوا، رحم، حیض کے بعد
pain, tearing, uterus, menses, before	=تناسلی اعضاء (عورت) — درد، چیرتا ہوا، رحم، حیض سے پہلے
pain, tearing, uterus, menses, during	=تناسلی اعضاء (عورت) — درد، چیرتا ہوا، رحم، حیض کے دوران
prolapsus uterus, menses, during	=تناسلی اعضاء (عورت) — رحم کا اترنا، حیض کے دوران
prolapsus uterus, menses, after	=تناسلی اعضاء (عورت) — رحم کا اترنا، حیض کے بعد
prolapsus uterus, stool, during	=تناسلی اعضاء (عورت) — رحم کا اترنا، پاخانے کے دوران
prolapsus uterus, stool, after	=تناسلی اعضاء (عورت) — رحم کا اترنا، پاخانے کے بعد
prolapsus uterus, stool, urging to, constant	=تناسلی اعضاء (عورت) — رحم کا اترنا، پاخانے کی مسلسل خواہش کے ساتھ
swollen, menses, before	=تناسلی اعضاء (عورت) — سوجن، حیض سے پہلے
swollen, menses, during	=تناسلی اعضاء (عورت) — سوجن، حیض کے دوران
swollen, ovaries, menses, before	=تناسلی اعضاء (عورت) — سوجن، بیضہ دانیاں، حیض سے پہلے
swollen, ovaries, menses, during	=تناسلی اعضاء (عورت) — سوجن، بیضہ دانیاں، حیض کے دوران
swollen, ovaries, menses, after	=تناسلی اعضاء (عورت) — سوجن، بیضہ دانیاں، حیض کے بعد
swollen, uterus, cervix	=تناسلی اعضاء (عورت) — سوجن، رحم کا منہ
swollen, uterus, menses, before	=تناسلی اعضاء (عورت) — سوجن، رحم، حیض سے پہلے
swollen, uterus, menses, during	=تناسلی اعضاء (عورت) — سوجن، رحم، حیض کے دوران
vaginismus, coition, during	=تناسلی اعضاء (عورت) — اندرونی راستے کا تشنج (وجائنیزم)، جماع کے دوران
