pain, afternoon, 1 p.m.	=سر — درد، سہ پہر 1 بجے
pain, afternoon, 1 p.m. to 10 p.m.	=سر — درد، سہ پہر 1 سے رات 10 بجے تک
pain, afternoon, 1 p.m. to 3 p.m.	=سر — درد، سہ پہر 1 سے 3 بجے تک
pain, afternoon, 1 p.m. to 5 p.m.	=سر — درد، سہ پہر 1 سے 5 بجے تک
pain, afternoon, 2 p.m.	=سر — درد، سہ پہر 2 بجے
pain, afternoon, 2 p.m. to 7 a.m.	=سر — درد، سہ پہر 2 سے صبح 7 بجے تک
pain, afternoon, 2 p.m. until late in the evening	=سر — درد، سہ پہر 2 بجے سے رات گئے تک
pain, afternoon, 3 p.m.	=سر — درد، سہ پہر 3 بجے
pain, afternoon, 3 p.m. to 4 p.m.	=سر — درد، سہ پہر 3 سے 4 بجے تک
pain, afternoon, 3 p.m. to 9 p.m.	=سر — درد، سہ پہر 3 سے رات 9 بجے تک
pain, afternoon, 4 p.m.	=سر — درد، سہ پہر 4 بجے
pain, afternoon, 4 p.m. to 3 a.m.	=سر — درد، سہ پہر 4 سے رات 3 بجے تک
pain, afternoon, 4 p.m. to 8 p.m.	=سر — درد، سہ پہر 4 سے رات 8 بجے تک
pain, afternoon, 5 p.m.	=سر — درد، سہ پہر 5 بجے
pain, afternoon, 5 p.m. to 10 p.m.	=سر — درد، سہ پہر 5 سے رات 10 بجے تک
pain, afternoon, 5 p.m. to 6 p.m.	=سر — درد، سہ پہر 5 سے شام 6 بجے تک
pain, afternoon, 5 p.m. to 9 p.m.	=سر — درد، سہ پہر 5 سے رات 9 بجے تک
pain, boring, forehead, sides of, morning, 8 a.m.	=سر — درد، برما سا، ماتھے میں، پہلوؤں میں، صبح 8 بجے
pain, boring, sides, morning, 8 a.m.	=سر — درد، برما سا، پہلوؤں میں، صبح 8 بجے
pain, bursting, forehead, morning, 10 a.m.	=سر — درد، پھٹنے جیسا، ماتھے میں، صبح 10 بجے
pain, cry out, pains compel one to	=سر — درد چیخنے پر مجبور کر دے
pain, drawing, forehead, afternoon, 2 p.m.	=سر — درد، کھینچتا ہوا، ماتھے میں، سہ پہر 2 بجے
pain, extending, nose, root of nose	=سر — درد، پھیلتا ہوا، ناک کی جڑ
pain, morning, 6 a.m. until evening	=سر — درد، صبح 6 بجے سے شام تک
pain, morning, until 10 a.m.	=سر — درد، صبح 10 بجے تک
pain, periodic, afternoon, 4 p.m. to 3 a.m.	=سر — درد، وقفے وقفے سے باقاعدہ، سہ پہر 4 سے رات 3 بجے تک
pain, pressing, afternoon, 2 p.m.	=سر — درد، دبانے والا، سہ پہر 2 بجے
pain, pressing, forehead, afternoon, 1 p.m.	=سر — درد، دبانے والا، ماتھے میں، سہ پہر 1 بجے
pain, pressing, forehead, eminence, frontal, afternoon, 3 p.m.	=سر — درد، دبانے والا، ماتھے کے ابھار میں، سہ پہر 3 بجے
pain, pressing, forehead, eyes, over, margin of orbits to temples, from	=سر — درد، دبانے والا، آنکھوں کے حلقوں کے کنارے سے کنپٹیوں تک
pain, pressing, vertex, afternoon, 4 p.m. to 8 p.m.	=سر — درد، دبانے والا، چوٹی میں، سہ پہر 4 سے رات 8 بجے تک
pain, pressing, vertex, evening, 6 p.m.	=سر — درد، دبانے والا، چوٹی میں، شام 6 بجے
pain, sides, left, lying on left side agg.	=سر — درد، بائیں پہلو لیٹنے سے بگاڑ
pain, sides, right, lying on right side agg.	=سر — درد، دائیں پہلو لیٹنے سے بگاڑ
pain, stitching, forehead, afternoon, 2 p.m.	=سر — درد، چبھتا ہوا، ماتھے میں، سہ پہر 2 بجے
pain, stitching, forehead, eminence frontal, afternoon, 2 p.m.	=سر — درد، چبھتا ہوا، ماتھے میں، ماتھے کے ابھار میں، سہ پہر 2 بجے
pain, stitching, forehead, evening, 6 p.m.	=سر — درد، چبھتا ہوا، ماتھے میں، شام 6 بجے
pain, stitching, forehead, side of, morning, 10 a.m.	=سر — درد، چبھتا ہوا، ماتھے میں، پہلو میں، صبح 10 بجے
pain, stitching, forehead, side of, morning, 11 a.m.	=سر — درد، چبھتا ہوا، ماتھے میں، پہلو میں، صبح 11 بجے
pain, stitching, sides, afternoon, 3 p.m.	=سر — درد، چبھتا ہوا، پہلوؤں میں، سہ پہر 3 بجے
pain, stitching, temples, afternoon, 1 p.m.	=سر — درد، چبھتا ہوا، کنپٹیوں میں، سہ پہر 1 بجے
pain, stitching, temples, afternoon, 3 p.m.	=سر — درد، چبھتا ہوا، کنپٹیوں میں، سہ پہر 3 بجے
pain, stitching, temples, evening, 6 p.m.	=سر — درد، چبھتا ہوا، کنپٹیوں میں، شام 6 بجے
pain, tearing, forehead, afternoon, 2 p.m.	=سر — درد، چیرتا ہوا، ماتھے میں، سہ پہر 2 بجے
pain, tearing, forehead, eminence, frontal, afternoon, 2 p.m.	=سر — درد، چیرتا ہوا، ماتھے کے ابھار میں، سہ پہر 2 بجے
pain, tearing, forehead, evening, 6 p.m.	=سر — درد، چیرتا ہوا، ماتھے میں، شام 6 بجے
pain, tearing, occiput, afternoon, 2 p.m.	=سر — درد، چیرتا ہوا، گدی میں، سہ پہر 2 بجے
pain, tearing, sides, afternoon, 2 p.m.	=سر — درد، چیرتا ہوا، پہلوؤں میں، سہ پہر 2 بجے
pain, tearing, temples, afternoon, 1 p.m.	=سر — درد، چیرتا ہوا، کنپٹیوں میں، سہ پہر 1 بجے
pain, tearing, temples, afternoon, 4 p.m.	=سر — درد، چیرتا ہوا، کنپٹیوں میں، سہ پہر 4 بجے
pain, tearing, temples, evening, 6 p.m.	=سر — درد، چیرتا ہوا، کنپٹیوں میں، شام 6 بجے
pain, thinking of pain agg.	=سر — درد کے بارے میں سوچنے سے بگاڑ
pain, thinking of pain, amel.	=سر — درد کے بارے میں سوچنے سے آرام
pain, waves of pain	=سر — درد کی لہریں
