eructations, empty, menses, menstrual colic, during	=معدہ — ڈکار، خالی، حیض کے درد کے دوران
heat, flushes	=معدہ — گرمی کی لہریں (فلش)
heat, flushes, afternoon	=معدہ — گرمی کی لہریں، سہ پہر
heat, flushes, bread, after	=معدہ — گرمی کی لہریں، روٹی کے بعد
heat, flushes, dinner, during	=معدہ — گرمی کی لہریں، دوپہر کے کھانے کے دوران
heat, flushes, eating	=معدہ — گرمی کی لہریں، کھانے سے
heat, flushes, eating, after agg.	=معدہ — گرمی کی لہریں، کھانے کے بعد بگاڑ
heat, flushes, eating, after, amel.	=معدہ — گرمی کی لہریں، کھانے کے بعد آرام
heat, flushes, eating, before	=معدہ — گرمی کی لہریں، کھانے سے پہلے
heat, flushes, empty, when	=معدہ — گرمی کی لہریں، معدہ خالی ہونے پر
heat, flushes, eructations	=معدہ — گرمی کی لہریں، ڈکار
heat, flushes, eructations, after agg.	=معدہ — گرمی کی لہریں، ڈکار کے بعد بگاڑ
heat, flushes, eructations, after, amel.	=معدہ — گرمی کی لہریں، ڈکار کے بعد آرام
heat, flushes, evening	=معدہ — گرمی کی لہریں، شام
heat, flushes, extending to abdomen	=معدہ — گرمی کی لہریں، پیٹ تک پھیلتی ہوئی
heat, flushes, extending	=معدہ — گرمی کی لہریں، پھیلتی ہوئی
heat, flushes, extending, over body	=معدہ — گرمی کی لہریں، پھیلتی ہوئی، پورے جسم پر
heat, flushes, extending, over chest	=معدہ — گرمی کی لہریں، پھیلتی ہوئی، سینے پر
heat, flushes, extending, to eyes	=معدہ — گرمی کی لہریں، پھیلتی ہوئی، آنکھوں تک
heat, flushes, extending, to	=معدہ — گرمی کی لہریں، پھیلتی ہوئی، تک
heat, flushes, extending, to, fauces	=معدہ — گرمی کی لہریں، پھیلتی ہوئی، گلے کے اندرونی منہ تک
heat, flushes, extending, to, head	=معدہ — گرمی کی لہریں، پھیلتی ہوئی، سر تک
heat, flushes, extending, to, throat	=معدہ — گرمی کی لہریں، پھیلتی ہوئی، گلے تک
heat, flushes, extending, upwards	=معدہ — گرمی کی لہریں، پھیلتی ہوئی، اوپر کی طرف
heat, flushes, morning	=معدہ — گرمی کی لہریں، صبح
heat, flushes, night in bed	=معدہ — گرمی کی لہریں، رات بستر میں
heat, flushes, noon	=معدہ — گرمی کی لہریں، دوپہر
heat, flushes, waking, on	=معدہ — گرمی کی لہریں، جاگنے پر
heat, flushes, water, cold	=معدہ — گرمی کی لہریں، ٹھنڈا پانی
heat, flushes, water, cold, after agg.	=معدہ — گرمی کی لہریں، ٹھنڈا پانی، پینے کے بعد بگاڑ
heat, flushes, water, cold, after, amel.	=معدہ — گرمی کی لہریں، ٹھنڈا پانی، پینے کے بعد آرام
nausea, throat, from spasm in throat	=معدہ — متلی، گلے کی اینٹھن سے
nausea, throat, in	=معدہ — متلی، گلے میں
nausea, water, sight of water, from	=معدہ — متلی، پانی دیکھنے سے
nausea, water, thinking of	=معدہ — متلی، پانی کا خیال آنے سے
vomiting, food, eating	=معدہ — قے، کھانے سے
vomiting, food, eating, 5 or 6 hours after	=معدہ — قے، کھانے کے 5 یا 6 گھنٹے بعد
vomiting, food, eating, immediately after	=معدہ — قے، کھانے کے فوراً بعد
vomiting, food, eating, some hours after	=معدہ — قے، کھانے کے کئی گھنٹے بعد
vomiting, water, from the sight of	=معدہ — قے، پانی دیکھنے سے
