key	depth	en	parent_ur	legacy	ur
abducted	0	ABDUCTED			=اعضا (ہاتھ پاؤں) — جسم سے دور پھیلاؤ
abducted, lies with limbs	1	ABDUCTED, lies with limbs			=اعضا (ہاتھ پاؤں) — جسم سے دور پھیلاؤ، بازو اور ٹانگیں پھیلا کر لیٹنا
abducted, lies with limbs, convulsion, during	2	ABDUCTED, lies with limbs, convulsion, during		تشنج کے دوران	=اعضا (ہاتھ پاؤں) — جسم سے دور پھیلاؤ، بازو اور ٹانگیں پھیلا کر لیٹنا، تشنج کے دوران
abducted, fingers, spasmodically	1	ABDUCTED, fingers, spasmodically		انگلیاں تشنجی انداز میں	=اعضا (ہاتھ پاؤں) — جسم سے دور پھیلاؤ، انگلیوں کا تشنجی انداز میں پھیلنا
abducted, lower limbs	1	ABDUCTED, lower limbs		ٹانگیں	=اعضا (ہاتھ پاؤں) — جسم سے دور پھیلاؤ، ٹانگوں میں
abducted, lower limbs, standing, while	2	ABDUCTED, lower limbs, standing, while		کھڑے ہوئے	=اعضا (ہاتھ پاؤں) — جسم سے دور پھیلاؤ، کھڑے ہونے کے دوران ٹانگوں کا پھیلا رہنا
abducted, toes, in spasms	1	ABDUCTED, toes, in spasms		پاؤں کی انگلیاں تشنجی جھٹکوں میں	=اعضا (ہاتھ پاؤں) — جسم سے دور پھیلاؤ، پاؤں کی انگلیوں میں تشنجی پھیلاؤ
abscess	0	ABSCESS		پھوڑا	=اعضا (ہاتھ پاؤں) — پھوڑا
abscess, joints	1	ABSCESS, joints		جوڑ	=اعضا (ہاتھ پاؤں) — پھوڑا، جوڑوں میں
abscess, tendons	1	ABSCESS, tendons		پٹھے کے تار	=اعضا (ہاتھ پاؤں) — پھوڑا، کنڈروں میں
abscess, upper limbs	1	ABSCESS, upper limbs		بازو	=اعضا (ہاتھ پاؤں) — پھوڑا، بازوؤں میں
abscess, upper limbs, gangrenous	2	ABSCESS, upper limbs, gangrenous		سڑا ہوا	=اعضا (ہاتھ پاؤں) — پھوڑا، بازوؤں میں گلنے کی کیفیت
abscess, upper limbs, wounds, after dissecting	2	ABSCESS, upper limbs, wounds, after dissecting		زخم چیرتا ہوے کے بعد	=اعضا (ہاتھ پاؤں) — پھوڑا، بازوؤں کے زخم چیرنے کے بعد
abscess, upper arm	1	ABSCESS, upper arm		بازو کا اوپر	=اعضا (ہاتھ پاؤں) — پھوڑا، بازو کے اوپری حصے میں
abscess, upper arm, deltoid	2	ABSCESS, upper arm, deltoid		کندھے کا پٹھا	=اعضا (ہاتھ پاؤں) — پھوڑا، بازو کے اوپری حصے کے ڈیلٹائی پٹھے میں
abscess, elbow	1	ABSCESS, elbow		کہنی	=اعضا (ہاتھ پاؤں) — پھوڑا، کہنی میں
abscess, forearm	1	ABSCESS, forearm		کلائی سے کہنی	=اعضا (ہاتھ پاؤں) — پھوڑا، کلائی سے کہنی تک کے حصے میں
abscess, hand	1	ABSCESS, hand		ہاتھ	=اعضا (ہاتھ پاؤں) — پھوڑا، ہاتھ میں
abscess, hand, back of	2	ABSCESS, hand, back of		پچھلا حصہ	=اعضا (ہاتھ پاؤں) — پھوڑا، ہاتھ کی پشت پر
abscess, hand, palm	2	ABSCESS, hand, palm		ہتھیلی	=اعضا (ہاتھ پاؤں) — ہتھیلی میں پھوڑا
abscess, fingers	1	ABSCESS, fingers		انگلیاں	=اعضا (ہاتھ پاؤں) — انگلیوں میں پھوڑا
abscess, lower limbs	1	ABSCESS, lower limbs		ٹانگیں	=اعضا (ہاتھ پاؤں) — پھوڑا، ٹانگوں میں
abscess, lower limbs, psoas	2	ABSCESS, lower limbs, psoas		کمر کا اندرونی پٹھا	=اعضا (ہاتھ پاؤں) — کمر کے اندرونی پسواس پٹھے میں پھوڑا
abscess, nates	1	ABSCESS, nates		چوتڑ	=اعضا (ہاتھ پاؤں) — پھوڑا، سرین میں
abscess, thigh	1	ABSCESS, thigh		ران	=اعضا (ہاتھ پاؤں) — پھوڑا، ران میں
abscess, knee	1	ABSCESS, knee		گھٹنا	=اعضا (ہاتھ پاؤں) — پھوڑا، گھٹنے میں
abscess, knee, gonarthrocace	2	ABSCESS, knee, gonarthrocace			=اعضا (ہاتھ پاؤں) — گھٹنے کے جوڑ کی ہڈی میں پھوڑا اور گلاؤ (گونارتھروکیس)
abscess, leg	1	ABSCESS, leg		ٹانگ (گھٹنے سے نیچے)	=اعضا (ہاتھ پاؤں) — پھوڑا، ٹانگ میں (گھٹنے سے نیچے)
abscess, leg, calf	2	ABSCESS, leg, calf		پنڈلی	=اعضا (ہاتھ پاؤں) — پھوڑا، پنڈلی میں
abscess, ankle joint	1	ABSCESS, ankle joint		ٹخنہ جوڑ	=اعضا (ہاتھ پاؤں) — پھوڑا، ٹخنے کے جوڑ میں
abscess, foot	1	ABSCESS, foot		پاؤں	=اعضا (ہاتھ پاؤں) — پھوڑا، پاؤں میں
abscess, foot, heel	2	ABSCESS, foot, heel		ایڑی	=اعضا (ہاتھ پاؤں) — ایڑی میں پھوڑا
abscess, toes	1	ABSCESS, toes		پاؤں کی انگلیاں	=اعضا (ہاتھ پاؤں) — پھوڑا، پاؤں کی انگلیوں میں
air passing down from shoulder to finger	0	AIR passing down from shoulder to finger			=اعضا (ہاتھ پاؤں) — کندھے سے انگلی تک ہوا اترنے کا احساس
air passing down from shoulder to finger, sensation as if	1	AIR passing down from shoulder to finger, sensation as if		احساس گویا	=اعضا (ہاتھ پاؤں) — کندھے سے انگلی تک ہوا گزرنے جیسا احساس
alive	0	ALIVE		زندہ	=اعضا (ہاتھ پاؤں) — زندہ چیز کا احساس
alive, sensation of	1	ALIVE, sensation of		احساس	=اعضا (ہاتھ پاؤں) — زندہ چیز کا احساس
alive, sensation of, upper limbs	2	ALIVE, sensation of, upper limbs		بازو	=اعضا (ہاتھ پاؤں) — بازوؤں میں زندہ چیز کا احساس
alive, sensation of, shoulder	2	ALIVE, sensation of, shoulder		کندھا	=اعضا (ہاتھ پاؤں) — کندھے میں زندہ چیز کا احساس
alive, sensation of, leg	2	ALIVE, sensation of, leg		ٹانگ (گھٹنے سے نیچے)	=اعضا (ہاتھ پاؤں) — ٹانگ میں زندہ چیز کا احساس
anæsthesia	0	ANÆSTHESIA (See Numbness)			=اعضا (ہاتھ پاؤں) — سن ہونا
analgesia	0	ANALGESIA (See Insensibility, Numbness)			=اعضا (ہاتھ پاؤں) — درد کی حس ختم ہونا
anchylosis	0	ANCHYLOSIS			=اعضا (ہاتھ پاؤں) — جوڑ کا اکڑ کر جڑ جانا
anchylosis, elbow	1	ANCHYLOSIS, elbow		کہنی	=اعضا (ہاتھ پاؤں) — کہنی کے جوڑ کا اکڑ کر جڑ جانا
anchylosis, fingers	1	ANCHYLOSIS, fingers		انگلیاں	=اعضا (ہاتھ پاؤں) — انگلیوں کے جوڑوں کا اکڑ کر جڑ جانا
anchylosis, fingers, first joint of	2	ANCHYLOSIS, fingers, first joint of		پہلا جوڑ کا	=اعضا (ہاتھ پاؤں) — انگلیوں کے پہلے جوڑ کا اکڑ کر جڑ جانا
anchylosis, fingers, last joint	2	ANCHYLOSIS, fingers, last joint		آخری جوڑ	=اعضا (ہاتھ پاؤں) — انگلیوں کے آخری جوڑ کا اکڑ کر جڑ جانا
anthrax	0	ANTHRAX			=اعضا (ہاتھ پاؤں) — سیاہ پھوڑا
arthritic nodosities	0	ARTHRITIC nodosities		جوڑوں کے درد والے گٹھلیاں	=اعضا (ہاتھ پاؤں) — گٹھیا کی گلٹیاں
arthritic nodosities, elbow	1	ARTHRITIC nodosities, elbow		کہنی	=اعضا (ہاتھ پاؤں) — گٹھیا کی گلٹیاں، کہنی میں
arthritic nodosities, elbow, above	2	ARTHRITIC nodosities, elbow, above		سے بلند	=اعضا (ہاتھ پاؤں) — گٹھیا کی گلٹیاں، کہنی کے اوپر
arthritic nodosities, elbow, stiffness of	2	ARTHRITIC nodosities, elbow, stiffness of		اکڑن کا	=اعضا (ہاتھ پاؤں) — گٹھیا کی گلٹیاں، کہنی کے اکڑاؤ کے ساتھ
arthritic nodosities, elbow, on olecranon	2	ARTHRITIC nodosities, elbow, on olecranon		کہنی کی نوک پر	=اعضا (ہاتھ پاؤں) — گٹھیا کی گلٹیاں، کہنی کی نوک پر
arthritic nodosities, on condyles	1	ARTHRITIC nodosities, on condyles		جوڑ کے ابھار پر	=اعضا (ہاتھ پاؤں) — گٹھیا کی گلٹیاں، جوڑ کی ابھری ہوئی ہڈیوں پر
arthritic nodosities, painful	1	ARTHRITIC nodosities, painful		دردناک	=اعضا (ہاتھ پاؤں) — گٹھیا کی گلٹیاں، دردناک
arthritic nodosities, pinching and cracking on motion	1	ARTHRITIC nodosities, pinching and cracking on motion			=اعضا (ہاتھ پاؤں) — گٹھیا کی گلٹیاں، حرکت پر چٹکی جیسا درد اور چٹخنے کا احساس
arthritic nodosities, in skin over joints	1	ARTHRITIC nodosities, in skin over joints		جلد اوپر کے جوڑ میں	=اعضا (ہاتھ پاؤں) — گٹھیا کی گلٹیاں، جوڑوں کے اوپر کی جلد میں
arthritic nodosities, shoulder	1	ARTHRITIC nodosities, shoulder		کندھا	=اعضا (ہاتھ پاؤں) — گٹھیا کی گلٹیاں، کندھے میں
arthritic nodosities, forearm	1	ARTHRITIC nodosities, forearm		کلائی سے کہنی	=اعضا (ہاتھ پاؤں) — گٹھیا کی گلٹیاں، کلائی سے کہنی تک کے حصے میں
arthritic nodosities, wrist	1	ARTHRITIC nodosities, wrist		کلائی	=اعضا (ہاتھ پاؤں) — گٹھیا کی گلٹیاں، کلائی میں
arthritic nodosities, wrist, back of	2	ARTHRITIC nodosities, wrist, back of		پچھلا حصہ	=اعضا (ہاتھ پاؤں) — گٹھیا کی گلٹیاں، کلائی میں، پچھلی سطح پر
arthritic nodosities, hands	1	ARTHRITIC nodosities, hands		ہاتھ	=اعضا (ہاتھ پاؤں) — گٹھیا کی گلٹیاں، ہاتھوں میں
arthritic nodosities, finger joints	1	ARTHRITIC nodosities, finger joints		انگلیوں کے جوڑ	=اعضا (ہاتھ پاؤں) — گٹھیا کی گلٹیاں، انگلیوں کے جوڑوں میں
arthritic nodosities, finger joints, with stiffness	2	ARTHRITIC nodosities, finger joints, with stiffness		اکڑن کے ساتھ	=اعضا (ہاتھ پاؤں) — گٹھیا کی گلٹیاں، انگلیوں کے جوڑوں میں اکڑاؤ کے ساتھ
arthritic nodosities, knee	1	ARTHRITIC nodosities, knee		گھٹنا	=اعضا (ہاتھ پاؤں) — گٹھیا کی گلٹیاں، گھٹنے میں
arthritic nodosities, foot	1	ARTHRITIC nodosities, foot		پاؤں	=اعضا (ہاتھ پاؤں) — گٹھیا کی گلٹیاں، پاؤں میں
arthritic nodosities, toes	1	ARTHRITIC nodosities, toes		پاؤں کی انگلیاں	=اعضا (ہاتھ پاؤں) — گٹھیا کی گلٹیاں، پاؤں کی انگلیوں میں
arthritic nodosities, toes, fibrous, of first toe	2	ARTHRITIC nodosities, toes, fibrous, of first toe			=اعضا (ہاتھ پاؤں) — گٹھیا کی گلٹیاں، پہلے پاؤں کے انگوٹھے میں ریشے دار گلٹیاں
asleep	0	ASLEEP (See Tingling, Numbness)		سویا ہوا	=اعضا (ہاتھ پاؤں) — سن ہونا
ataxia	0	ATAXIA (See Incoordination)			=اعضا (ہاتھ پاؤں) — حرکتوں میں بے ربطی
atrophy	0	ATROPHY (See Emaciation)		سکڑ جانا	=اعضا (ہاتھ پاؤں) — سکڑ جانا
awkwardness	0	AWKWARDNESS			=اعضا (ہاتھ پاؤں) — بے ڈھنگا پن
awkwardness, hands	1	AWKWARDNESS, hands		ہاتھ	=اعضا (ہاتھ پاؤں) — ہاتھوں کی بے ڈھنگی حرکت
awkwardness, hands, diverted to talking, when	2	AWKWARDNESS, hands, diverted to talking, when		جب ⟨لفظی⟩	=اعضا (ہاتھ پاؤں) — بے ڈھنگا پن، بات کرنے کی طرف توجہ جاتے ہی ہاتھوں کی بے ڈھنگی حرکت
awkwardness, hands, drops things	2	AWKWARDNESS, hands, drops things		قطرے چیزیں	=اعضا (ہاتھ پاؤں) — بے ڈھنگا پن، ہاتھ سے چیزیں گر جانا
awkwardness, hands, drops things, reins, when driving	3	AWKWARDNESS, hands, drops things, reins, when driving			=اعضا (ہاتھ پاؤں) — بے ڈھنگا پن، گاڑی چلاتے ہوئے لگام ہاتھ سے چھوٹ جانا
awkwardness, hands, menses, during	2	AWKWARDNESS, hands, menses, during		حیض کے دوران	=اعضا (ہاتھ پاؤں) — حیض کے دوران ہاتھوں کی بے ڈھنگی حرکت
awkwardness, fingers	1	AWKWARDNESS, fingers		انگلیاں	=اعضا (ہاتھ پاؤں) — انگلیوں کی بے ڈھنگی حرکت
awkwardness, fingers, as if were thumbs	2	AWKWARDNESS, fingers, as if were thumbs			=اعضا (ہاتھ پاؤں) — بے ڈھنگا پن، انگلیاں جیسے انگوٹھے ہوں
awkwardness, lower limbs	1	AWKWARDNESS, lower limbs		ٹانگیں	=اعضا (ہاتھ پاؤں) — ٹانگوں کی بے ڈھنگی حرکت
awkwardness, lower limbs, knocks against things	2	AWKWARDNESS, lower limbs, knocks against things			=اعضا (ہاتھ پاؤں) — بے ڈھنگا پن، چلتے ہوئے ٹانگوں کا چیزوں سے ٹکرانا
awkwardness, lower limbs, stumbling when walking	2	AWKWARDNESS, lower limbs, stumbling when walking			=اعضا (ہاتھ پاؤں) — بے ڈھنگا پن، چلتے ہوئے ٹانگوں کا ٹھوکر کھانا
balls	0	BALLS		گولے	=اعضا (ہاتھ پاؤں) — گولے جیسا احساس
balls, sensation of, in heels, morning	1	BALLS, sensation of, in heels, morning		احساس ایڑیوں میں صبح	=اعضا (ہاتھ پاؤں) — صبح ایڑیوں میں گولے جیسا احساس
bandaged	0	BANDAGED		پٹی بندھی	=اعضا (ہاتھ پاؤں) — پٹی بندھی ہونے کا احساس
bandaged, sensation as if	1	BANDAGED, sensation as if		احساس گویا	=اعضا (ہاتھ پاؤں) — جیسے پٹی بندھی ہو
bandaged, sensation as if, elbow	2	BANDAGED, sensation as if, elbow		کہنی	=اعضا (ہاتھ پاؤں) — کہنی پر جیسے پٹی بندھی ہو
bandaged, sensation as if, lower limbs	2	BANDAGED, sensation as if, lower limbs		ٹانگیں	=اعضا (ہاتھ پاؤں) — ٹانگوں پر جیسے پٹی بندھی ہو
bandaged, sensation as if, lower limbs, walking, while	3	BANDAGED, sensation as if, lower limbs, walking, while		چلتے ہوئے	=اعضا (ہاتھ پاؤں) — چلتے ہوئے ٹانگوں پر جیسے پٹی بندھی ہو
bandaged, sensation as if, thigh	2	BANDAGED, sensation as if, thigh		ران	=اعضا (ہاتھ پاؤں) — ران پر جیسے پٹی بندھی ہو
bandaged, sensation as if, thigh, walking, while	3	BANDAGED, sensation as if, thigh, walking, while		چلتے ہوئے	=اعضا (ہاتھ پاؤں) — چلتے ہوئے ران پر جیسے پٹی بندھی ہو
bandaged, sensation as if, knee	2	BANDAGED, sensation as if, knee		گھٹنا	=اعضا (ہاتھ پاؤں) — گھٹنے پر جیسے پٹی بندھی ہو
bandaged, sensation as if, knee, right	3	BANDAGED, sensation as if, knee, right		دایاں	=اعضا (ہاتھ پاؤں) — دائیں گھٹنے پر جیسے پٹی بندھی ہو
bandaged, sensation as if, knee, sitting, while	3	BANDAGED, sensation as if, knee, sitting, while		بیٹھے ہوئے	=اعضا (ہاتھ پاؤں) — بیٹھے ہوئے گھٹنے پر جیسے پٹی بندھی ہو
bandaged, sensation as if, knee, walking, while	3	BANDAGED, sensation as if, knee, walking, while		چلتے ہوئے	=اعضا (ہاتھ پاؤں) — چلتے ہوئے گھٹنے پر جیسے پٹی بندھی ہو
bandaged, sensation as if, leg	2	BANDAGED, sensation as if, leg		ٹانگ (گھٹنے سے نیچے)	=اعضا (ہاتھ پاؤں) — ٹانگ پر جیسے پٹی بندھی ہو
bandaged, sensation as if, leg, evening	3	BANDAGED, sensation as if, leg, evening		شام	=اعضا (ہاتھ پاؤں) — شام کو ٹانگ پر جیسے پٹی بندھی ہو
bandaged, sensation as if, leg, calf	3	BANDAGED, sensation as if, leg, calf		پنڈلی	=اعضا (ہاتھ پاؤں) — پنڈلی پر جیسے پٹی بندھی ہو
bandaged, sensation as if, ankles	2	BANDAGED, sensation as if, ankles		ٹخنے	=اعضا (ہاتھ پاؤں) — ٹخنوں پر جیسے پٹی بندھی ہو
bandaged, sensation as if, foot, as with iron	2	BANDAGED, sensation as if, foot, as with iron		پاؤں — لوہا جیسا	=اعضا (ہاتھ پاؤں) — پاؤں پر لوہے جیسی سخت پٹی بندھی ہو
bandaged, sensation as if, toe, first	2	BANDAGED, sensation as if, toe, first		پاؤں کی انگلی پہلا	=اعضا (ہاتھ پاؤں) — پہلے انگوٹھے پر جیسے پٹی بندھی ہو
bend	0	BEND		موڑ	=اعضا (ہاتھ پاؤں) — موڑنے کی خواہش
bend, irresistible desire to, arm	1	BEND, irresistible desire to, arm		بازو ⟨لفظی⟩	=اعضا (ہاتھ پاؤں) — بازو موڑنے کی ناقابلِ مزاحمت خواہش
blood	0	BLOOD		خون	=اعضا (ہاتھ پاؤں) — خون
blood, oozing from finger nails	1	BLOOD, oozing from finger nails			=اعضا (ہاتھ پاؤں) — انگلیوں کے ناخنوں سے خون رسنا
blood, rush of	1	BLOOD, rush of			=اعضا (ہاتھ پاؤں) — اعضا میں خون کا اچانک تیزی سے آنا
blood, rush of, to arms	2	BLOOD, rush of, to arms		بازو کی طرف	=اعضا (ہاتھ پاؤں) — بازوؤں کی طرف خون کا اچانک تیزی سے آنا
blood, rush of, knees	2	BLOOD, rush of, knees		گھٹنے	=اعضا (ہاتھ پاؤں) — گھٹنوں میں خون کا اچانک تیزی سے آنا
blood, rush of, knees, 1 p.m.	3	BLOOD, rush of, knees, 1 p.m.		دوپہر 1 بجے	=اعضا (ہاتھ پاؤں) — دوپہر 1 بجے گھٹنوں میں خون کا اچانک تیزی سے آنا
blood, rush of, knees, while sitting	3	BLOOD, rush of, knees, while sitting		بیٹھنے کے دوران	=اعضا (ہاتھ پاؤں) — بیٹھے ہوئے گھٹنوں میں خون کا اچانک تیزی سے آنا
blood, rush of, knees, while, standing	3	BLOOD, rush of, knees, while, standing		کرتے ہوئے کھڑا ہونا	=اعضا (ہاتھ پاؤں) — کھڑے ہونے کے دوران گھٹنوں میں خون کا اچانک تیزی سے آنا
blood, rush of, legs	2	BLOOD, rush of, legs		ٹانگیں	=اعضا (ہاتھ پاؤں) — ٹانگوں میں خون کا اچانک تیزی سے آنا
blood, rush of, legs, left	3	BLOOD, rush of, legs, left		بایاں	=اعضا (ہاتھ پاؤں) — بائیں ٹانگ میں خون کا اچانک تیزی سے آنا
blood, rush of, legs, night, on waking	3	BLOOD, rush of, legs, night, on waking		رات جاگنے پر	=اعضا (ہاتھ پاؤں) — رات کو جاگنے پر ٹانگوں میں خون کا اچانک تیزی سے آنا
blood, rush of, lower limbs	2	BLOOD, rush of, lower limbs		ٹانگیں	=اعضا (ہاتھ پاؤں) — ٹانگوں میں خون کا اچانک تیزی سے آنا
blood, rush of, feet, while standing	2	BLOOD, rush of, feet, while standing		پاؤں کھڑا ہونے کے دوران	=اعضا (ہاتھ پاؤں) — کھڑے ہونے کے دوران پاؤں میں خون کا اچانک تیزی سے آنا
blood, rush of, fingers	2	BLOOD, rush of, fingers		انگلیاں	=اعضا (ہاتھ پاؤں) — انگلیوں میں خون کا اچانک تیزی سے آنا
blood, rush of, fingers, nails	3	BLOOD, rush of, fingers, nails		ناخن	=اعضا (ہاتھ پاؤں) — انگلیوں کے ناخنوں تک خون کا اچانک تیزی سے آنا
blood, rush of, fingers, on letting arm hang down	3	BLOOD, rush of, fingers, on letting arm hang down			=اعضا (ہاتھ پاؤں) — بازو نیچے لٹکانے پر انگلیوں میں خون کا اچانک تیزی سے آنا
blood, rush of, hands	2	BLOOD, rush of, hands		ہاتھ	=اعضا (ہاتھ پاؤں) — ہاتھوں میں خون کا اچانک تیزی سے آنا
blood, rush of, hands, afternoon	3	BLOOD, rush of, hands, afternoon		سہ پہر	=اعضا (ہاتھ پاؤں) — سہ پہر ہاتھوں میں خون کا اچانک تیزی سے آنا
blood, rush of, hands, arm hanging down	3	BLOOD, rush of, hands, arm hanging down			=اعضا (ہاتھ پاؤں) — بازو نیچے لٹکانے پر ہاتھوں میں خون کا اچانک تیزی سے آنا
blood, rush of, hands, stomach, from	3	BLOOD, rush of, hands, stomach, from		معدے سے	=اعضا (ہاتھ پاؤں) — معدے سے ہاتھوں کی طرف خون کا اچانک تیزی سے آنا
blotches	0	BLOTCHES (See Eruptions)		دھبے	=اعضا (ہاتھ پاؤں) — چکتے
blowing	0	BLOWING		پھونکنا	=اعضا (ہاتھ پاؤں) — ہوا باہر نکلنے کا احساس
blowing, as of wind issuing from toes	1	BLOWING, as of wind issuing from toes			=اعضا (ہاتھ پاؤں) — پاؤں کی انگلیوں سے ہوا نکلنے کا احساس
bound	0	BOUND			=اعضا (ہاتھ پاؤں) — بندھا ہوا محسوس ہونا
bound, left arm feels as if bound to the side	1	BOUND, left arm feels as if bound to the side			=اعضا (ہاتھ پاؤں) — بایاں بازو پہلو سے بندھا ہوا محسوس ہونا
brittle finger nails	0	BRITTLE finger nails		بھربھرا انگلی کے ناخن	=اعضا (ہاتھ پاؤں) — ہاتھ کے ناخن بھربھرے ہو کر ٹوٹنا
brittle nails	0	BRITTLE nails		بھربھرے کے ناخن	=اعضا (ہاتھ پاؤں) — ناخن بھربھرے ہو کر ٹوٹنا
brittle nails, toe nails	1	BRITTLE nails, toe nails		پاؤں کے ناخن	=اعضا (ہاتھ پاؤں) — پاؤں کے ناخن بھربھرے ہو کر ٹوٹنا
brittle nails, toe nails, crumbling	2	BRITTLE nails, toe nails, crumbling		بھربھرا	=اعضا (ہاتھ پاؤں) — پاؤں کے ناخن چُور چُور ہو کر ٹوٹنا
bubbling sensation	0	BUBBLING sensation		بلبلے اٹھنے کا احساس	=اعضا (ہاتھ پاؤں) — بلبلے اٹھنے کا احساس
bubbling sensation, shoulder	1	BUBBLING sensation, shoulder		کندھا	=اعضا (ہاتھ پاؤں) — بلبلے اٹھنے کا احساس، کندھے میں
bubbling sensation, shoulder, afternoon	2	BUBBLING sensation, shoulder, afternoon		سہ پہر	=اعضا (ہاتھ پاؤں) — بلبلے اٹھنے کا احساس، کندھے میں، سہ پہر
bubbling sensation, upper arm	1	BUBBLING sensation, upper arm		بازو کا اوپر	=اعضا (ہاتھ پاؤں) — بلبلے اٹھنے کا احساس، بازو کے اوپری حصے میں
bubbling sensation, upper arm, right	2	BUBBLING sensation, upper arm, right		دایاں	=اعضا (ہاتھ پاؤں) — بلبلے اٹھنے کا احساس، بازو کے اوپری حصے میں، دائیں طرف
bubbling sensation, upper arm, left	2	BUBBLING sensation, upper arm, left		بایاں	=اعضا (ہاتھ پاؤں) — بلبلے اٹھنے کا احساس، بازو کے اوپری حصے میں، بائیں طرف
bubbling sensation, elbow	1	BUBBLING sensation, elbow		کہنی	=اعضا (ہاتھ پاؤں) — بلبلے اٹھنے کا احساس، کہنی میں
bubbling sensation, forearm	1	BUBBLING sensation, forearm		کلائی سے کہنی	=اعضا (ہاتھ پاؤں) — بلبلے اٹھنے کا احساس، کلائی سے کہنی تک کے حصے میں
bubbling sensation, forearm, posterior part	2	BUBBLING sensation, forearm, posterior part		پچھلا حصہ	=اعضا (ہاتھ پاؤں) — کلائی سے کہنی تک کے حصے کی پچھلی سطح پر بلبلے اٹھنے کا احساس
bubbling sensation, nates	1	BUBBLING sensation, nates		چوتڑ	=اعضا (ہاتھ پاؤں) — بلبلے اٹھنے کا احساس، سرین میں
bubbling sensation, nates, standing, while	2	BUBBLING sensation, nates, standing, while		کھڑے ہوئے	=اعضا (ہاتھ پاؤں) — کھڑے ہونے کے دوران سرین میں بلبلے اٹھنے کا احساس
bubbling sensation, hips	1	BUBBLING sensation, hips		کولھے	=اعضا (ہاتھ پاؤں) — کولھوں میں بلبلے اٹھنے کا احساس
bubbling sensation, thighs	1	BUBBLING sensation, thighs		رانیں	=اعضا (ہاتھ پاؤں) — رانوں میں بلبلے اٹھنے کا احساس
bubbling sensation, knee	1	BUBBLING sensation, knee		گھٹنا	=اعضا (ہاتھ پاؤں) — بلبلے اٹھنے کا احساس، گھٹنے میں
bubbling sensation, knee, popliteus	2	BUBBLING sensation, knee, popliteus		گھٹنے کے پیچھے کا پٹھا	=اعضا (ہاتھ پاؤں) — گھٹنے کے پچھلے پٹھے میں بلبلے اٹھنے کا احساس
bubbling sensation, knee, patella, in	2	BUBBLING sensation, knee, patella, in		گھٹنے کی چپنی میں	=اعضا (ہاتھ پاؤں) — گھٹنے کی چپنی میں بلبلے اٹھنے کا احساس
bubbling sensation, leg	1	BUBBLING sensation, leg		ٹانگ (گھٹنے سے نیچے)	=اعضا (ہاتھ پاؤں) — بلبلے اٹھنے کا احساس، ٹانگ میں (گھٹنے سے نیچے)
bubbling sensation, leg, calf	2	BUBBLING sensation, leg, calf		پنڈلی	=اعضا (ہاتھ پاؤں) — پنڈلی میں بلبلے اٹھنے کا احساس
bubbling sensation, foot	1	BUBBLING sensation, foot		پاؤں	=اعضا (ہاتھ پاؤں) — پاؤں میں بلبلے اٹھنے کا احساس
bunions	0	BUNIONS			=اعضا (ہاتھ پاؤں) — پاؤں کے انگوٹھے کے جوڑ کا ابھار (بنیَن)
bunions, foot	1	BUNIONS, foot		پاؤں	=اعضا (ہاتھ پاؤں) — پاؤں میں انگوٹھے کے جوڑ کا ابھار (بنیَن)
bunions, foot, frost bite, after	2	BUNIONS, foot, frost bite, after		کے بعد ⟨لفظی⟩	=اعضا (ہاتھ پاؤں) — پالا لگنے کے بعد پاؤں میں انگوٹھے کے جوڑ کا ابھار
bunions, foot, soles	2	BUNIONS, foot, soles		تلوے	=اعضا (ہاتھ پاؤں) — پاؤں کے تلووں میں انگوٹھے کے جوڑ کا ابھار
bunions, foot, soles, ulcerated	3	BUNIONS, foot, soles, ulcerated		زخم زدہ	=اعضا (ہاتھ پاؤں) — پاؤں کے تلووں میں بنیَن کا ابھار، زخم کے ساتھ
bursae	0	BURSAE			=اعضا (ہاتھ پاؤں) — جوڑوں کی برسا تھیلیاں
bursae, cysts	1	BURSAE, cysts		پانی والے آبلے	=اعضا (ہاتھ پاؤں) — جوڑوں کی برسا تھیلیوں میں پانی بھری تھیلیاں (سسٹ)
bursae, wrist	1	BURSAE, wrist		کلائی	=اعضا (ہاتھ پاؤں) — کلائی کے جوڑ کی برسا تھیلیاں
bursae, wrist, right	2	BURSAE, wrist, right		دایاں	=اعضا (ہاتھ پاؤں) — دائیں کلائی کے جوڑ کی برسا تھیلیاں
callosities	0	CALLOSITIES			=اعضا (ہاتھ پاؤں) — جلد کے سخت گٹے
callosities, horny	1	CALLOSITIES, horny		سینگ جیسا سخت	=اعضا (ہاتھ پاؤں) — سینگ جیسی سخت موٹی جلد
callosities, horny, on hands	2	CALLOSITIES, horny, on hands		ہاتھ پر	=اعضا (ہاتھ پاؤں) — ہاتھوں پر سینگ جیسی سخت موٹی جلد
callosities, horny, on hands, with deep cracks	3	CALLOSITIES, horny, on hands, with deep cracks		گہرا دراڑیوں کے ساتھ	=اعضا (ہاتھ پاؤں) — ہاتھوں پر سینگ جیسی سخت موٹی جلد، گہری دراڑوں کے ساتھ
callosities, horny, soles, on	2	CALLOSITIES, horny, soles, on		تلووں پر	=اعضا (ہاتھ پاؤں) — تلووں پر سینگ جیسی سخت موٹی جلد
callosities, horny, soles, on, tenderness	3	CALLOSITIES, horny, soles, on, tenderness		چھونے پر درد	=اعضا (ہاتھ پاؤں) — تلووں کی سخت موٹی جلد چھونے پر دردناک
callosities, horny, toes, on	2	CALLOSITIES, horny, toes, on		پاؤں کی انگلیوں پر	=اعضا (ہاتھ پاؤں) — پاؤں کی انگلیوں پر سینگ جیسی سخت موٹی جلد
carbuncles	0	CARBUNCLES		بڑے پھوڑے	=اعضا (ہاتھ پاؤں) — زہریلے پھوڑے (کاربنکل)
carbuncles, forearm	1	CARBUNCLES, forearm		کلائی سے کہنی	=اعضا (ہاتھ پاؤں) — زہریلے پھوڑے (کاربنکل)، کلائی سے کہنی تک کے حصے میں
carbuncles, nates	1	CARBUNCLES, nates		چوتڑ	=اعضا (ہاتھ پاؤں) — زہریلے پھوڑے (کاربنکل)، سرین میں
carbuncles, thigh	1	CARBUNCLES, thigh		ران	=اعضا (ہاتھ پاؤں) — زہریلے پھوڑے (کاربنکل)، ران میں
caries of bone	0	CARIES of bone		ہڈی کا گلنا	=اعضا (ہاتھ پاؤں) — ہڈی کا گلنا
caries of bone, joints	1	CARIES of bone, joints		جوڑ	=اعضا (ہاتھ پاؤں) — جوڑوں کی ہڈیوں کا گلنا
caries of bone, upper limbs	1	CARIES of bone, upper limbs		بازو	=اعضا (ہاتھ پاؤں) — بازوؤں کی ہڈیوں کا گلنا
caries of bone, shoulder joint	1	CARIES of bone, shoulder joint		کندھا جوڑ	=اعضا (ہاتھ پاؤں) — کندھے کے جوڑ کی ہڈی کا گلنا
caries of bone, humerus	1	CARIES of bone, humerus			=اعضا (ہاتھ پاؤں) — بازو کی اوپری ہڈی کا گلنا
caries of bone, elbow	1	CARIES of bone, elbow		کہنی	=اعضا (ہاتھ پاؤں) — کہنی کی ہڈی کا گلنا
caries of bone, wrist	1	CARIES of bone, wrist		کلائی	=اعضا (ہاتھ پاؤں) — کلائی کی ہڈیوں کا گلنا
caries of bone, hands, metacarpal bone	1	CARIES of bone, hands, metacarpal bone		ہاتھ ہتھیلی کی ہڈیاں ہڈی	=اعضا (ہاتھ پاؤں) — ہتھیلی کی ہڈیوں کا گلنا
caries of bone, fingers	1	CARIES of bone, fingers		انگلیاں	=اعضا (ہاتھ پاؤں) — انگلیوں کی ہڈیوں کا گلنا
caries of bone, lower limbs	1	CARIES of bone, lower limbs		ٹانگیں	=اعضا (ہاتھ پاؤں) — ٹانگوں کی ہڈیوں کا گلنا
caries of bone, hip	1	CARIES of bone, Hip (See Hip Joint Disease)		کولھا	=اعضا (ہاتھ پاؤں) — کولھے کی ہڈی کا گلنا
caries of bone, femur	1	CARIES of bone, femur		ران کی ہڈی	=اعضا (ہاتھ پاؤں) — ران کی ہڈی کا گلنا
caries of bone, knee	1	CARIES of bone, knee		گھٹنا	=اعضا (ہاتھ پاؤں) — گھٹنے کی ہڈی کا گلنا
caries of bone, tibia	1	CARIES of bone, tibia		پنڈلی کی ہڈی	=اعضا (ہاتھ پاؤں) — پنڈلی کی بڑی ہڈی کا گلنا
caries of bone, fibula	1	CARIES of bone, fibula			=اعضا (ہاتھ پاؤں) — پنڈلی کی باریک ہڈی کا گلنا
caries of bone, ankle bones	1	CARIES of bone, ankle bones		ٹخنہ ہڈیاں	=اعضا (ہاتھ پاؤں) — ٹخنے کی ہڈیوں کا گلنا
caries of bone, ankle bones, internal malleolus	2	CARIES of bone, ankle bones, internal malleolus		اندرونی حصہ ٹخنے کی ہڈی	=اعضا (ہاتھ پاؤں) — ٹخنے کی اندرونی ابھری ہڈی کا گلنا
caries of bone, foot	1	CARIES of bone, foot		پاؤں	=اعضا (ہاتھ پاؤں) — پاؤں کی ہڈیوں کا گلنا
caries of bone, foot, heel	2	CARIES of bone, foot, heel		ایڑی	=اعضا (ہاتھ پاؤں) — ایڑی کی ہڈی کا گلنا
caries of bone, toes, left toe	1	CARIES of bone, toes, left toe		پاؤں کی انگلیاں بایاں پاؤں کی انگلی	=اعضا (ہاتھ پاؤں) — بائیں پاؤں کے انگوٹھے کی ہڈی کا گلنا
chafed	0	CHAFED (See Excoriated)			=اعضا (ہاتھ پاؤں) — رگڑ سے چھلنا
chapped	0	CHAPPED		پھٹی ہوئی	=اعضا (ہاتھ پاؤں) — جلد کا پھٹنا
chapped, fingers	1	CHAPPED, fingers		انگلیاں	=اعضا (ہاتھ پاؤں) — انگلیوں کی جلد پھٹی ہوئی
chapped, fingers, about the nails	2	CHAPPED, fingers, about the nails			=اعضا (ہاتھ پاؤں) — انگلیوں کے ناخنوں کے گرد جلد پھٹی ہوئی
chapped, fingers, tips	2	CHAPPED, fingers, tips		نوکیں	=اعضا (ہاتھ پاؤں) — انگلیوں کی نوکوں کی جلد پھٹی ہوئی
chapped hand	0	CHAPPED hand (See Roughness)		پھٹی ہوئی (جلد) ہاتھ	=اعضا (ہاتھ پاؤں) — ہاتھ کی جلد کا پھٹنا
chapped hand, working in water	1	CHAPPED hand (See Roughness), working in water			=اعضا (ہاتھ پاؤں) — پانی میں کام کرنے سے ہاتھوں کی جلد پھٹنا
chilblains	0	CHILBLAINS			=اعضا (ہاتھ پاؤں) — سردی سے ہونے والے سوجے ہوئے دانے
chilblains, inflamed	1	CHILBLAINS, inflamed		سوجا ہوا	=اعضا (ہاتھ پاؤں) — سردی کے دانوں میں سوجن
chilblains, painful	1	CHILBLAINS, painful		دردناک	=اعضا (ہاتھ پاؤں) — سردی کے دانے دردناک
chilblains, pulsating	1	CHILBLAINS, pulsating		دھڑکن دار	=اعضا (ہاتھ پاؤں) — سردی کے دانوں میں دھڑکن
chilblains, vesicular	1	CHILBLAINS, vesicular		آبلے دار	=اعضا (ہاتھ پاؤں) — سردی کے دانے، پانی والے آبلوں کے ساتھ
chilblains, hands	1	CHILBLAINS, hands		ہاتھ	=اعضا (ہاتھ پاؤں) — ہاتھوں پر سردی کے دانے
chilblains, hands, itching	2	CHILBLAINS, hands, itching		خارش	=اعضا (ہاتھ پاؤں) — ہاتھوں پر سردی کے دانے، خارش کے ساتھ
chilblains, hands, mild weather	2	CHILBLAINS, hands, mild weather			=اعضا (ہاتھ پاؤں) — معتدل موسم میں ہاتھوں پر سردی کے دانے
chilblains, hands, swelling	2	CHILBLAINS, hands, swelling		سوجن	=اعضا (ہاتھ پاؤں) — ہاتھوں پر سردی کے دانے، سوجن کے ساتھ
chilblains, fingers	1	CHILBLAINS, fingers		انگلیاں	=اعضا (ہاتھ پاؤں) — انگلیوں پر سردی کے دانے
chilblains, fingers, itching	2	CHILBLAINS, fingers, itching		خارش	=اعضا (ہاتھ پاؤں) — انگلیوں پر سردی کے دانے، خارش کے ساتھ
chilblains, fingers, painful	2	CHILBLAINS, fingers, painful		دردناک	=اعضا (ہاتھ پاؤں) — انگلیوں پر دردناک سردی کے دانے
chilblains, feet	1	CHILBLAINS, feet		پاؤں	=اعضا (ہاتھ پاؤں) — پاؤں پر سردی کے دانے
chilblains, feet, cracked	2	CHILBLAINS, feet, cracked		پھٹا ہوا	=اعضا (ہاتھ پاؤں) — پاؤں پر سردی کے دانے، پھٹی ہوئی جلد کے ساتھ
chilblains, feet, inflammation	2	CHILBLAINS, feet, inflammation		سوزش	=اعضا (ہاتھ پاؤں) — پاؤں پر سردی کے دانے، سوزش کے ساتھ
chilblains, feet, purple	2	CHILBLAINS, feet, purple		جامنی	=اعضا (ہاتھ پاؤں) — پاؤں پر سردی کے دانے، جامنی رنگ کے
chilblains, feet, suppurating	2	CHILBLAINS, feet, suppurating		پیپ بھرا	=اعضا (ہاتھ پاؤں) — پاؤں پر سردی کے دانے، پیپ پڑنے کے ساتھ
chilblains, feet, swollen	2	CHILBLAINS, feet, swollen		پھولا ہوا	=اعضا (ہاتھ پاؤں) — پاؤں پر سردی کے دانے، سوجن کے ساتھ
chilblains, feet, heel, swollen and red	2	CHILBLAINS, feet, heel, swollen and red		ایڑی ⟨لفظی⟩	=اعضا (ہاتھ پاؤں) — ایڑی پر سردی کا دانہ، سوجا ہوا اور سرخ
chilblains, toes	1	CHILBLAINS, toes		پاؤں کی انگلیاں	=اعضا (ہاتھ پاؤں) — پاؤں کی انگلیوں پر سردی کے دانے
chilliness	0	CHILLINESS		سردی کی لہر	=اعضا (ہاتھ پاؤں) — سردی کی لہر
chilliness, upper limbs	1	CHILLINESS, upper limbs		بازو	=اعضا (ہاتھ پاؤں) — بازوؤں میں سردی کی لہر
chilliness, upper limbs, right	2	CHILLINESS, upper limbs, right		دایاں	=اعضا (ہاتھ پاؤں) — دائیں بازو میں سردی کی لہر
chilliness, upper limbs, right, in open air	3	CHILLINESS, upper limbs, right, in open air		کھلی ہوئے میں	=اعضا (ہاتھ پاؤں) — کھلی ہوا میں دائیں بازو میں سردی کی لہر
chilliness, upper limbs, right, extending to back and legs	3	CHILLINESS, upper limbs, right, extending to back and legs			=اعضا (ہاتھ پاؤں) — دائیں بازو سے پیٹھ اور ٹانگوں تک پھیلتی سردی کی لہر
chilliness, upper limbs, evening after lying down	2	CHILLINESS, upper limbs, evening after lying down		شام لیٹنے کے بعد	=اعضا (ہاتھ پاؤں) — شام کو لیٹنے کے بعد بازوؤں میں سردی کی لہر
chilliness, upper limbs, stool, after	2	CHILLINESS, upper limbs, stool, after		پاخانے کے بعد	=اعضا (ہاتھ پاؤں) — پاخانے کے بعد بازوؤں میں سردی کی لہر
chilliness, upper limbs, posterior surface	2	CHILLINESS, upper limbs, posterior surface		پچھلی سطح	=اعضا (ہاتھ پاؤں) — بازوؤں کی پچھلی سطح پر سردی کی لہر
chilliness, shoulder	1	CHILLINESS, shoulder		کندھا	=اعضا (ہاتھ پاؤں) — کندھے میں سردی کی لہر
chilliness, upper arm	1	CHILLINESS, upper arm		بازو کا اوپر	=اعضا (ہاتھ پاؤں) — بازو کے اوپری حصے میں سردی کی لہر
chilliness, lower limbs	1	CHILLINESS, lower limbs		ٹانگیں	=اعضا (ہاتھ پاؤں) — ٹانگوں میں سردی کی لہر
chilliness, hip	1	CHILLINESS, hip		کولھا	=اعضا (ہاتھ پاؤں) — کولھے میں سردی کی لہر
chilliness, thighs	1	CHILLINESS, thighs		رانیں	=اعضا (ہاتھ پاؤں) — رانوں میں سردی کی لہر
chilliness, knee	1	CHILLINESS, knee		گھٹنا	=اعضا (ہاتھ پاؤں) — گھٹنے میں سردی کی لہر
chilliness, legs	1	CHILLINESS, legs		ٹانگیں	=اعضا (ہاتھ پاؤں) — ٹانگوں میں سردی کی لہر
chilliness, legs, in sciatica	2	CHILLINESS, legs, in sciatica		عرق النسے میں	=اعضا (ہاتھ پاؤں) — عرق النسا میں ٹانگوں پر سردی کی لہر
chilliness, feet	1	CHILLINESS, feet		پاؤں	=اعضا (ہاتھ پاؤں) — پاؤں میں سردی کی لہر
chilliness, feet, motion, after	2	CHILLINESS, feet, motion, after		حرکت کے بعد	=اعضا (ہاتھ پاؤں) — حرکت کے بعد پاؤں میں سردی کی لہر
chilliness, feet, summer	2	CHILLINESS, feet, summer		گرمی کا موسم	=اعضا (ہاتھ پاؤں) — گرمیوں میں پاؤں میں سردی کی لہر
chilliness, toes	1	CHILLINESS, toes		پاؤں کی انگلیاں	=اعضا (ہاتھ پاؤں) — پاؤں کی انگلیوں میں سردی کی لہر
chilliness, toes, first toe	2	CHILLINESS, toes, first toe		پاؤں کا انگوٹھا	=اعضا (ہاتھ پاؤں) — پاؤں کے انگوٹھے میں سردی کی لہر
chilliness, toes, ball of right big toe	2	CHILLINESS, toes, ball of right big toe			=اعضا (ہاتھ پاؤں) — دائیں پاؤں کے انگوٹھے کے گول ابھرے حصے میں سردی کی لہر
chorea	0	CHOREA		رقصِ اعضا	=اعضا (ہاتھ پاؤں) — رقصِ اعضا
chorea, coition agg.	1	CHOREA, coition agg.		مجامعت سے بگاڑ	=اعضا (ہاتھ پاؤں) — رقصِ اعضا، جماع سے بگاڑ
chorea, fear, from	1	CHOREA, fear, from		خوف سے	=اعضا (ہاتھ پاؤں) — رقصِ اعضا، خوف سے
chorea, legs	1	CHOREA, legs		ٹانگیں	=اعضا (ہاتھ پاؤں) — رقصِ اعضا، ٹانگوں میں
cicatrices	0	CICATRICES		نشان	=اعضا (ہاتھ پاؤں) — داغ
cicatrices, deep, stinging on hands	1	CICATRICES, deep, stinging on hands		گہرا ⟨لفظی⟩	=اعضا (ہاتھ پاؤں) — داغ، ہاتھوں پر گہرے چبھتے ہوئے داغ
clawing	0	CLAWING		پنجہ گاڑنے جیسا	=اعضا (ہاتھ پاؤں) — پنجہ گاڑنے جیسا احساس
clawing, upper limbs	1	CLAWING, upper limbs		بازو	=اعضا (ہاتھ پاؤں) — پنجہ گاڑنے جیسا احساس، بازوؤں میں
clawing, wrist	1	CLAWING, wrist		کلائی	=اعضا (ہاتھ پاؤں) — پنجہ گاڑنے جیسا احساس، کلائی میں
clawing, thigh	1	CLAWING, thigh		ران	=اعضا (ہاتھ پاؤں) — پنجہ گاڑنے جیسا احساس، ران میں
clawing, leg in morning	1	CLAWING, leg in morning			=اعضا (ہاتھ پاؤں) — صبح ٹانگ میں پنجہ گاڑنے جیسا احساس
claw-like finger nails	0	CLAW-LIKE finger nails			=اعضا (ہاتھ پاؤں) — پنجے جیسے ہاتھ کے ناخن
clenching	0	CLENCHING			=اعضا (ہاتھ پاؤں) — بھینچنا
clenching, fingers	1	CLENCHING, fingers		انگلیاں	=اعضا (ہاتھ پاؤں) — انگلیاں بھینچنا
clenching, fingers, noon	2	CLENCHING, fingers, noon		دوپہر	=اعضا (ہاتھ پاؤں) — دوپہر کو انگلیاں بھینچنا
clenching, fingers, chill, at beginning of	2	CLENCHING, fingers, chill, at beginning of		سردی لگنا شروع میں کا	=اعضا (ہاتھ پاؤں) — سردی لگنے کے آغاز میں انگلیاں بھینچنا
clenching, fingers, convulsive	2	CLENCHING, fingers, convulsive		تشنجی	=اعضا (ہاتھ پاؤں) — انگلیوں کا تشنجی طور پر بھینچنا
clenching, fingers, epileptic convulsion	2	CLENCHING, fingers, epileptic convulsion		مرگی کا تشنج	=اعضا (ہاتھ پاؤں) — مرگی کے دورے میں انگلیاں بھینچنا
clenching, fingers, seizing something, when	2	CLENCHING, fingers, seizing something, when		جب ⟨لفظی⟩	=اعضا (ہاتھ پاؤں) — کسی چیز کو پکڑتے وقت انگلیاں بھینچنا
clenching, fingers, stretching out arms	2	CLENCHING, fingers, stretching out arms			=اعضا (ہاتھ پاؤں) — بازو پھیلاتے وقت انگلیاں بھینچنا
clenching, fingers	1	CLENCHING, fingers [2]		انگلیاں	=اعضا (ہاتھ پاؤں) — انگلیاں بھینچنا
clenching, thumbs	1	CLENCHING, thumbs		انگوٹھے	=اعضا (ہاتھ پاؤں) — انگوٹھے بھینچنا
clenching, thumbs, in epilepsy	2	CLENCHING, thumbs, in epilepsy		مرگی میں	=اعضا (ہاتھ پاؤں) — مرگی کے دورے میں انگوٹھے بھینچنا
clenching, thumbs, in epilepsy, after fright	3	CLENCHING, thumbs, in epilepsy, after fright		ڈر جانے کے بعد	=اعضا (ہاتھ پاؤں) — ڈر کے بعد مرگی کے دورے میں انگوٹھے بھینچنا
clenching, thumbs, in epilepsy, after, falling on head	3	CLENCHING, thumbs, in epilepsy, after, falling on head		کے بعد ⟨لفظی⟩	=اعضا (ہاتھ پاؤں) — سر کے بل گرنے کے بعد مرگی کے دورے میں انگوٹھے بھینچنا
clenching, thumbs, rheumatism, in	2	CLENCHING, thumbs, rheumatism, in		گٹھیا میں	=اعضا (ہاتھ پاؤں) — گٹھیا کے دوران انگوٹھے بھینچنا
clenching, thumbs, sleep, during	2	CLENCHING, thumbs, sleep, during		نیند کے دوران	=اعضا (ہاتھ پاؤں) — نیند کے دوران انگوٹھے بھینچنا
closed	0	CLOSED		بند	=اعضا (ہاتھ پاؤں) — بند ہونا
closed, thumbs	1	CLOSED, thumbs		انگوٹھے	=اعضا (ہاتھ پاؤں) — انگوٹھے بند رہنا
closed fingers	0	CLOSED fingers		بند انگلیاں	=اعضا (ہاتھ پاؤں) — انگلیوں کا مٹھی میں بند ہونا
closed fingers, sleep, during	1	CLOSED fingers, sleep, during		نیند کے دوران	=اعضا (ہاتھ پاؤں) — نیند کے دوران انگلیاں مٹھی میں بند رہنا
clumsiness	0	CLUMSINESS (See Awkward)			=اعضا (ہاتھ پاؤں) — بے ڈھنگا پن
cobweb	0	COBWEB			=اعضا (ہاتھ پاؤں) — مکڑی کے جالے جیسا احساس
cobweb, sensation of on hands	1	COBWEB, sensation of on hands		ہاتھ پر کا احساس	=اعضا (ہاتھ پاؤں) — ہاتھوں پر مکڑی کے جالے جیسا احساس
coldness	0	COLDNESS		ٹھنڈک	=اعضا (ہاتھ پاؤں) — ٹھنڈک
coldness, left	1	COLDNESS, left		بایاں	=اعضا (ہاتھ پاؤں) — ٹھنڈک، بائیں طرف
coldness, daytime	1	COLDNESS, daytime		دن کے وقت	=اعضا (ہاتھ پاؤں) — ٹھنڈک، دن کے وقت
coldness, morning	1	COLDNESS, morning		صبح	=اعضا (ہاتھ پاؤں) — ٹھنڈک، صبح
coldness, afternoon	1	COLDNESS, afternoon		سہ پہر	=اعضا (ہاتھ پاؤں) — ٹھنڈک، سہ پہر
coldness, evening	1	COLDNESS, evening		شام	=اعضا (ہاتھ پاؤں) — ٹھنڈک، شام
coldness, evening, stool, during	2	COLDNESS, evening, stool, during		پاخانے کے دوران	=اعضا (ہاتھ پاؤں) — ٹھنڈک، شام کو پاخانے کے دوران
coldness, evening, warm room, in	2	COLDNESS, evening, warm room, in		گرم کمرے میں	=اعضا (ہاتھ پاؤں) — ٹھنڈک، شام کو گرم کمرے میں
coldness, night	1	COLDNESS, night		رات	=اعضا (ہاتھ پاؤں) — ٹھنڈک، رات
coldness, night, bed, in	2	COLDNESS, night, bed, in		بستر میں	=اعضا (ہاتھ پاؤں) — ٹھنڈک، رات کو بستر میں
coldness, night, heat of other side, with	2	COLDNESS, night, heat of other side, with		دوسرا پہلو کا گرمی کے ساتھ	=اعضا (ہاتھ پاؤں) — ٹھنڈک، رات کو جسم کے دوسرے حصے میں گرمی کے ساتھ
coldness, abdomen, pain in, with	1	COLDNESS, abdomen, pain in, with		پیٹ درد میں کے ساتھ	=اعضا (ہاتھ پاؤں) — ٹھنڈک، پیٹ میں درد کے ساتھ
coldness, air, open	1	COLDNESS, air, open		کھلی ہوا	=اعضا (ہاتھ پاؤں) — ٹھنڈک، کھلی ہوا میں
coldness, air, open, exercising, in	2	COLDNESS, air, open, exercising, in		ورزش کرنے میں	=اعضا (ہاتھ پاؤں) — ٹھنڈک، کھلی ہوا میں ورزش کرتے ہوئے
coldness, alternating with heat	1	COLDNESS, alternating with heat		باری باری گرمی کے ساتھ	=اعضا (ہاتھ پاؤں) — ٹھنڈک، گرمی کے ساتھ باری باری
coldness, company, in	1	COLDNESS, company, in		صحبت میں	=اعضا (ہاتھ پاؤں) — ٹھنڈک، لوگوں کی صحبت میں
coldness, convulsion, with	1	COLDNESS, convulsion, with		تشنج کے ساتھ	=اعضا (ہاتھ پاؤں) — ٹھنڈک، تشنج کے ساتھ
coldness, diarrhoea, with	1	COLDNESS, diarrhoea, with		دست کے ساتھ	=اعضا (ہاتھ پاؤں) — ٹھنڈک، اسہال کے ساتھ
coldness, excitement	1	COLDNESS, excitement		اشتعال	=اعضا (ہاتھ پاؤں) — ٹھنڈک، جوش کے ساتھ
coldness, fever, during	1	COLDNESS, fever, during		بخار کے دوران	=اعضا (ہاتھ پاؤں) — ٹھنڈک، بخار کے دوران
coldness, heat of body, with	1	COLDNESS, heat of body, with		جسم کی گرمی کے ساتھ	=اعضا (ہاتھ پاؤں) — ٹھنڈک، جسم کی گرمی کے ساتھ
coldness, heat of body, with, head	2	COLDNESS, heat of body, with, head (See Head)		سر	=اعضا (ہاتھ پاؤں) — ٹھنڈک، سر میں جسم کی گرمی کے ساتھ
coldness, heat of, face, with	1	COLDNESS, heat of, face, with		گرمی چہرے کے ساتھ کا	=اعضا (ہاتھ پاؤں) — ٹھنڈک، چہرے کی گرمی کے ساتھ
coldness, ice, like ice in spots	1	COLDNESS, ice, like ice in spots		برف کا ٹکڑا ⟨لفظی⟩	=اعضا (ہاتھ پاؤں) — ٹھنڈک، بعض جگہوں پر برف جیسی ٹھنڈک
coldness, menses, during	1	COLDNESS, menses, during		حیض کے دوران	=اعضا (ہاتھ پاؤں) — ٹھنڈک، حیض کے دوران
coldness, mental exertion	1	COLDNESS, mental exertion		ذہنی محنت	=اعضا (ہاتھ پاؤں) — ٹھنڈک، ذہنی محنت کے دوران
coldness, motion amel.	1	COLDNESS, motion amel.		حرکت سے آرام	=اعضا (ہاتھ پاؤں) — حرکت سے ٹھنڈک میں آرام
coldness, painful parts	1	COLDNESS, painful parts		دکھتے حصے	=اعضا (ہاتھ پاؤں) — ٹھنڈک، درد والے حصوں میں
coldness, paralyzed limb	1	COLDNESS, paralyzed limb		مفلوج عضو	=اعضا (ہاتھ پاؤں) — ٹھنڈک، مفلوج عضو میں
coldness, sitting, while	1	COLDNESS, sitting, while		بیٹھے ہوئے	=اعضا (ہاتھ پاؤں) — ٹھنڈک، بیٹھے ہوئے
coldness, warm bed unendurable, yet	1	COLDNESS, warm bed unendurable, yet			=اعضا (ہاتھ پاؤں) — ٹھنڈک، گرم بستر برداشت نہ ہو، اس کے باوجود
coldness, joints	1	COLDNESS, joints		جوڑ	=اعضا (ہاتھ پاؤں) — ٹھنڈک، جوڑوں میں
coldness, joints, morning	2	COLDNESS, joints, morning		صبح	=اعضا (ہاتھ پاؤں) — ٹھنڈک، جوڑوں میں، صبح
coldness, joints, morning, bed, in	3	COLDNESS, joints, morning, bed, in		بستر میں	=اعضا (ہاتھ پاؤں) — صبح بستر میں جوڑوں کی ٹھنڈک
coldness, joints, open air	2	COLDNESS, joints, open air		کھلی ہوا	=اعضا (ہاتھ پاؤں) — ٹھنڈک، جوڑوں میں، کھلی ہوا میں
coldness, upper limbs	1	COLDNESS, upper limbs		بازو	=اعضا (ہاتھ پاؤں) — بازوؤں میں ٹھنڈک
coldness, upper limbs, right	2	COLDNESS, upper limbs, right		دایاں	=اعضا (ہاتھ پاؤں) — ٹھنڈک، دائیں بازو میں
coldness, upper limbs, left	2	COLDNESS, upper limbs, left		بایاں	=اعضا (ہاتھ پاؤں) — ٹھنڈک، بائیں بازو میں
coldness, upper limbs, morning	2	COLDNESS, upper limbs, morning		صبح	=اعضا (ہاتھ پاؤں) — ٹھنڈک، صبح بازوؤں میں
coldness, upper limbs, forenoon	2	COLDNESS, upper limbs, forenoon		دوپہر سے پہلے	=اعضا (ہاتھ پاؤں) — ٹھنڈک، دوپہر سے پہلے بازوؤں میں
coldness, upper limbs, afternoon	2	COLDNESS, upper limbs, afternoon		سہ پہر	=اعضا (ہاتھ پاؤں) — ٹھنڈک، سہ پہر بازوؤں میں
coldness, upper limbs, afternoon, 2 p.m.	3	COLDNESS, upper limbs, afternoon, 2 p.m.		دوپہر 2 بجے	=اعضا (ہاتھ پاؤں) — ٹھنڈک، دوپہر 2 بجے بازوؤں میں
coldness, upper limbs, afternoon, 5 p.m.	3	COLDNESS, upper limbs, afternoon, 5 p.m.		سہ پہر 5 بجے	=اعضا (ہاتھ پاؤں) — ٹھنڈک، سہ پہر 5 بجے بازوؤں میں
coldness, upper limbs, evening	2	COLDNESS, upper limbs, evening		شام	=اعضا (ہاتھ پاؤں) — ٹھنڈک، شام کو بازوؤں میں
coldness, upper limbs, evening, lying down, after	3	COLDNESS, upper limbs, evening, lying down, after		لیٹنے کے بعد	=اعضا (ہاتھ پاؤں) — ٹھنڈک، شام کو لیٹنے کے بعد بازوؤں میں
coldness, upper limbs, night	2	COLDNESS, upper limbs, night		رات	=اعضا (ہاتھ پاؤں) — ٹھنڈک، رات کو بازوؤں میں
coldness, upper limbs, night, 1 a.m.	3	COLDNESS, upper limbs, night, 1 a.m.		رات 1 بجے	=اعضا (ہاتھ پاؤں) — ٹھنڈک، رات 1 بجے بازوؤں میں
coldness, upper limbs, night, 1 a.m., before menses	4	COLDNESS, upper limbs, night, 1 a.m., before menses		حیض سے پہلے	=اعضا (ہاتھ پاؤں) — ٹھنڈک، حیض سے پہلے رات 1 بجے بازوؤں میں
coldness, upper limbs, air	2	COLDNESS, upper limbs, air		ہوا	=اعضا (ہاتھ پاؤں) — ٹھنڈک، بازوؤں میں ہوا کا احساس
coldness, upper limbs, air, cold	3	COLDNESS, upper limbs, air, cold		سردی	=اعضا (ہاتھ پاؤں) — ٹھنڈک، بازوؤں پر ٹھنڈی ہوا کا احساس
coldness, upper limbs, air, as if blew upon left arm	3	COLDNESS, upper limbs, air, as if blew upon left arm			=اعضا (ہاتھ پاؤں) — ٹھنڈک، جیسے بائیں بازو پر ہوا پھونکی گئی ہو
coldness, upper limbs, air, as if passing down to fingers	3	COLDNESS, upper limbs, air, as if passing down to fingers			=اعضا (ہاتھ پاؤں) — ٹھنڈک، جیسے ہوا انگلیوں کی طرف نیچے اتر رہی ہو
coldness, upper limbs, chill, during	2	COLDNESS, upper limbs, chill, during		سردی (کپکپی) کے دوران	=اعضا (ہاتھ پاؤں) — ٹھنڈک، سردی لگنے کے دوران بازوؤں میں
coldness, upper limbs, cough, during	2	COLDNESS, upper limbs, cough, during		کھانسی کے دوران	=اعضا (ہاتھ پاؤں) — ٹھنڈک، کھانسی کے دوران بازوؤں میں
coldness, upper limbs, eating, after	2	COLDNESS, upper limbs, eating, after		کھانے کے بعد	=اعضا (ہاتھ پاؤں) — ٹھنڈک، کھانے کے بعد بازوؤں میں
coldness, upper limbs, fever, after	2	COLDNESS, upper limbs, fever, after		بخار کے بعد	=اعضا (ہاتھ پاؤں) — ٹھنڈک، بخار کے بعد بازوؤں میں
coldness, upper limbs, lying on the back	2	COLDNESS, upper limbs, lying on the back		پیٹھ کے بل لیٹنا	=اعضا (ہاتھ پاؤں) — ٹھنڈک، پیٹھ کے بل لیٹنے پر بازوؤں میں
coldness, upper limbs, menses	2	COLDNESS, upper limbs, menses		حیض	=اعضا (ہاتھ پاؤں) — ٹھنڈک، حیض کے وقت بازوؤں میں
coldness, upper limbs, menses, before	3	COLDNESS, upper limbs, menses, before		حیض سے پہلے	=اعضا (ہاتھ پاؤں) — ٹھنڈک، حیض سے پہلے بازوؤں میں
coldness, upper limbs, menses, during	3	COLDNESS, upper limbs, menses, during		حیض کے دوران	=اعضا (ہاتھ پاؤں) — ٹھنڈک، حیض کے دوران بازوؤں میں
coldness, upper limbs, pain, during	2	COLDNESS, upper limbs, pain, during		درد کے دوران	=اعضا (ہاتھ پاؤں) — ٹھنڈک، درد کے دوران بازوؤں میں
coldness, upper limbs, paralyzed arm	2	COLDNESS, upper limbs, paralyzed arm		مفلوج بازو	=اعضا (ہاتھ پاؤں) — ٹھنڈک، مفلوج بازو میں
coldness, upper limbs, raising them	2	COLDNESS, upper limbs, raising them		اٹھانا انہیں	=اعضا (ہاتھ پاؤں) — ٹھنڈک، بازو اٹھانے پر
coldness, upper limbs, rest, during	2	COLDNESS, upper limbs, rest, during		آرام کے دوران	=اعضا (ہاتھ پاؤں) — ٹھنڈک، آرام کے دوران بازوؤں میں
coldness, upper limbs, rheumatism, in	2	COLDNESS, upper limbs, rheumatism, in		گٹھیا میں	=اعضا (ہاتھ پاؤں) — ٹھنڈک، گٹھیا کے دوران بازوؤں میں
coldness, upper limbs, sitting, while	2	COLDNESS, upper limbs, sitting, while		بیٹھے ہوئے	=اعضا (ہاتھ پاؤں) — ٹھنڈک، بیٹھے ہوئے بازوؤں میں
coldness, upper limbs, stiffness and numbness, with	2	COLDNESS, upper limbs, stiffness and numbness, with		کے ساتھ ⟨لفظی⟩	=اعضا (ہاتھ پاؤں) — ٹھنڈک، اکڑاؤ اور سن ہونے کے ساتھ بازوؤں میں
coldness, upper limbs, thrill, a cold, down arm	2	COLDNESS, upper limbs, thrill, a cold, down arm		نیچے کی جانب بازو ⟨لفظی⟩	=اعضا (ہاتھ پاؤں) — ٹھنڈک، بازو میں نیچے کی طرف ٹھنڈک کی لہر
coldness, upper limbs, walking in a warm room	2	COLDNESS, upper limbs, walking in a warm room			=اعضا (ہاتھ پاؤں) — ٹھنڈک، گرم کمرے میں چلتے ہوئے بازوؤں میں
coldness, upper limbs, water, as if dashed with cold	2	COLDNESS, upper limbs, water, as if dashed with cold		پانی ⟨لفظی⟩	=اعضا (ہاتھ پاؤں) — ٹھنڈک، جیسے بازوؤں پر ٹھنڈا پانی چھڑکا گیا ہو
coldness, upper limbs, wind, as from cold	2	COLDNESS, upper limbs, wind, as from cold		ہوا (تیز) — سردی جیسا	=اعضا (ہاتھ پاؤں) — ٹھنڈک، بازوؤں پر سرد ہوا جیسی ٹھنڈک
coldness, shoulder	1	COLDNESS, shoulder		کندھا	=اعضا (ہاتھ پاؤں) — ٹھنڈک، کندھے میں
coldness, shoulder, morning	2	COLDNESS, shoulder, morning		صبح	=اعضا (ہاتھ پاؤں) — ٹھنڈک، صبح کندھے میں
coldness, shoulder, evening	2	COLDNESS, shoulder, evening		شام	=اعضا (ہاتھ پاؤں) — ٹھنڈک، شام کو کندھے میں
coldness, shoulder, evening, 10 p.m.	3	COLDNESS, shoulder, evening, 10 p.m.		رات 10 بجے	=اعضا (ہاتھ پاؤں) — ٹھنڈک، رات 10 بجے کندھے میں
coldness, shoulder, evening, 9 p.m.	3	COLDNESS, shoulder, evening, 9 p.m.		رات 9 بجے	=اعضا (ہاتھ پاؤں) — ٹھنڈک، رات 9 بجے کندھے میں
coldness, shoulder, evening, supper, after	3	COLDNESS, shoulder, evening, supper, after		رات کے کھانے کے بعد	=اعضا (ہاتھ پاؤں) — ٹھنڈک، شام کے کھانے کے بعد کندھے میں
coldness, shoulder, eating, after	2	COLDNESS, shoulder, eating, after		کھانے کے بعد	=اعضا (ہاتھ پاؤں) — ٹھنڈک، کھانے کے بعد کندھے میں
coldness, shoulder, epilepsy, in	2	COLDNESS, shoulder, epilepsy, in		مرگی میں	=اعضا (ہاتھ پاؤں) — ٹھنڈک، مرگی کے دورے میں کندھے پر
coldness, shoulder, extending to small of back	2	COLDNESS, shoulder, extending to small of back		کمر کا نچلا حصے کی طرف پھیلتا	=اعضا (ہاتھ پاؤں) — ٹھنڈک، کندھے سے کمر کے نچلے حصے تک پھیلتی ہوئی
coldness, upper arm	1	COLDNESS, upper arm		بازو کا اوپر	=اعضا (ہاتھ پاؤں) — ٹھنڈک، بازو کے اوپری حصے میں
coldness, upper arm, burning, with	2	COLDNESS, upper arm, burning, with		جلن کے ساتھ	=اعضا (ہاتھ پاؤں) — ٹھنڈک، جلن کے ساتھ بازو کے اوپری حصے میں
coldness, upper arm, dinner, after	2	COLDNESS, upper arm, dinner, after		دوپہر کے کھانے کے بعد	=اعضا (ہاتھ پاؤں) — ٹھنڈک، دوپہر کے کھانے کے بعد بازو کے اوپری حصے میں
coldness, upper arm, eating, after	2	COLDNESS, upper arm, eating, after		کھانے کے بعد	=اعضا (ہاتھ پاؤں) — ٹھنڈک، کھانے کے بعد بازو کے اوپری حصے میں
coldness, upper arm, supper, after	2	COLDNESS, upper arm, supper, after		رات کے کھانے کے بعد	=اعضا (ہاتھ پاؤں) — ٹھنڈک، رات کے کھانے کے بعد بازو کے اوپری حصے میں
coldness, upper arm, wind, as if, blew on them	2	COLDNESS, upper arm, wind, as if, blew on them		تیز ہوا، گویا ⟨لفظی⟩	=اعضا (ہاتھ پاؤں) — ٹھنڈک، جیسے بازوؤں پر ٹھنڈی ہوا پھونکی گئی ہو
coldness, elbow	1	COLDNESS, elbow		کہنی	=اعضا (ہاتھ پاؤں) — ٹھنڈک، کہنی میں
coldness, elbow, extending to hands toward noon	2	COLDNESS, elbow, extending to hands toward noon			=اعضا (ہاتھ پاؤں) — ٹھنڈک، دوپہر کے قریب کہنی سے ہاتھوں تک پھیلتی ہوئی
coldness, elbow, olecranon	2	COLDNESS, elbow, olecranon		کہنی کی نوک	=اعضا (ہاتھ پاؤں) — ٹھنڈک، کہنی کی نوک پر
coldness, forearm	1	COLDNESS, forearm		کلائی سے کہنی	=اعضا (ہاتھ پاؤں) — کلائی سے کہنی تک کے حصے میں ٹھنڈک
coldness, forearm, right	2	COLDNESS, forearm, right		دایاں	=اعضا (ہاتھ پاؤں) — دائیں کلائی سے کہنی تک کے حصے میں ٹھنڈک
coldness, forearm, morning	2	COLDNESS, forearm, morning		صبح	=اعضا (ہاتھ پاؤں) — صبح کلائی سے کہنی تک کے حصے میں ٹھنڈک
coldness, forearm, morning, after rising	3	COLDNESS, forearm, morning, after rising		اٹھنے کے بعد	=اعضا (ہاتھ پاؤں) — صبح اٹھنے کے بعد کلائی سے کہنی تک کے حصے میں ٹھنڈک
coldness, forearm, icy cold	2	COLDNESS, forearm, icy cold		برف جیسا ٹھنڈا سردی	=اعضا (ہاتھ پاؤں) — کلائی سے کہنی تک کے حصے میں برف جیسی ٹھنڈک
coldness, forearm, menses, during	2	COLDNESS, forearm, menses, during		حیض کے دوران	=اعضا (ہاتھ پاؤں) — حیض کے دوران کلائی سے کہنی تک کے حصے میں ٹھنڈک
coldness, wrist	1	COLDNESS, wrist		کلائی	=اعضا (ہاتھ پاؤں) — ٹھنڈک، کلائی میں
coldness, wrist, puerperal fever	2	COLDNESS, wrist, puerperal fever		زچگی کے بعد کا بخار	=اعضا (ہاتھ پاؤں) — ٹھنڈک، زچگی کے بعد بخار میں کلائی پر
coldness, hands	1	COLDNESS, hands		ہاتھ	=اعضا (ہاتھ پاؤں) — ٹھنڈک، ہاتھوں میں
coldness, hands, right	2	COLDNESS, hands, right		دایاں	=اعضا (ہاتھ پاؤں) — ٹھنڈک، دائیں ہاتھ میں
coldness, hands, right, then left	3	COLDNESS, hands, right, then left		پھر بائیں	=اعضا (ہاتھ پاؤں) — ٹھنڈک، پہلے دائیں، پھر بائیں ہاتھ میں
coldness, hands, right, numbness of left	3	COLDNESS, hands, right, numbness of left		بائیں کا سن ہونا	=اعضا (ہاتھ پاؤں) — ٹھنڈک، دائیں ہاتھ میں، بائیں ہاتھ سن ہونے کے ساتھ
coldness, hands, right, warmth of left	3	COLDNESS, hands, right, warmth of left		بائیں کا گرماہٹ	=اعضا (ہاتھ پاؤں) — ٹھنڈک، دائیں ہاتھ میں، بائیں ہاتھ گرم ہونے کے ساتھ
coldness, hands, daytime	2	COLDNESS, hands, daytime		دن کے وقت	=اعضا (ہاتھ پاؤں) — ٹھنڈک، دن کے وقت ہاتھوں میں
coldness, hands, morning	2	COLDNESS, hands, morning		صبح	=اعضا (ہاتھ پاؤں) — ٹھنڈک، صبح ہاتھوں میں
coldness, hands, morning, after rising	3	COLDNESS, hands, morning, after rising		اٹھنے کے بعد	=اعضا (ہاتھ پاؤں) — ٹھنڈک، صبح اٹھنے کے بعد ہاتھوں میں
coldness, hands, morning, 7-30 a.m.	3	COLDNESS, hands, morning, 7-30 a.m.		صبح 7:30 بجے	=اعضا (ہاتھ پاؤں) — ٹھنڈک، صبح 7:30 بجے ہاتھوں میں
coldness, hands, morning, 8 a.m.	3	COLDNESS, hands, morning, 8 a.m.		صبح 8 بجے	=اعضا (ہاتھ پاؤں) — ٹھنڈک، صبح 8 بجے ہاتھوں میں
coldness, hands, morning, 8-30 a.m.	3	COLDNESS, hands, morning, 8-30 a.m.		صبح 8:30 بجے	=اعضا (ہاتھ پاؤں) — ٹھنڈک، صبح 8:30 بجے ہاتھوں میں
coldness, hands, forenoon	2	COLDNESS, hands, forenoon		دوپہر سے پہلے	=اعضا (ہاتھ پاؤں) — ٹھنڈک، دوپہر سے پہلے ہاتھوں میں
coldness, hands, forenoon, 9 a.m.	3	COLDNESS, hands, forenoon, 9 a.m.		صبح 9 بجے	=اعضا (ہاتھ پاؤں) — ٹھنڈک، صبح 9 بجے ہاتھوں میں
coldness, hands, forenoon, 10 a.m.	3	COLDNESS, hands, forenoon, 10 a.m.		صبح 10 بجے	=اعضا (ہاتھ پاؤں) — ٹھنڈک، صبح 10 بجے ہاتھوں میں
coldness, hands, noon	2	COLDNESS, hands, noon		دوپہر	=اعضا (ہاتھ پاؤں) — ٹھنڈک، دوپہر ہاتھوں میں
coldness, hands, afternoon	2	COLDNESS, hands, afternoon		سہ پہر	=اعضا (ہاتھ پاؤں) — ٹھنڈک، سہ پہر ہاتھوں میں
coldness, hands, afternoon, 1 p.m.	3	COLDNESS, hands, afternoon, 1 p.m.		دوپہر 1 بجے	=اعضا (ہاتھ پاؤں) — ٹھنڈک، دوپہر 1 بجے ہاتھوں میں
coldness, hands, afternoon, 2 p.m. to 3 p.m.	3	COLDNESS, hands, afternoon, 2 p.m. to 3 p.m.		دوپہر 2 سے 3 بجے تک	=اعضا (ہاتھ پاؤں) — ٹھنڈک، دوپہر 2 سے 3 بجے تک ہاتھوں میں
coldness, hands, afternoon, after 3 p.m.	3	COLDNESS, hands, afternoon, after 3 p.m.		دوپہر 3 بجوں کے بعد	=اعضا (ہاتھ پاؤں) — ٹھنڈک، دوپہر 3 بجے کے بعد ہاتھوں میں
coldness, hands, afternoon, 4 p.m.	3	COLDNESS, hands, afternoon, 4 p.m.		سہ پہر 4 بجے	=اعضا (ہاتھ پاؤں) — ٹھنڈک، سہ پہر 4 بجے ہاتھوں میں
coldness, hands, afternoon, 4-30 p.m.	3	COLDNESS, hands, afternoon, 4-30 p.m.			=اعضا (ہاتھ پاؤں) — ٹھنڈک، سہ پہر 4:30 بجے ہاتھوں میں
coldness, hands, afternoon, 5 p.m.	3	COLDNESS, hands, afternoon, 5 p.m.		سہ پہر 5 بجے	=اعضا (ہاتھ پاؤں) — ٹھنڈک، سہ پہر 5 بجے ہاتھوں میں
coldness, hands, evening	2	COLDNESS, hands, evening		شام	=اعضا (ہاتھ پاؤں) — ٹھنڈک، شام کو ہاتھوں میں
coldness, hands, evening, air, open	3	COLDNESS, hands, evening, air, open		کھلی ہوا	=اعضا (ہاتھ پاؤں) — ٹھنڈک، شام کو کھلی ہوا میں ہاتھوں کی ٹھنڈک
coldness, hands, evening, bed, in	3	COLDNESS, hands, evening, bed, in		بستر میں	=اعضا (ہاتھ پاؤں) — ٹھنڈک، شام کو بستر میں ہاتھوں کی ٹھنڈک
coldness, hands, evening, heat	3	COLDNESS, hands, evening, heat		گرمی	=اعضا (ہاتھ پاؤں) — ٹھنڈک، شام کو ہاتھوں میں گرمی کے ساتھ ٹھنڈک
coldness, hands, evening, heat, after	4	COLDNESS, hands, evening, heat, after		گرمی کے بعد	=اعضا (ہاتھ پاؤں) — ٹھنڈک، شام کو گرمی کے بعد ہاتھوں میں ٹھنڈک
coldness, hands, evening, heat, during	4	COLDNESS, hands, evening, heat, during		گرمی کے دوران	=اعضا (ہاتھ پاؤں) — ٹھنڈک، شام کو گرمی کے دوران ہاتھوں میں ٹھنڈک
coldness, hands, evening, 7 p.m.	3	COLDNESS, hands, evening, 7 p.m.		شام 7 بجے	=اعضا (ہاتھ پاؤں) — ٹھنڈک، شام 7 بجے ہاتھوں میں
