key	depth	en	ur
erysipelas	0	ERYSIPELAS	=سرخ بادہ (ایریسیپلس)
erysipelas, bites of insects, from	1	ERYSIPELAS, bites of insects, from	=سرخ بادہ (ایریسیپلس)، کیڑے کے کاٹنے سے
erysipelas, ear, right, beginning in	1	ERYSIPELAS, ear, right, beginning in	=سرخ بادہ (ایریسیپلس)، دائیں کان سے شروع ہو کر
erysipelas, erratic	1	ERYSIPELAS, erratic	=سرخ بادہ (ایریسیپلس)، جگہ بدلتا ہوا
erysipelas, extending to head	1	ERYSIPELAS, extending to head	=سرخ بادہ (ایریسیپلس)، سر تک پھیلتا ہوا
erysipelas, extending	1	ERYSIPELAS, extending	=سرخ بادہ (ایریسیپلس)، پھیلتا ہوا
erysipelas, extending, to body	2	ERYSIPELAS, extending, to body	=سرخ بادہ (ایریسیپلس)، جسم تک پھیلتا ہوا
erysipelas, extending, to ear	2	ERYSIPELAS, extending, to ear	=سرخ بادہ (ایریسیپلس)، کان تک پھیلتا ہوا
erysipelas, eye, around	1	ERYSIPELAS, eye, around	=سرخ بادہ (ایریسیپلس)، آنکھ کے گرد
erysipelas, gangrenous	1	ERYSIPELAS, gangrenous	=سرخ بادہ (ایریسیپلس)، گلنے کے ساتھ
erysipelas, left	1	ERYSIPELAS, left	=سرخ بادہ (ایریسیپلس)، بائیں طرف
erysipelas, left, to right	2	ERYSIPELAS, left, to right	=سرخ بادہ (ایریسیپلس)، بائیں سے دائیں
erysipelas, lip, lower, extending from	1	ERYSIPELAS, lip, lower, extending from	=سرخ بادہ (ایریسیپلس)، نچلے ہونٹ سے پھیلتا ہوا
erysipelas, nose	1	ERYSIPELAS, nose	=سرخ بادہ (ایریسیپلس)، ناک پر
erysipelas, nursing, while	1	ERYSIPELAS, nursing, while	=سرخ بادہ (ایریسیپلس)، دودھ پلانے کے دوران
erysipelas, oedematous	1	ERYSIPELAS, oedematous	=سرخ بادہ (ایریسیپلس)، سوجن بھرا
erysipelas, one side	1	ERYSIPELAS, one side	=سرخ بادہ (ایریسیپلس)، ایک طرف
erysipelas, periodic	1	ERYSIPELAS, periodic	=سرخ بادہ (ایریسیپلس)، وقفے وقفے سے
erysipelas, phlegmonous	1	ERYSIPELAS, phlegmonous	=سرخ بادہ (ایریسیپلس)، پیپ والی سوجن کے ساتھ
erysipelas, pregnancy, during	1	ERYSIPELAS, pregnancy, during	=سرخ بادہ (ایریسیپلس)، حمل کے دوران
erysipelas, rays, spreading like	1	ERYSIPELAS, rays, spreading like	=سرخ بادہ (ایریسیپلس)، شعاعوں کی طرح پھیلتا ہوا
erysipelas, recurrent	1	ERYSIPELAS, recurrent	=سرخ بادہ (ایریسیپلس)، بار بار لوٹتا ہوا
erysipelas, right	1	ERYSIPELAS, right	=سرخ بادہ (ایریسیپلس)، دائیں طرف
erysipelas, right, to left	2	ERYSIPELAS, right, to left	=سرخ بادہ (ایریسیپلس)، دائیں سے بائیں
erysipelas, scalp, and face	1	ERYSIPELAS, scalp, and face	=سرخ بادہ (ایریسیپلس)، سر اور چہرے پر
erysipelas, spot	1	ERYSIPELAS, spot	=سرخ بادہ (ایریسیپلس)، ایک دھبے کی صورت میں
erysipelas, vesicular	1	ERYSIPELAS, vesicular	=سرخ بادہ (ایریسیپلس)، آبلوں کے ساتھ
everted lips	0	EVERTED lips	=ہونٹ باہر کو پلٹے ہوئے
everted lips, swollen	1	EVERTED lips, swollen	=ہونٹ باہر کو پلٹے ہوئے، سوجے ہوئے
excoriated lips	0	EXCORIATED lips	=ہونٹ چھلے ہوئے
excoriated	0	EXCORIATED	=چھلا ہوا
excoriated, lips, from acrid saliva	1	EXCORIATED, lips, from acrid saliva	=چھلا ہوا، ہونٹ، چرپرے لعاب سے
excoriated, mouth, corners of	1	EXCORIATED, mouth, corners of	=چھلا ہوا، منہ کے کونوں پر
excoriated, nose, corners of	1	EXCORIATED, nose, corners of	=چھلا ہوا، ناک کے کونوں پر
exostosis	0	EXOSTOSIS	=ہڈی کا ابھار
exostosis, lower jaw	1	EXOSTOSIS, lower jaw	=ہڈی کا ابھار، نچلے جبڑے پر
exostosis, right cheek bone	1	EXOSTOSIS, right cheek bone	=ہڈی کا ابھار، دائیں گال کی ہڈی پر
expression	0	EXPRESSION	=چہرے کا تاثر
expression, anxious	1	EXPRESSION, anxious	=چہرے کا تاثر، بے چینی کے ساتھ
expression, anxious, cradle, when child is lifted from	2	EXPRESSION, anxious, cradle, when child is lifted from	=چہرے کا تاثر، بے چینی کے ساتھ، جب بچے کو جھولے سے اٹھایا جائے
expression, anxious, downward motion, during	2	EXPRESSION, anxious, downward motion, during	=چہرے کا تاثر، بے چینی کے ساتھ، نیچے جانے کے دوران
expression, anxious, cachectic	2	EXPRESSION, anxious, cachectic (See Sickly)	=چہرے کا تاثر، بے چینی کے ساتھ، نڈھال (بیمار سی شکل)
expression, astonished	1	EXPRESSION, astonished	=چہرے کا تاثر، حیران
expression, besotted	1	EXPRESSION, besotted	=چہرے کا تاثر، بے سُدھ (مدھم)
expression, bewildered	1	EXPRESSION, bewildered	=چہرے کا تاثر، گم سم
expression, changed	1	EXPRESSION, changed	=چہرے کا تاثر، بدلا ہوا
expression, childish	1	EXPRESSION, childish	=چہرے کا تاثر، بچوں جیسا
expression, cold, distant	1	EXPRESSION, cold, distant	=چہرے کا تاثر، سرد اور بے رُخ
expression, confused	1	EXPRESSION, confused	=چہرے کا تاثر، الجھا ہوا
expression, distressed	1	EXPRESSION, distressed	=چہرے کا تاثر، تکلیف زدہ
expression, fierce	1	EXPRESSION, fierce	=چہرے کا تاثر، غضبناک
expression, foolish	1	EXPRESSION, foolish	=چہرے کا تاثر، بے وقوف
expression, frightened	1	EXPRESSION, frightened	=چہرے کا تاثر، خوف زدہ
expression, frightened, when aroused	2	EXPRESSION, frightened, when aroused	=چہرے کا تاثر، خوف زدہ، جب جگایا جائے
expression, haggard	1	EXPRESSION, haggard	=چہرے کا تاثر، خستہ (تھکا ہارا)
expression, happy	1	EXPRESSION, happy	=چہرے کا تاثر، خوش
expression, idiotic	1	EXPRESSION, idiotic	=چہرے کا تاثر، بے عقل سا
expression, intoxicated	1	EXPRESSION, intoxicated	=چہرے کا تاثر، نشے میں
expression, old looking	1	EXPRESSION, old looking	=چہرے کا تاثر، عمر سے زیادہ بوڑھا
expression, old looking, sallow, wrinkled	2	EXPRESSION, old looking, sallow, wrinkled	=چہرے کا تاثر، عمر سے زیادہ بوڑھا، زردی مائل، جھریوں والا
expression, pinched	1	EXPRESSION, pinched	=چہرے کا تاثر، سکڑا ہوا
expression, sickly	1	EXPRESSION, sickly	=چہرے کا تاثر، بیمار سا
expression, sleepy	1	EXPRESSION, sleepy	=چہرے کا تاثر، نیند بھرا
expression, stupid	1	EXPRESSION, stupid	=چہرے کا تاثر، مدھم عقل
expression, suffering	1	EXPRESSION, suffering	=چہرے کا تاثر، تکلیف میں
expression, sullen	1	EXPRESSION, sullen	=چہرے کا تاثر، چڑچڑا (منہ لٹکائے)
expression, tired	1	EXPRESSION, tired	=چہرے کا تاثر، تھکا ہوا
expression, vacant	1	EXPRESSION, vacant	=چہرے کا تاثر، بھولا (بے کیف)
expression, wild	1	EXPRESSION, wild (See Eyes)	=چہرے کا تاثر، وحشی
falling of whiskers	0	FALLING of whiskers	=داڑھی مونچھ کا گرنا
falling of whiskers, grief, after	1	FALLING of whiskers, grief, after	=داڑھی مونچھ کا گرنا، غم کے بعد
falling of	0	FALLING of	=گرنا
falling of, mustache	1	FALLING of, mustache	=گرنا، مونچھوں کا
flushed	0	FLUSHED (See Discoloration)	=سرخی (بھڑک اٹھنا)
formication	0	FORMICATION (See Skin)	=چیونٹیاں رینگنے کا احساس
formication, chin, on	1	FORMICATION (See Skin), chin, on	=چیونٹیاں رینگنے کا احساس، ٹھوڑی پر
formication, lips	1	FORMICATION (See Skin), lips	=چیونٹیاں رینگنے کا احساس، ہونٹوں پر
formication, lips, menses, during	2	FORMICATION (See Skin), lips, menses, during	=چیونٹیاں رینگنے کا احساس، ہونٹوں پر، حیض کے دوران
formication, lower jaw	1	FORMICATION (See Skin), lower jaw	=چیونٹیاں رینگنے کا احساس، نچلے جبڑے پر
formication, right side	1	FORMICATION (See Skin), right side	=چیونٹیاں رینگنے کا احساس، دائیں طرف
freckles	0	FRECKLES	=چھائیاں (جھائیاں)
frowning	0	FROWNING (See Wrinkled)	=تیوری چڑھائے ہوئے
fullness	0	FULLNESS	=بھراؤ (بھرا بھرا لگنا)
fullness, mental exertion, after	1	FULLNESS, mental exertion, after	=بھراؤ (بھرا بھرا لگنا)، ذہنی محنت کے بعد
fungus growth	0	FUNGUS growth	=پھپھوندی کا اُگنا
fungus growth, lower jaw	1	FUNGUS growth, lower jaw	=پھپھوندی کا اُگنا، نچلے جبڑے پر
gangrene	0	GANGRENE (See Erysipelas)	=گلنا (گینگرین)
glowing	0	GLOWING (See Discoloration)	=چمکتا ہوا
greasy	0	GREASY	=تیل جیسا چکنا
greasy, forehead	1	GREASY, forehead	=تیل جیسا چکنا، ماتھے پر
greasy, lips	1	GREASY, lips	=تیل جیسا چکنا، ہونٹوں پر
haggard	0	HAGGARD (See Expression)	=خستہ (تھکا ہارا)
hair	0	HAIR	=بال
hair, growth of, child's face	1	HAIR, growth of, child's face	=بال، بچے کے چہرے پر اُگنا
hairs	0	HAIRS	=بال
hairs, sensation of	1	HAIRS, sensation of	=بالوں کا احساس
hanging down of jaw	0	HANGING down of jaw (See Dropping)	=جبڑے کا لٹک جانا
hardness	0	HARDNESS (See Induration)	=سختی
heat	0	HEAT	=گرمی
heat, afternoon	1	HEAT, afternoon	=گرمی، سہ پہر
heat, afternoon, 1 p.m.	2	HEAT, afternoon, 1 p.m.	=گرمی، سہ پہر، سہ پہر 1 بجے
heat, afternoon, 2 p.m.	2	HEAT, afternoon, 2 p.m.	=گرمی، سہ پہر، سہ پہر 2 بجے
heat, afternoon, 2-30 p.m.	2	HEAT, afternoon, 2-30 p.m.	=گرمی، سہ پہر، سہ پہر 2:30 بجے
heat, afternoon, 3 p.m.	2	HEAT, afternoon, 3 p.m.	=گرمی، سہ پہر، سہ پہر 3 بجے
heat, afternoon, 4 p.m.	2	HEAT, afternoon, 4 p.m.	=گرمی، سہ پہر، سہ پہر 4 بجے
heat, afternoon, 5 p.m.	2	HEAT, afternoon, 5 p.m.	=گرمی، سہ پہر، سہ پہر 5 بجے
heat, afternoon, 6 p.m.	2	HEAT, afternoon, 6 p.m.	=گرمی، شام 6 بجے
heat, air	1	HEAT, air	=گرمی، ہوا
heat, air, in open agg.	2	HEAT, air, in open agg.	=گرمی، کھلی ہوا میں بگاڑ
heat, air, in open, amel.	2	HEAT, air, in open, amel.	=گرمی، کھلی ہوا میں آرام
heat, air, side exposed to air	2	HEAT, air, side exposed to air	=گرمی، ہوا کے سامنے والا پہلو
heat, alternating with cold body	1	HEAT, alternating with cold body	=گرمی، باری باری، جسم ٹھنڈا ہونے کے ساتھ
heat, anxiety, during	1	HEAT, anxiety, during	=گرمی، بے چینی کے دوران
heat, bed	1	HEAT, bed	=گرمی، بستر
heat, bed, in agg.	2	HEAT, bed, in agg.	=گرمی، بستر میں بگاڑ
heat, bed, in, amel.	2	HEAT, bed, in, amel.	=گرمی، بستر میں آرام
heat, burning	1	HEAT, burning	=گرمی، جلتا ہوا
heat, burning, and redness of left side	2	HEAT, burning, and redness of left side	=گرمی، جلتا ہوا، بائیں طرف سرخی کے ساتھ
heat, chill	1	HEAT, chill	=گرمی، سردی لگنے کے ساتھ
heat, chill, before	2	HEAT, chill, before	=گرمی، سردی لگنے سے پہلے
heat, chill, during	2	HEAT, chill, during	=گرمی، سردی لگنے کے دوران
heat, chilliness, during	1	HEAT, chilliness, during	=گرمی، سردی محسوس ہونے کے دوران
heat, chin	1	HEAT, chin	=گرمی، ٹھوڑی پر
heat, coffee, after	1	HEAT, coffee, after	=گرمی، کافی کے بعد
heat, cold one side, the other hot	1	HEAT, cold one side, the other hot	=گرمی، ایک طرف ٹھنڈا، دوسری طرف گرم
heat, cold room, in	1	HEAT, cold room, in	=گرمی، سرد کمرے میں
heat, cold	1	HEAT, cold	=گرمی، ٹھنڈا
heat, cold, body, with	2	HEAT, cold, body, with	=گرمی، ٹھنڈا، جسم بھی ٹھنڈا
heat, cold, feet, with	2	HEAT, cold, feet, with	=گرمی، پاؤں ٹھنڈے
heat, cold, hands	2	HEAT, cold, hands	=گرمی، ہاتھ ٹھنڈے
heat, cold, limbs	2	HEAT, cold, limbs	=گرمی، ہاتھ پاؤں ٹھنڈے
heat, cold, nose, with	2	HEAT, cold, nose, with	=گرمی، ناک ٹھنڈی
heat, cold, one cheek cold and red, the other hot and pale	2	HEAT, cold, one cheek cold and red, the other hot and pale	=گرمی، ایک گال ٹھنڈا اور سرخ، دوسرا گرم اور زرد
heat, coryza, during	1	HEAT, coryza, during	=گرمی، زکام کے دوران
heat, daytime	1	HEAT, daytime	=گرمی، دن کے وقت
heat, dinner	1	HEAT, dinner	=گرمی، دوپہر کا کھانا
heat, dinner, after	2	HEAT, dinner, after	=گرمی، دوپہر کے کھانے کے بعد
heat, dinner, during	2	HEAT, dinner, during	=گرمی، دوپہر کے کھانے کے دوران
heat, drinking	1	HEAT, drinking	=گرمی، پینے پر
heat, drinking, after	2	HEAT, drinking, after	=گرمی، پینے کے بعد
heat, drinking, after warm drinks	2	HEAT, drinking, after warm drinks	=گرمی، گرم مشروبات پینے کے بعد
heat, eating	1	HEAT, eating	=گرمی، کھانے کے ساتھ
heat, eating, after	2	HEAT, eating, after	=گرمی، کھانے کے بعد
heat, eating, while	2	HEAT, eating, while	=گرمی، کھاتے ہوئے
heat, evening	1	HEAT, evening	=گرمی، شام
heat, evening, 10 p.m.	2	HEAT, evening, 10 p.m.	=گرمی، رات 10 بجے
heat, evening, 6 p.m.	2	HEAT, evening, 6 p.m.	=گرمی، شام 6 بجے
heat, evening, 7 p.m.	2	HEAT, evening, 7 p.m.	=گرمی، شام 7 بجے
heat, evening, 8 p.m.	2	HEAT, evening, 8 p.m.	=گرمی، شام 8 بجے
heat, evening, 9 p.m.	2	HEAT, evening, 9 p.m.	=گرمی، رات 9 بجے
heat, evening, chilliness, during	2	HEAT, evening, chilliness, during	=گرمی، شام، سردی محسوس ہونے کے دوران
heat, evening, lying, after	2	HEAT, evening, lying, after	=گرمی، شام، لیٹنے کے بعد
heat, exertion, during	1	HEAT, exertion, during	=گرمی، محنت کے دوران
heat, flashes	1	HEAT, flashes	=گرمی، لپٹیں (گرمی کی لہریں)
heat, flashes, chilliness, with	2	HEAT, flashes, chilliness, with	=گرمی، لپٹیں، سردی محسوس ہونے کے ساتھ
heat, flashes, climaxis, during	2	HEAT, flashes, climaxis, during	=گرمی، لپٹیں، سنِ یاس کے دوران
heat, flashes, coughing	2	HEAT, flashes, coughing	=گرمی، لپٹیں، کھانسنے پر
heat, flashes, evening	2	HEAT, flashes, evening	=گرمی، لپٹیں، شام
heat, flashes, left	2	HEAT, flashes, left	=گرمی، لپٹیں، بائیں
heat, flashes, motion, on	2	HEAT, flashes, motion, on	=گرمی، لپٹیں، حرکت پر
heat, flashes, shivering, with	2	HEAT, flashes, shivering, with	=گرمی، لپٹیں، کپکپی کے ساتھ
heat, flashes, sudden	2	HEAT, flashes, sudden	=گرمی، لپٹیں، اچانک
heat, flushes	1	HEAT, flushes	=گرمی، لہریں
heat, flushes, afternoon	2	HEAT, flushes, afternoon	=گرمی، لہریں، سہ پہر
heat, flushes, alternating with chills	2	HEAT, flushes, alternating with chills	=گرمی، لہریں، باری باری سردی کے دوروں کے ساتھ
heat, flushes, evening, 6 p.m.	2	HEAT, flushes, evening, 6 p.m.	=گرمی، لہریں، شام 6 بجے
heat, forenoon	1	HEAT, forenoon	=گرمی، دوپہر سے پہلے
heat, forenoon, 11 a.m.	2	HEAT, forenoon, 11 a.m.	=گرمی، صبح 11 بجے
heat, forenoon, 8 a.m.	2	HEAT, forenoon, 8 a.m.	=گرمی، صبح 8 بجے
heat, forenoon, 9 a.m.	2	HEAT, forenoon, 9 a.m.	=گرمی، صبح 9 بجے
heat, forenoon, 9 a.m. to 4 p.m.	2	HEAT, forenoon, 9 a.m. to 4 p.m.	=گرمی، صبح 9 سے سہ پہر 4 بجے تک
heat, headache, with	1	HEAT, headache, with	=گرمی، سر درد کے ساتھ
heat, heart, constriction of	1	HEAT, heart, constriction of	=گرمی، دل میں جکڑن کے ساتھ
heat, labor, during	1	HEAT, labor, during	=گرمی، دردِ زہ کے دوران
heat, left	1	HEAT, left	=گرمی، بائیں
heat, lips	1	HEAT, lips	=گرمی، ہونٹوں پر
heat, lips, burning heat	2	HEAT, lips, burning heat	=گرمی، ہونٹوں پر، جلتا ہوا گرم
heat, lips, upper	2	HEAT, lips, upper	=گرمی، اوپر کے ہونٹ پر
heat, lying	1	HEAT, lying	=گرمی، لیٹنے پر
heat, lying, after lying down	2	HEAT, lying, after lying down	=گرمی، لیٹنے کے بعد
heat, lying, while	2	HEAT, lying, while	=گرمی، لیٹے ہوئے
heat, maniacal rage, with	1	HEAT, maniacal rage, with	=گرمی، جنونی غیظ کے ساتھ
heat, menses	1	HEAT, menses	=گرمی، حیض
heat, menses, before	2	HEAT, menses, before	=گرمی، حیض سے پہلے
heat, menses, during	2	HEAT, menses, during	=گرمی، حیض کے دوران
heat, mental exertion	1	HEAT, mental exertion	=گرمی، ذہنی محنت سے
heat, midnight	1	HEAT, midnight	=گرمی، آدھی رات
heat, morning	1	HEAT, morning	=گرمی، صبح
heat, morning, rising, on	2	HEAT, morning, rising, on	=گرمی، صبح اٹھنے پر
heat, morning, until 3 p.m.	2	HEAT, morning, until 3 p.m.	=گرمی، صبح سے سہ پہر 3 بجے تک
heat, motion	1	HEAT, motion	=گرمی، حرکت
heat, motion, after	2	HEAT, motion, after	=گرمی، حرکت کے بعد
heat, motion, during	2	HEAT, motion, during	=گرمی، حرکت کے دوران
heat, night	1	HEAT, night	=گرمی، رات
heat, night, waking, on	2	HEAT, night, waking, on	=گرمی، رات جاگنے پر
heat, noon	1	HEAT, noon	=گرمی، دوپہر
heat, one-sided	1	HEAT, one-sided	=گرمی، ایک طرف
heat, painful part	1	HEAT, painful part	=گرمی، دکھتے حصے میں
heat, palpitation, during	1	HEAT, palpitation, during	=گرمی، دل کی دھڑکن کے ساتھ
heat, parotid gland	1	HEAT, parotid gland	=گرمی، کنپٹی کے غدود میں
heat, periodic	1	HEAT, periodic	=گرمی، وقفے وقفے سے
heat, reading, while	1	HEAT, reading, while	=گرمی، پڑھتے ہوئے
heat, right	1	HEAT, right	=گرمی، دائیں
heat, right, then left	2	HEAT, right, then left	=گرمی، پہلے دائیں، پھر بائیں
heat, rising from a seat	1	HEAT, rising from a seat	=گرمی، کرسی سے اٹھنے پر
heat, room	1	HEAT, room	=گرمی، کمرے میں
heat, room, entering room, from open air, on	2	HEAT, room, entering room, from open air, on	=گرمی، کھلی ہوا سے کمرے میں داخل ہونے پر
heat, room, in	2	HEAT, room, in	=گرمی، کمرے میں
heat, sensation of	1	HEAT, sensation of	=گرمی، گرمی کا احساس
heat, sensation of, when cold to touch	2	HEAT, sensation of, when cold to touch	=گرمی، چھونے میں ٹھنڈا ہونے پر بھی گرمی کا احساس
heat, shuddering, with	1	HEAT, shuddering, with	=گرمی، جھرجھری کے ساتھ
heat, side not lain on	1	HEAT, side not lain on	=گرمی، جس پہلو پر نہ لیٹے
heat, sitting, while	1	HEAT, sitting, while	=گرمی، بیٹھے ہوئے
heat, sleep, during	1	HEAT, sleep, during	=گرمی، نیند کے دوران
heat, smoking	1	HEAT, smoking	=گرمی، سگریٹ نوشی
heat, sneezing, when	1	HEAT, sneezing, when	=گرمی، چھینک کے وقت
heat, standing, while	1	HEAT, standing, while	=گرمی، کھڑے ہوئے
heat, stool during	1	HEAT, stool during	=گرمی، پاخانے کے دوران
heat, stooping, after	1	HEAT, stooping, after	=گرمی، جھکنے کے بعد
heat, supper, after	1	HEAT, supper, after	=گرمی، رات کے کھانے کے بعد
heat, talking, after	1	HEAT, talking, after	=گرمی، بات کرنے کے بعد
heat, vexation, after	1	HEAT, vexation, after	=گرمی، کوفت کے بعد
heat, waking, on	1	HEAT, waking, on	=گرمی، جاگنے پر
heat, walking	1	HEAT, walking	=گرمی، چلنے پر
heat, walking, after	2	HEAT, walking, after	=گرمی، چلنے کے بعد
heat, walking, amel.	2	HEAT, walking, amel.	=گرمی، چلنے سے آرام
heat, walking, while agg.	2	HEAT, walking, while agg.	=گرمی، چلتے ہوئے بگاڑ
heat, warm room	1	HEAT, warm room	=گرمی، گرم کمرے میں
heat, wash in cold water, desire to	1	HEAT, wash in cold water, desire to	=گرمی، ٹھنڈے پانی سے منہ دھونے کی خواہش
heat, washing with cold water, after	1	HEAT, washing with cold water, after	=گرمی، ٹھنڈے پانی سے دھونے کے بعد
heat, wine, after	1	HEAT, wine, after	=گرمی، شراب کے بعد
heat, writing, while	1	HEAT, writing, while	=گرمی، لکھتے ہوئے
heat, yawning, after	1	HEAT, yawning, after	=گرمی، جمائی کے بعد
heat, climaxis, during	1	HEAT, climaxis, during (See Flashes)	=گرمی، سنِ یاس کے دوران
heavy feeling	0	HEAVY feeling	=بھاری احساس
heavy feeling, lower lip	1	HEAVY feeling, lower lip	=بھاری احساس، نچلے ہونٹ میں
heavy feeling, upper lip	1	HEAVY feeling, upper lip	=بھاری احساس، اوپر کے ہونٹ میں
hippocratic	0	HIPPOCRATIC (See Sunken)	=ہپوکریٹک (دھنسی ہوئی شکل)
indurations	0	INDURATIONS	=سختیاں
indurations, cheeks	1	INDURATIONS, cheeks	=سختیاں، گالوں میں
indurations, forehead	1	INDURATIONS, forehead	=سختیاں، ماتھے میں
indurations, lips	1	INDURATIONS, lips	=سختیاں، ہونٹوں میں
indurations, lips, sense of	2	INDURATIONS, lips, sense of	=سختیاں، ہونٹوں میں، احساسِ سختی
indurations, lips, upper	2	INDURATIONS, lips, upper	=سختیاں، اوپر کے ہونٹ میں
indurations, lower jaw, periosteal	1	INDURATIONS, lower jaw, periosteal	=سختیاں، نچلے جبڑے میں، ہڈی کی جھلی کی
indurations, mouth, corners	1	INDURATIONS, mouth, corners	=سختیاں، منہ کے کونوں پر
indurations, parotid gland	1	INDURATIONS, parotid gland	=سختیاں، کنپٹی کے غدود میں
indurations, parotid gland, right	2	INDURATIONS, parotid gland, right	=سختیاں، کنپٹی کے دائیں غدود میں
indurations, red, hard lumps	1	INDURATIONS, red, hard lumps	=سختیاں، سرخ، سخت ڈلیاں
indurations, submaxillary gland	1	INDURATIONS, submaxillary gland	=سختیاں، جبڑے کے نیچے کے غدود میں
indurations, submental gland	1	INDURATIONS, submental gland	=سختیاں، ٹھوڑی کے نیچے کے غدود میں
indurations, temples	1	INDURATIONS, temples	=سختیاں، کنپٹیوں میں
inflammation	0	INFLAMMATION	=سوزش
inflammation, bone of	1	INFLAMMATION, bone of	=سوزش، ہڈی کی
inflammation, lips	1	INFLAMMATION, lips	=سوزش، ہونٹوں کی
inflammation, lips, left upper	2	INFLAMMATION, lips, left upper	=سوزش، بائیں اوپر کے ہونٹ کی
inflammation, parotid gland	1	INFLAMMATION, parotid gland	=سوزش، کنپٹی کے غدود کی
inflammation, parotid gland, gangrenous	2	INFLAMMATION, parotid gland, gangrenous	=سوزش، کنپٹی کے غدود کی، گلنے کے ساتھ
inflammation, parotid gland, left	2	INFLAMMATION, parotid gland, left	=سوزش، کنپٹی کے غدود کی، بائیں طرف
inflammation, parotid gland, metastasis to mammae	2	INFLAMMATION, parotid gland, metastasis to mammae	=سوزش، کنپٹی کے غدود کی، پستانوں میں منتقل ہو جانے کے ساتھ
inflammation, parotid gland, metastasis to, testes	2	INFLAMMATION, parotid gland, metastasis to, testes	=سوزش، کنپٹی کے غدود کی، خصیوں میں منتقل ہو جانے کے ساتھ
inflammation, parotid gland, right	2	INFLAMMATION, parotid gland, right	=سوزش، کنپٹی کے غدود کی، دائیں طرف
inflammation, parotid gland, right, then left	3	INFLAMMATION, parotid gland, right, then left	=سوزش، کنپٹی کے غدود کی، دائیں طرف، پھر بائیں
inflammation, parotid gland, suppuration, with	2	INFLAMMATION, parotid gland, suppuration, with	=سوزش، کنپٹی کے غدود کی، پیپ پڑنے کے ساتھ
inflammation, periosteum	1	INFLAMMATION, periosteum	=سوزش، ہڈی کی جھلی کی
inflammation, periosteum, lower jaw	2	INFLAMMATION, periosteum, lower jaw	=سوزش، نچلے جبڑے کی ہڈی کی جھلی کی
inflammation, sublingual gland	1	INFLAMMATION, sublingual gland	=سوزش، زبان کے نیچے کے غدود کی
inflammation, submaxillary gland	1	INFLAMMATION, submaxillary gland	=سوزش، جبڑے کے نیچے کے غدود کی
involuntarily	0	INVOLUNTARILY	=بے اختیار
involuntarily, mouth opens	1	INVOLUNTARILY, mouth opens	=بے اختیار، منہ کھل جاتا ہے
itching	0	ITCHING (See Skin)	=خارش
itching, afternoon	1	ITCHING (See Skin), afternoon	=خارش، سہ پہر
itching, biting	1	ITCHING (See Skin), biting	=خارش، کاٹتی ہوئی
itching, changes place on scratching	1	ITCHING (See Skin), changes place on scratching	=خارش، کھجانے پر جگہ بدلتی ہے
itching, cheeks	1	ITCHING (See Skin), cheeks	=خارش، گالوں میں
itching, chin	1	ITCHING (See Skin), chin	=خارش، ٹھوڑی پر
itching, evening	1	ITCHING (See Skin), evening	=خارش، شام
itching, evening, 7 p.m.	2	ITCHING (See Skin), evening, 7 p.m.	=خارش، شام 7 بجے
itching, eyes, under	1	ITCHING (See Skin), eyes, under	=خارش، آنکھوں کے نیچے
itching, forenoon	1	ITCHING (See Skin), forenoon	=خارش، دوپہر سے پہلے
itching, forenoon, 10 a.m.	2	ITCHING (See Skin), forenoon, 10 a.m.	=خارش، صبح 10 بجے
itching, forenoon, 11 a.m.	2	ITCHING (See Skin), forenoon, 11 a.m.	=خارش، صبح 11 بجے
itching, frost bitten, as if	1	ITCHING (See Skin), frost bitten, as if	=خارش، جیسے پالا لگا ہو
itching, lips	1	ITCHING (See Skin), lips	=خارش، ہونٹوں پر
itching, lips, lower	2	ITCHING (See Skin), lips, lower	=خارش، نچلے ہونٹ پر
itching, lips, upper	2	ITCHING (See Skin), lips, upper	=خارش، اوپر کے ہونٹ پر
itching, lower jaw, biting, burning	1	ITCHING (See Skin), lower jaw, biting, burning	=خارش، نچلے جبڑے پر، کاٹتی ہوئی، جلتی ہوئی
itching, mouth, around	1	ITCHING (See Skin), mouth, around	=خارش، منہ کے گرد
itching, night	1	ITCHING (See Skin), night	=خارش، رات
itching, pain, following	1	ITCHING (See Skin), pain, following	=خارش، درد کے بعد
itching, right	1	ITCHING (See Skin), right	=خارش، دائیں طرف
itching, rubbing amel.	1	ITCHING (See Skin), rubbing amel.	=خارش، ملنے سے آرام
itching, scratching amel.	1	ITCHING (See Skin), scratching amel.	=خارش، کھجانے سے آرام
itching, stinging	1	ITCHING (See Skin), stinging	=خارش، ڈنک جیسی
itching, touched, when	1	ITCHING (See Skin), touched, when	=خارش، چھونے پر
itching, warm, on becoming	1	ITCHING (See Skin), warm, on becoming	=خارش، گرم ہونے پر
itching, whiskers	1	ITCHING (See Skin), whiskers	=خارش، داڑھی مونچھ میں
itching, writing, when	1	ITCHING (See Skin), writing, when	=خارش، لکھتے وقت
itching, forehead	1	ITCHING (See Skin), forehead (See Head)	=خارش، ماتھے پر
jaundice	0	JAUNDICE (See Discoloration)	=یرقان
jerking	0	JERKING (See Twitching)	=جھٹکے
large sensation of being	0	LARGE sensation of being	=بڑا ہونے کا احساس
large sensation of being, after dinner	1	LARGE sensation of being, after dinner	=بڑا ہونے کا احساس، دوپہر کے کھانے کے بعد
large	0	LARGE	=بڑا
large, sensation of being	1	LARGE, sensation of being	=بڑا، جیسے چہرہ بڑا ہو گیا ہو
linea nasalis	0	LINEA nasalis	=ناک کی لکیر (لِینیا ناسالیس)
lockjaw	0	LOCKJAW	=جبڑے کا تالا (لاک جاز)
lockjaw, menses, during	1	LOCKJAW, menses, during	=جبڑے کا تالا (لاک جاز)، حیض کے دوران
lockjaw, morning, on waking	1	LOCKJAW, morning, on waking	=جبڑے کا تالا (لاک جاز)، صبح جاگنے پر
long	0	LONG	=لمبا
long, sensation as if elongated	1	LONG, sensation as if elongated	=لمبا، جیسے لمبا ہو گیا ہو
long, sensation as if elongated, of chin	2	LONG, sensation as if elongated, of chin	=لمبا، جیسے لمبا ہو گیا ہو، ٹھوڑی
lumps	0	LUMPS (See Indurations)	=ڈلیاں
marbled skin	0	MARBLED skin (See Discoloration, Veins)	=سنگِ مرمر جیسی جلد
membrane on lips	0	MEMBRANE on lips	=ہونٹوں پر جھلی
membrane	0	MEMBRANE	=جھلی
membrane, corners of mouth	1	MEMBRANE, corners of mouth	=جھلی، منہ کے کونوں پر
motion of jaw	0	MOTION of jaw (See Chewing)	=جبڑے کی حرکت
necrosis of lower jaw	0	NECROSIS of lower jaw	=نچلے جبڑے کی ہڈی کا گلنا
necrosis of	0	NECROSIS of	=ہڈی کا گلنا
necrosis of, upper jaw	1	NECROSIS of, upper jaw	=ہڈی کا گلنا، اوپر کے جبڑے کی
nodosities	0	NODOSITIES	=گٹھلیاں
nodosities, chin, on	1	NODOSITIES, chin, on	=گٹھلیاں، ٹھوڑی پر
nodosities, lips	1	NODOSITIES, lips	=گٹھلیاں، ہونٹوں پر
nodosities, lower jaw	1	NODOSITIES, lower jaw	=گٹھلیاں، نچلے جبڑے پر
nodosities, mouth, corner of	1	NODOSITIES, mouth, corner of	=گٹھلیاں، منہ کے کونے پر
numbness	0	NUMBNESS	=سن ہونا
numbness, affected side	1	NUMBNESS, affected side	=سن ہونا، متاثرہ طرف
numbness, cheek	1	NUMBNESS, cheek	=سن ہونا، گال میں
numbness, cheek, following pain	2	NUMBNESS, cheek, following pain	=سن ہونا، گال میں، درد کے بعد
numbness, chin	1	NUMBNESS, chin	=سن ہونا، ٹھوڑی میں
numbness, jaw	1	NUMBNESS, jaw	=سن ہونا، جبڑے میں
numbness, left	1	NUMBNESS, left	=سن ہونا، بائیں
numbness, lips	1	NUMBNESS, lips	=سن ہونا، ہونٹوں میں
numbness, lips, lower	2	NUMBNESS, lips, lower	=سن ہونا، نچلے ہونٹ میں
numbness, lips, morning on waking	2	NUMBNESS, lips, morning on waking	=سن ہونا، ہونٹوں میں، صبح جاگنے پر
numbness, lips, upper	2	NUMBNESS, lips, upper	=سن ہونا، اوپر کے ہونٹ میں
numbness, mouth, about	1	NUMBNESS, mouth, about	=سن ہونا، منہ کے گرد
numbness, right	1	NUMBNESS, right	=سن ہونا، دائیں
numbness, right, chill, during	2	NUMBNESS, right, chill, during	=سن ہونا، دائیں، سردی لگنے کے دوران
numbness, zygoma	1	NUMBNESS, zygoma	=سن ہونا، گال کی ہڈی میں
oily	0	OILY (See Greasy)	=تیل والا
old looking	0	OLD looking (See Expression)	=عمر سے زیادہ بوڑھا
