key	depth	en	tur
abscess	0	ABSCESS	=گردے — پھوڑا
addison's disease	0	ADDISON'S disease	=گردے — ایڈیسن کا مرض
bubbling sensation in region of	0	BUBBLING sensation in region of	=گردے — علاقے میں بلبلوں کی آواز کا احساس
catarrh	0	CATARRH	=گردے — نزلہ (کیٹار)
cold sensation	0	COLD sensation	=گردے — ٹھنڈک کا احساس
cold sensation, region of	1	COLD sensation, region of	=گردے — ٹھنڈک کا احساس، گردوں کے علاقے میں
fluttering sensation	0	FLUTTERING sensation	=گردے — پھڑپھڑاہٹ کا احساس
fluttering sensation, region of	1	FLUTTERING sensation, region of	=گردے — پھڑپھڑاہٹ کا احساس، گردوں کے علاقے میں
formication	0	FORMICATION	=گردے — چیونٹیاں رینگنے کا احساس
formication, region of	1	FORMICATION, region of	=گردے — چیونٹیاں رینگنے کا احساس، گردوں کے علاقے میں
heat	0	HEAT	=گردے — گرمی
heat, extending to bladder	1	HEAT, extending to bladder	=گردے — گرمی، مثانے تک پھیلتی ہوئی
heat, region of	1	HEAT, region of	=گردے — گرمی، گردوں کے علاقے میں
heat, region of, sitting, while	2	HEAT, region of, sitting, while	=گردے — گرمی، گردوں کے علاقے میں، بیٹھے ہوئے
heaviness	0	HEAVINESS	=گردے — بھاری پن
heaviness, morning	1	HEAVINESS, morning	=گردے — بھاری پن، صبح
heaviness, morning, waking, on	2	HEAVINESS, morning, waking, on	=گردے — بھاری پن، صبح جاگتے ہی
heaviness, region of	1	HEAVINESS, region of	=گردے — بھاری پن، گردوں کے علاقے میں
heaviness, region of, afternoon	2	HEAVINESS, region of, afternoon	=گردے — بھاری پن، گردوں کے علاقے میں، سہ پہر
heaviness, region of, evening	2	HEAVINESS, region of, evening	=گردے — بھاری پن، گردوں کے علاقے میں، شام
heaviness, region of, night	2	HEAVINESS, region of, night	=گردے — بھاری پن، گردوں کے علاقے میں، رات
heaviness, region of, night, motion agg.	3	HEAVINESS, region of, night, motion agg.	=گردے — بھاری پن، گردوں کے علاقے میں، رات، حرکت سے بگاڑ
heaviness, sitting agg.	1	HEAVINESS, sitting agg.	=گردے — بھاری پن، بیٹھنے سے بگاڑ
inflammation	0	INFLAMMATION	=گردے — سوزش
inflammation, acute parenchymatous	1	INFLAMMATION, acute parenchymatous	=گردے — سوزش، شدید، گردے کے خلیوں کی (پیرینکائمٹس)
inflammation, bloody, ink-like, albuminous urine, with	1	INFLAMMATION, bloody, ink-like, albuminous urine, with	=گردے — سوزش، خون آلود، سیاہی جیسے، البومن والے پیشاب کے ساتھ
inflammation, cardiac and hepatic affections, with	1	INFLAMMATION, cardiac and hepatic affections, with	=گردے — سوزش، دل اور جگر کے امراض کے ساتھ
inflammation, suppurative	1	INFLAMMATION, suppurative	=گردے — سوزش، پیپ بنانے والی
inflammation, toxaemic	1	INFLAMMATION, toxaemic	=گردے — سوزش، زہریلی (ٹاکسیمک)
inflammation, ureters	1	INFLAMMATION, ureters	=گردے — سوزش، حالب (یوریٹر) کی
lameness	0	LAMENESS	=گردے — لنگڑاہٹ
lameness, region of	1	LAMENESS, region of	=گردے — لنگڑاہٹ، گردوں کے علاقے میں
lameness, region of, left, with cramp, extending into thighs	2	LAMENESS, region of, left, with cramp, extending into thighs	=گردے — لنگڑاہٹ، گردوں کے علاقے میں، بائیں طرف، اینٹھن کے ساتھ، رانوں تک پھیلتی ہوئی
lameness, region of, waking, on	2	LAMENESS, region of, waking, on	=گردے — لنگڑاہٹ، گردوں کے علاقے میں، جاگنے پر
numbness	0	NUMBNESS	=گردے — سن ہونا
numbness, region of	1	NUMBNESS, region of	=گردے — سن ہونا، گردوں کے علاقے میں
pain	0	PAIN	=گردے — درد
pain, aching	1	PAIN, aching	=گردے — درد، مسلسل درد
pain, aching, evening	2	PAIN, aching, evening	=گردے — درد، مسلسل درد، شام
pain, aching, night	2	PAIN, aching, night	=گردے — درد، مسلسل درد، رات
pain, aching, region of	2	PAIN, aching, region of	=گردے — درد، مسلسل درد، گردوں کے علاقے میں
pain, aching, region of, 10 p.m.	3	PAIN, aching, region of, 10 p.m.	=گردے — درد، مسلسل درد، گردوں کے علاقے میں، رات 10 بجے
pain, aching, region of, afternoon	3	PAIN, aching, region of, afternoon	=گردے — درد، مسلسل درد، گردوں کے علاقے میں، سہ پہر
pain, aching, region of, evening	3	PAIN, aching, region of, evening	=گردے — درد، مسلسل درد، گردوں کے علاقے میں، شام
pain, aching, region of, urination, before	3	PAIN, aching, region of, urination, before	=گردے — درد، مسلسل درد، گردوں کے علاقے میں، پیشاب سے پہلے
pain, aching, region of, waking, on	3	PAIN, aching, region of, waking, on	=گردے — درد، مسلسل درد، گردوں کے علاقے میں، جاگنے پر
pain, aching, riding, while	2	PAIN, aching, riding, while	=گردے — درد، مسلسل درد، سواری کرتے ہوئے
pain, aching, urination	2	PAIN, aching, urination	=گردے — درد، مسلسل درد، پیشاب
pain, aching, urination, amel.	3	PAIN, aching, urination, amel.	=گردے — درد، مسلسل درد، پیشاب سے آرام
pain, aching, urination, during agg.	3	PAIN, aching, urination, during agg.	=گردے — درد، مسلسل درد، پیشاب کے دوران بگاڑ
pain, afternoon	1	PAIN, afternoon	=گردے — درد، سہ پہر
pain, afternoon, 4 p.m. to 8 p.m.	2	PAIN, afternoon, 4 p.m. to 8 p.m.	=گردے — درد، سہ پہر 4 سے 8 بجے
pain, afternoon, 4 p.m. to 9 p.m.	2	PAIN, afternoon, 4 p.m. to 9 p.m.	=گردے — درد، سہ پہر 4 سے 9 بجے
pain, alternating with vertigo	1	PAIN, alternating with vertigo	=گردے — درد، چکر کے ساتھ باری باری
pain, apyrexia, during	1	PAIN, apyrexia, during	=گردے — درد، بخار کے اُترنے کے دوران
pain, bending body, on	1	PAIN, bending body, on	=گردے — درد، جسم جھکانے پر
pain, blowing nose	1	PAIN, blowing nose	=گردے — درد، ناک صاف کرنے سے
pain, breathing deeply, when	1	PAIN, breathing deeply, when	=گردے — درد، گہری سانس لیتے وقت
pain, burning	1	PAIN, burning	=گردے — درد، جلتا ہوا
pain, burning, along ureters	2	PAIN, burning, along ureters	=گردے — درد، جلتا ہوا، حالب کے ساتھ ساتھ
pain, burning, along ureters, to bladder	3	PAIN, burning, along ureters, to bladder	=گردے — درد، جلتا ہوا، حالب کے ساتھ ساتھ، مثانے تک
pain, burning, extending through left ilium to pubis, in women	2	PAIN, burning, extending through left ilium to pubis, in women	=گردے — درد، جلتا ہوا، بائیں کولھے کی ہڈی سے ناف کے نیچے کی ہڈی تک پھیلتا ہوا، عورتوں میں
pain, burning, left	2	PAIN, burning, left	=گردے — درد، جلتا ہوا، بائیں طرف
pain, burning, lying, while	2	PAIN, burning, lying, while	=گردے — درد، جلتا ہوا، لیٹے ہوئے
pain, burning, oppressed breathing and faintness, with	2	PAIN, burning, oppressed breathing and faintness, with	=گردے — درد، جلتا ہوا، سانس کی تنگی اور غشی کے ساتھ
pain, burning, region of	2	PAIN, burning, region of	=گردے — درد، جلتا ہوا، گردوں کے علاقے میں
pain, burning, ureters	2	PAIN, burning, ureters	=گردے — درد، جلتا ہوا، حالب میں
pain, burning, urination	2	PAIN, burning, urination	=گردے — درد، جلتا ہوا، پیشاب
pain, burning, urination, before	3	PAIN, burning, urination, before	=گردے — درد، جلتا ہوا، پیشاب سے پہلے
pain, burning, urination, during	3	PAIN, burning, urination, during	=گردے — درد، جلتا ہوا، پیشاب کے دوران
pain, chill, during	1	PAIN, chill, during	=گردے — درد، سردی لگنے کے دوران
pain, constricting	1	PAIN, constricting	=گردے — درد، جکڑنے والا
pain, constricting, down ureters to penis, pressure on glans amel., at times pain goes upward	2	PAIN, constricting, down ureters to penis, pressure on glans amel., at times pain goes upward	=گردے — درد، جکڑنے والا، حالب سے نیچے عضو تناسل تک، اُس کے سرے پر دباؤ سے آرام، کبھی درد اوپر کی طرف جاتا ہے
pain, constricting, extending to bladder	2	PAIN, constricting, extending to bladder	=گردے — درد، جکڑنے والا، مثانے تک پھیلتا ہوا
pain, contracting	1	PAIN, contracting	=گردے — درد، سکڑنے والا
pain, contracting, down ureters to penis	2	PAIN, contracting, down ureters to penis	=گردے — درد، سکڑنے والا، حالب سے نیچے عضو تناسل تک
pain, coughing	1	PAIN, coughing	=گردے — درد، کھانسنے سے
pain, cramping	1	PAIN, cramping	=گردے — درد، اینٹھن والا، مروڑتے ہوئے
pain, cramping, 4 p.m. to 9 p.m.	2	PAIN, cramping, 4 p.m. to 9 p.m.	=گردے — درد، اینٹھن والا، مروڑتے ہوئے، سہ پہر 4 سے 9 بجے
pain, cutting	1	PAIN, cutting	=گردے — درد، کاٹتا ہوا
pain, cutting, paroxysmal, and burning in both	2	PAIN, cutting, paroxysmal, and burning in both	=گردے — درد، کاٹتا ہوا، دوروں کی شکل میں، اور دونوں میں جلن
pain, cutting, region of	2	PAIN, cutting, region of	=گردے — درد، کاٹتا ہوا، گردوں کے علاقے میں
pain, cutting, region of, heat amel., cold agg.	3	PAIN, cutting, region of, heat amel., cold agg.	=گردے — درد، کاٹتا ہوا، گردوں کے علاقے میں، گرمی سے آرام، سردی سے بگاڑ
pain, cutting, region of, lancinations, friction and pressure amel.	3	PAIN, cutting, region of, lancinations, friction and pressure amel.	=گردے — درد، کاٹتا ہوا، گردوں کے علاقے میں، نشتر جیسے وار، رگڑنے اور دبانے سے آرام
pain, cutting, ureters	2	PAIN, cutting, ureters	=گردے — درد، کاٹتا ہوا، حالب میں
pain, cutting, ureters, alternating with pain in glans	3	PAIN, cutting, ureters, alternating with pain in glans	=گردے — درد، کاٹتا ہوا، حالب میں، عضو تناسل کے سرے کے درد کے ساتھ باری باری
pain, cutting, ureters, urination, after	3	PAIN, cutting, ureters, urination, after	=گردے — درد، کاٹتا ہوا، حالب میں، پیشاب کے بعد
pain, cutting, ureters, vomiting, with	3	PAIN, cutting, ureters, vomiting, with	=گردے — درد، کاٹتا ہوا، حالب میں، قے کے ساتھ
pain, cutting, urination, before	2	PAIN, cutting, urination, before	=گردے — درد، کاٹتا ہوا، پیشاب سے پہلے
pain, dancing, while	1	PAIN, dancing, while	=گردے — درد، ناچتے ہوئے
pain, desire be delayed, if	1	PAIN, desire be delayed, if	=گردے — درد، پیشاب کی خواہش روکی جائے تو
pain, digging	1	PAIN, digging	=گردے — درد، کھودتا ہوا
pain, digging, region of, pressure agg.	2	PAIN, digging, region of, pressure agg.	=گردے — درد، کھودتا ہوا، گردوں کے علاقے میں، دباؤ سے بگاڑ
pain, dragging, ureters, like labor pain, with urging to urinate	1	PAIN, dragging, ureters, like labor pain, with urging to urinate	=گردے — درد، نیچے کو کھینچنے والا، حالب میں، زچگی کے درد جیسا، پیشاب کی خواہش کے ساتھ
pain, drawing	1	PAIN, drawing	=گردے — درد، کھینچتا ہوا
pain, drawing, extending right to hip	2	PAIN, drawing, extending right to hip	=گردے — درد، کھینچتا ہوا، دائیں سے کولھے تک پھیلتا ہوا
pain, drawing, left	2	PAIN, drawing, left	=گردے — درد، کھینچتا ہوا، بائیں طرف
pain, drawing, region of	2	PAIN, drawing, region of	=گردے — درد، کھینچتا ہوا، گردوں کے علاقے میں
pain, drawing, region of, evening, sitting, while	3	PAIN, drawing, region of, evening, sitting, while	=گردے — درد، کھینچتا ہوا، گردوں کے علاقے میں، شام، بیٹھے ہوئے
pain, drawing, region of, extending into inguinal region	3	PAIN, drawing, region of, extending into inguinal region	=گردے — درد، کھینچتا ہوا، گردوں کے علاقے میں، کچھوں کے علاقے میں پھیلتا ہوا
pain, drawing, region of, right hip	3	PAIN, drawing, region of, right hip	=گردے — درد، کھینچتا ہوا، گردوں کے علاقے میں، دائیں کولھے تک
pain, drawing, right, 5 a.m.	2	PAIN, drawing, right, 5 a.m.	=گردے — درد، کھینچتا ہوا، دائیں طرف، صبح 5 بجے
pain, drawing, stooping, when	2	PAIN, drawing, stooping, when	=گردے — درد، کھینچتا ہوا، جھکتے وقت
pain, drawing, tensive, riding, while	2	PAIN, drawing, tensive, riding, while	=گردے — درد، کھینچتا ہوا، تناؤ کے ساتھ، سواری کرتے ہوئے
pain, drawing, ureters	2	PAIN, drawing, ureters	=گردے — درد، کھینچتا ہوا، حالب میں
pain, drawing, ureters, left	3	PAIN, drawing, ureters, left	=گردے — درد، کھینچتا ہوا، بائیں حالب میں
pain, drawing, ureters, right	3	PAIN, drawing, ureters, right	=گردے — درد، کھینچتا ہوا، دائیں حالب میں
pain, evening	1	PAIN, evening	=گردے — درد، شام
pain, extending over abdomen	1	PAIN, extending over abdomen	=گردے — درد، پیٹ پر پھیلتا ہوا
pain, extending	1	PAIN, extending	=گردے — درد، پھیلتا ہوا
pain, extending, abdomen	2	PAIN, extending, abdomen	=گردے — درد، پھیلتا ہوا، پیٹ تک
pain, extending, bladder	2	PAIN, extending, bladder	=گردے — درد، پھیلتا ہوا، مثانے تک
pain, extending, epigastrium	2	PAIN, extending, epigastrium	=گردے — درد، پھیلتا ہوا، معدے کے اوپری حصے تک
pain, extending, hip	2	PAIN, extending, hip	=گردے — درد، پھیلتا ہوا، کولھے تک
pain, extending, right ilium	2	PAIN, extending, right ilium	=گردے — درد، پھیلتا ہوا، دائیں کولھے کی ہڈی تک
pain, extending, right, thigh	2	PAIN, extending, right, thigh	=گردے — درد، پھیلتا ہوا، دائیں ران تک
pain, extending, testes	2	PAIN, extending, testes	=گردے — درد، پھیلتا ہوا، خصیوں تک
pain, extending, uterus	2	PAIN, extending, uterus	=گردے — درد، پھیلتا ہوا، رحم تک
pain, gnawing	1	PAIN, gnawing	=گردے — درد، کترتا ہوا
pain, gnawing, region of	2	PAIN, gnawing, region of	=گردے — درد، کترتا ہوا، گردوں کے علاقے میں
pain, jar, from	1	PAIN, jar, from	=گردے — درد، ہلنے سے
pain, laughing, when	1	PAIN, laughing, when	=گردے — درد، ہنستے وقت
pain, lifting, when	1	PAIN, lifting, when	=گردے — درد، چیز اٹھاتے وقت
pain, lying	1	PAIN, lying	=گردے — درد، لیٹنے سے
pain, lying, on abdomen, amel.	2	PAIN, lying, on abdomen, amel.	=گردے — درد، پیٹ کے بل لیٹنے سے آرام
pain, lying, on back agg.	2	PAIN, lying, on back agg.	=گردے — درد، چت لیٹنے سے بگاڑ
pain, lying, on back, amel.	2	PAIN, lying, on back, amel.	=گردے — درد، چت لیٹنے سے آرام
pain, lying, while	2	PAIN, lying, while	=گردے — درد، لیٹے ہوئے
pain, menses	1	PAIN, menses	=گردے — درد، حیض
pain, menses, at beginning of	2	PAIN, menses, at beginning of	=گردے — درد، حیض کے شروع میں
pain, menses, during	2	PAIN, menses, during	=گردے — درد، حیض کے دوران
pain, morning	1	PAIN, morning	=گردے — درد، صبح
pain, morning, waking, on	2	PAIN, morning, waking, on	=گردے — درد، صبح جاگتے ہی
pain, motion agg.	1	PAIN, motion agg.	=گردے — درد، حرکت سے بگاڑ
pain, motion, amel.	1	PAIN, motion, amel.	=گردے — درد، حرکت سے آرام
pain, night	1	PAIN, night	=گردے — درد، رات
pain, night, undressing, while	2	PAIN, night, undressing, while	=گردے — درد، رات، کپڑے اتارتے ہوئے
pain, paroxysmal	1	PAIN, paroxysmal	=گردے — درد، دوروں کی شکل میں
pain, piercing in both ureters, with urging to urinate	1	PAIN, piercing in both ureters, with urging to urinate	=گردے — درد، دونوں حالب میں آر پار کرتا ہوا، پیشاب کی خواہش کے ساتھ
pain, pressing	1	PAIN, pressing	=گردے — درد، دبانے والا
pain, pressing, morning	2	PAIN, pressing, morning	=گردے — درد، دبانے والا، صبح
pain, pressing, motion amel.	2	PAIN, pressing, motion amel.	=گردے — درد، دبانے والا، حرکت سے آرام
pain, pressing, night	2	PAIN, pressing, night	=گردے — درد، دبانے والا، رات
pain, pressing, region of	2	PAIN, pressing, region of	=گردے — درد، دبانے والا، گردوں کے علاقے میں
pain, pressing, sitting, while	2	PAIN, pressing, sitting, while	=گردے — درد، دبانے والا، بیٹھے ہوئے
pain, pressing, urination, before	2	PAIN, pressing, urination, before	=گردے — درد، دبانے والا، پیشاب سے پہلے
pain, pulsating	1	PAIN, pulsating	=گردے — درد، دھڑکتا ہوا
pain, radiating	1	PAIN, radiating	=گردے — درد، شعاعوں کی طرح پھیلتا ہوا
pain, region of	1	PAIN, region of	=گردے — درد، گردوں کے علاقے میں
pain, region of, bands of clothing, from	2	PAIN, region of, bands of clothing, from	=گردے — درد، گردوں کے علاقے میں، کپڑوں کی پٹیوں سے
pain, region of, digging, when	2	PAIN, region of, digging, when	=گردے — درد، گردوں کے علاقے میں، کھودتے وقت
pain, region of, extending to calves	2	PAIN, region of, extending to calves	=گردے — درد، گردوں کے علاقے میں، پنڈلیوں تک پھیلتا ہوا
pain, region of, extending	2	PAIN, region of, extending	=گردے — درد، گردوں کے علاقے میں، پھیلتا ہوا
pain, region of, extending, chest	3	PAIN, region of, extending, chest	=گردے — درد، گردوں کے علاقے میں، پھیلتا ہوا، سینے تک
pain, region of, extending, downward	3	PAIN, region of, extending, downward	=گردے — درد، گردوں کے علاقے میں، پھیلتا ہوا، نیچے کی طرف
pain, region of, extending, from genitals, anus and thighs	3	PAIN, region of, extending, from genitals, anus and thighs	=گردے — درد، گردوں کے علاقے میں، پھیلتا ہوا، شرمگاہ، مقعد اور رانوں سے
pain, region of, extending, groin	3	PAIN, region of, extending, groin	=گردے — درد، گردوں کے علاقے میں، پھیلتا ہوا، کچھوں تک
pain, region of, extending, groin, anxious nausea, with	4	PAIN, region of, extending, groin, anxious nausea, with	=گردے — درد، گردوں کے علاقے میں، پھیلتا ہوا، کچھوں تک، بے چین متلی کے ساتھ
pain, region of, extending, prostate gland	3	PAIN, region of, extending, prostate gland	=گردے — درد، گردوں کے علاقے میں، پھیلتا ہوا، پروسٹیٹ غدود تک
pain, region of, extending, thighs	3	PAIN, region of, extending, thighs	=گردے — درد، گردوں کے علاقے میں، پھیلتا ہوا، رانوں تک
pain, region of, extending, ureters	3	PAIN, region of, extending, ureters	=گردے — درد، گردوں کے علاقے میں، پھیلتا ہوا، حالب تک
pain, region of, lie only on the back, can	2	PAIN, region of, lie only on the back, can	=گردے — درد، گردوں کے علاقے میں، صرف چت لیٹ ہی سکے
pain, region of, stretching, after	2	PAIN, region of, stretching, after	=گردے — درد، گردوں کے علاقے میں، تانی لینے کے بعد
pain, riding	1	PAIN, riding	=گردے — درد، سواری سے
pain, right	1	PAIN, right	=گردے — درد، دائیں طرف
pain, sitting, while	1	PAIN, sitting, while	=گردے — درد، بیٹھے ہوئے
pain, sneezing agg.	1	PAIN, sneezing agg.	=گردے — درد، چھینکنے سے بگاڑ
pain, sore, bruised	1	PAIN, sore, bruised	=گردے — درد، دکھتا، کچلا ہوا
pain, sore, bruised, afternoon	2	PAIN, sore, bruised, afternoon	=گردے — درد، دکھتا، کچلا ہوا، سہ پہر
pain, sore, bruised, evening	2	PAIN, sore, bruised, evening	=گردے — درد، دکھتا، کچلا ہوا، شام
pain, sore, bruised, exerting the muscles, while	2	PAIN, sore, bruised, exerting the muscles, while	=گردے — درد، دکھتا، کچلا ہوا، پٹھے کھینچتے ہوئے
pain, sore, bruised, jar	2	PAIN, sore, bruised, jar	=گردے — درد، دکھتا، کچلا ہوا، ہلنے سے
pain, sore, bruised, left	2	PAIN, sore, bruised, left	=گردے — درد، دکھتا، کچلا ہوا، بائیں طرف
pain, sore, bruised, region of	2	PAIN, sore, bruised, region of	=گردے — درد، دکھتا، کچلا ہوا، گردوں کے علاقے میں
pain, sore, bruised, region of, extending to thighs	3	PAIN, sore, bruised, region of, extending to thighs	=گردے — درد، دکھتا، کچلا ہوا، گردوں کے علاقے میں، رانوں تک پھیلتا ہوا
pain, sore, bruised, right	2	PAIN, sore, bruised, right	=گردے — درد، دکھتا، کچلا ہوا، دائیں طرف
pain, sore, bruised, sitting, while	2	PAIN, sore, bruised, sitting, while	=گردے — درد، دکھتا، کچلا ہوا، بیٹھے ہوئے
pain, stabbing, region of	1	PAIN, stabbing, region of	=گردے — درد، چھرا گھونپنے جیسا، گردوں کے علاقے میں
pain, standing amel.	1	PAIN, standing amel.	=گردے — درد، کھڑے ہونے سے آرام
pain, stitching	1	PAIN, stitching	=گردے — درد، چبھتا ہوا
pain, stitching, afternoon	2	PAIN, stitching, afternoon	=گردے — درد، چبھتا ہوا، سہ پہر
pain, stitching, cold, becoming	2	PAIN, stitching, cold, becoming	=گردے — درد، چبھتا ہوا، سردی لگنے پر
pain, stitching, eating, after	2	PAIN, stitching, eating, after	=گردے — درد، چبھتا ہوا، کھانے کے بعد
pain, stitching, evening	2	PAIN, stitching, evening	=گردے — درد، چبھتا ہوا، شام
pain, stitching, evening, bed, in	3	PAIN, stitching, evening, bed, in	=گردے — درد، چبھتا ہوا، شام، بستر میں
pain, stitching, extending to bladder	2	PAIN, stitching, extending to bladder	=گردے — درد، چبھتا ہوا، مثانے تک پھیلتا ہوا
pain, stitching, extending	2	PAIN, stitching, extending	=گردے — درد، چبھتا ہوا، پھیلتا ہوا
pain, stitching, extending, down ureters	3	PAIN, stitching, extending, down ureters	=گردے — درد، چبھتا ہوا، پھیلتا ہوا، حالب سے نیچے
pain, stitching, extending, knee	3	PAIN, stitching, extending, knee	=گردے — درد، چبھتا ہوا، پھیلتا ہوا، گھٹنے تک
pain, stitching, extending, urethra	3	PAIN, stitching, extending, urethra	=گردے — درد، چبھتا ہوا، پھیلتا ہوا، پیشاب کی نالی تک
pain, stitching, extending, uterus	3	PAIN, stitching, extending, uterus	=گردے — درد، چبھتا ہوا، پھیلتا ہوا، رحم تک
pain, stitching, inspiration, on deep	2	PAIN, stitching, inspiration, on deep	=گردے — درد، چبھتا ہوا، گہری سانس اندر لینے پر
pain, stitching, lying on face amel.	2	PAIN, stitching, lying on face amel.	=گردے — درد، چبھتا ہوا، منہ کے بل لیٹنے سے آرام
pain, stitching, morning	2	PAIN, stitching, morning	=گردے — درد، چبھتا ہوا، صبح
pain, stitching, morning, 4 a.m.	3	PAIN, stitching, morning, 4 a.m.	=گردے — درد، چبھتا ہوا، صبح 4 بجے
pain, stitching, motion	2	PAIN, stitching, motion	=گردے — درد، چبھتا ہوا، حرکت
pain, stitching, motion, of arms, on	3	PAIN, stitching, motion, of arms, on	=گردے — درد، چبھتا ہوا، بازو ہلانے پر
pain, stitching, night	2	PAIN, stitching, night	=گردے — درد، چبھتا ہوا، رات
pain, stitching, pulsating	2	PAIN, stitching, pulsating	=گردے — درد، چبھتا ہوا، دھڑکن کے ساتھ
pain, stitching, radiating	2	PAIN, stitching, radiating	=گردے — درد، چبھتا ہوا، شعاعوں کی طرح پھیلتا ہوا
pain, stitching, sitting, while	2	PAIN, stitching, sitting, while	=گردے — درد، چبھتا ہوا، بیٹھے ہوئے
pain, stitching, sneezing	2	PAIN, stitching, sneezing	=گردے — درد، چبھتا ہوا، چھینکنے سے
pain, stitching, standing	2	PAIN, stitching, standing	=گردے — درد، چبھتا ہوا، کھڑے ہونے سے
pain, stitching, standing, amel.	3	PAIN, stitching, standing, amel.	=گردے — درد، چبھتا ہوا، کھڑے ہونے سے آرام
pain, stitching, standing, while agg.	3	PAIN, stitching, standing, while agg.	=گردے — درد، چبھتا ہوا، کھڑے ہونے پر بگاڑ
pain, stitching, stinging, sticking	2	PAIN, stitching, stinging, sticking	=گردے — درد، چبھتا ہوا، ڈنک جیسا، گڑتا ہوا
pain, stitching, urinating, after	2	PAIN, stitching, urinating, after	=گردے — درد، چبھتا ہوا، پیشاب کے بعد
pain, stitching, warm bed amel.	2	PAIN, stitching, warm bed amel.	=گردے — درد، چبھتا ہوا، گرم بستر سے آرام
pain, stooping	1	PAIN, stooping	=گردے — درد، جھکنے سے
pain, stooping, after long	2	PAIN, stooping, after long	=گردے — درد، دیر تک جھکے رہنے کے بعد
pain, stooping, when	2	PAIN, stooping, when	=گردے — درد، جھکتے وقت
pain, straightening out legs agg.	1	PAIN, straightening out legs agg.	=گردے — درد، ٹانگیں سیدھی کرنے سے بگاڑ
pain, swelling of right knee, with	1	PAIN, swelling of right knee, with	=گردے — درد، دائیں گھٹنے کی سوجن کے ساتھ
pain, tearing	1	PAIN, tearing	=گردے — درد، چیرتا ہوا
pain, tearing, agonizing as from passing calculus, in back and hips	2	PAIN, tearing, agonizing as from passing calculus, in back and hips	=گردے — درد، چیرتا ہوا، پیٹھ اور کولھوں میں پتھری گزرنے جیسا ناقابل برداشت
pain, tearing, extending to thighs, with stiffness	2	PAIN, tearing, extending to thighs, with stiffness	=گردے — درد، چیرتا ہوا، رانوں تک پھیلتا ہوا، اکڑن کے ساتھ
pain, tearing, extending, downwards	2	PAIN, tearing, extending, downwards	=گردے — درد، چیرتا ہوا، پھیلتا ہوا، نیچے کی طرف
pain, tearing, morning, rising, after	2	PAIN, tearing, morning, rising, after	=گردے — درد، چیرتا ہوا، صبح، اٹھنے کے بعد
pain, tearing, pulsating	2	PAIN, tearing, pulsating	=گردے — درد، چیرتا ہوا، دھڑکن کے ساتھ
pain, tearing, radiating	2	PAIN, tearing, radiating	=گردے — درد، چیرتا ہوا، شعاعوں کی طرح پھیلتا ہوا
pain, tearing, standing amel.	2	PAIN, tearing, standing amel.	=گردے — درد، چیرتا ہوا، کھڑے ہونے سے آرام
pain, tearing, stooping, on	2	PAIN, tearing, stooping, on	=گردے — درد، چیرتا ہوا، جھکنے پر
pain, tearing, ureters, extend downwards, touch, motion and inspiration agg.	2	PAIN, tearing, ureters, extend downwards, touch, motion and inspiration agg.	=گردے — درد، چیرتا ہوا، حالب میں، نیچے کی طرف پھیلتا ہوا، چھونے، حرکت اور سانس اندر لینے سے بگاڑ
pain, tearing, wet weather	2	PAIN, tearing, wet weather	=گردے — درد، چیرتا ہوا، گیلی آب و ہوا میں
pain, ulcerative	1	PAIN, ulcerative	=گردے — درد، ناسور والا
pain, ureters	1	PAIN, ureters	=گردے — درد، حالب میں
pain, ureters, extending to penis and testes	2	PAIN, ureters, extending to penis and testes	=گردے — درد، حالب میں، عضو تناسل اور خصیوں تک پھیلتا ہوا
pain, ureters, extending	2	PAIN, ureters, extending	=گردے — درد، حالب میں، پھیلتا ہوا
pain, ureters, extending, right thigh	3	PAIN, ureters, extending, right thigh	=گردے — درد، حالب میں، پھیلتا ہوا، دائیں ران تک
pain, ureters, extending, thighs and feet	3	PAIN, ureters, extending, thighs and feet	=گردے — درد، حالب میں، پھیلتا ہوا، رانوں اور قدموں تک
pain, ureters, extending, urethra	3	PAIN, ureters, extending, urethra	=گردے — درد، حالب میں، پھیلتا ہوا، پیشاب کی نالی تک
pain, ureters, extending, urethra, and seminal cords	4	PAIN, ureters, extending, urethra, and seminal cords	=گردے — درد، حالب میں، پھیلتا ہوا، پیشاب کی نالی اور منی کی نالیوں تک
pain, ureters, extending, urethra, into	4	PAIN, ureters, extending, urethra, into	=گردے — درد، حالب میں، پھیلتا ہوا، پیشاب کی نالی میں
pain, ureters, left side	2	PAIN, ureters, left side	=گردے — درد، بائیں حالب میں
pain, ureters, radiating from renal region	2	PAIN, ureters, radiating from renal region	=گردے — درد، حالب میں، گردوں کے علاقے سے شعاعوں کی طرح پھیلتا ہوا
pain, ureters, right side	2	PAIN, ureters, right side	=گردے — درد، دائیں حالب میں
pain, ureters, vomiting, with	2	PAIN, ureters, vomiting, with	=گردے — درد، حالب میں، قے کے ساتھ
pain, urging to urinate, during	1	PAIN, urging to urinate, during	=گردے — درد، پیشاب کی خواہش کے دوران
pain, urination	1	PAIN, urination	=گردے — درد، پیشاب
pain, urination, after amel.	2	PAIN, urination, after amel.	=گردے — درد، پیشاب کے بعد آرام
pain, urination, before	2	PAIN, urination, before	=گردے — درد، پیشاب سے پہلے
pain, urination, during	2	PAIN, urination, during	=گردے — درد، پیشاب کے دوران
pain, walking, while	1	PAIN, walking, while	=گردے — درد، چلتے ہوئے
pain, lancinating	1	PAIN, lancinating (See Cutting)	=گردے — درد، نشتر جیسا
pain, shooting	1	PAIN, shooting (See Stitching)	=گردے — درد، دوڑتا ہوا
pulsation	0	PULSATION	=گردے — دھڑکن
pulsation, extending into abdomen	1	PULSATION, extending into abdomen	=گردے — دھڑکن، پیٹ میں پھیلتی ہوئی
pulsation, restless sensation	1	PULSATION, restless sensation	=گردے — دھڑکن، بے چینی کا احساس
suppression of urine	0	SUPPRESSION of urine	=گردے — پیشاب کا رک جانا (بندش)
suppression of urine, cholera, in	1	SUPPRESSION of urine, cholera, in	=گردے — پیشاب کا رک جانا، ہیضے میں
suppression of urine, concussion of spinal column, from	1	SUPPRESSION of urine, concussion of spinal column, from	=گردے — پیشاب کا رک جانا، ریڑھ کی ہڈی کو چوٹ لگنے سے
suppression of urine, convulsion, with	1	SUPPRESSION of urine, convulsion, with	=گردے — پیشاب کا رک جانا، تشنج کے ساتھ
suppression of urine, fever, with	1	SUPPRESSION of urine, fever, with	=گردے — پیشاب کا رک جانا، بخار کے ساتھ
suppression of urine, menses, during	1	SUPPRESSION of urine, menses, during	=گردے — پیشاب کا رک جانا، حیض کے دوران
suppression of urine, perspiration, with	1	SUPPRESSION of urine, perspiration, with	=گردے — پیشاب کا رک جانا، پسینے کے ساتھ
suppression of urine, stupor, with	1	SUPPRESSION of urine, stupor, with	=گردے — پیشاب کا رک جانا، بیہوشی (سپور) کے ساتھ
suppression of urine, suppressed gonorrhoea, from	1	SUPPRESSION of urine, suppressed gonorrhoea, from	=گردے — پیشاب کا رک جانا، سوزاک دب جانے سے
suppression of urine, violent	1	SUPPRESSION of urine, violent	=گردے — پیشاب کا رک جانا، شدید
suppuration	0	SUPPURATION (See Inflammation)	=گردے — پیپ پڑنا
swelling	0	SWELLING	=گردے — سوجن
twitching	0	TWITCHING	=گردے — پھڑکن
twitching, region of	1	TWITCHING, region of	=گردے — پھڑکن، گردوں کے علاقے میں
weariness	0	WEARINESS	=گردے — تھکن
weariness, region of	1	WEARINESS, region of	=گردے — تھکن، گردوں کے علاقے میں
